IDname,IDnameAccUsage,IDtaxon,statut,taxonRank,genus_name,specificEpithet_name,infraspecificEpithet_name,nameAccordingTo,scientificNameAuthorshipSpecific,scientificNameAuthorshipInfraspecific,selection
515,515,447,accepté,species,Ephemerum,crassinervium,,,(Schwägr.) Hampe,,
2021,2021,1022,accepté,variety,Ephemerum,crassinervium,crassinervium,,(Schwägr.) Hampe,,
516,516,448,complexe,complexe,Ephemerum,serratum,,sensu lato auct Faubert,(Schreb. ex Hedw.) Hampe,,oui
2022,2022,1006,accepté,species,Ephemerum,stoloniferum,,sensu stricto L.T.Ellis & M.J.Price 2015,(Dicks. ex Hedw.) L.T.Ellis & M.J.Price,,
2023,2064,1007,synonyme,variety,Ephemerum,serratum,minutissimum,,(Schreb. ex Hedw.) Hampe,(Lindb.) Grout,
2064,2064,1007,accepté,species,Ephemerum,serratum,,sensu stricto L.T.Ellis & M.J.Price 2015,(Schreb. ex Hedw.) Hampe,,non
2072,2089,504,synonyme,species,Amblystegium,humile,,,(P.Beauv.) Crundw.,,
2073,2089,504,synonyme,species,Amblystegium,kochii,,,Schimp.,,
2074,2089,504,synonyme,species,Amblystegium,trichopodium,,,(Schultz) C.Hartm.,,
580,2089,504,synonyme,variety,Hygroamblystegium,varium,humile,,(Hedw.) Mönk.,"(P. Beauv.) Vanderp., Hedenäs & Goffinet",
2075,2089,504,synonyme,species,Leptodictyum,humile,,,(P.Beauv.) Ochyra,,
2076,2089,504,synonyme,species,Leptodictyum,kochii,,,(Schimp.) Warnst.,,
2077,2089,504,synonyme,form,Leptodictyum,riparium,trichopodium,,,(Schultz) Mönk.,
2078,2089,504,synonyme,species,Leptodictyum,trichopodium,,,(Schultz) Warnst.,,
2089,2089,504,accepté,species,Hygroamblystegium,humile,,,"(P. Beauv.) Vanderp., Hedenäs & Goffinet",,oui
1644,2089,504,synonyme,species,Hygroamblystegium,humile,,,"(P. Beauv.) Vanderp., Goffinet & Hedenäs",,non
1650,581,505,synonyme,species,Amblystegium,varium,,,(Hedw.) Lindb.,,
581,581,505,complexe,complexe,Hygroamblystegium,varium,varium,sensu lato Faubert,(Hedw.) Mönk.,,
2001,2001,898,accepté,species,Hygroamblystegium,noterophilum,,,(Sull. & Lesq.) Warnst.,,
1954,2001,898,synonyme,subspecies,Hygroamblystegium,varium,noterophilum,,,(Sull. & Lesq.) Vanderp. & Hedenäs,
2002,2001,898,synonyme,subspecies,Hygroamblystegium,fluviatile,noterophilum,,(Hedw.) Loeske,(Sull. & Lesq.) Grout,
2079,1646,1001,synonyme,species,Amblystegium,irriguum,,,(Hook. & Wilson) Schimp.,,
2080,1646,1001,synonyme,species,Amblystegium,orthocladon,,,(P.Beauv.) Macoun & Kindb.,,
2081,1646,1001,synonyme,species,Amblystegium,tenax,,,(Hedw.) C.E.O.Jensen,,
2082,1646,1001,synonyme,variety,Amblystegium,varium,orthocladon,,,(P.Beauv.) Husn.,
2008,1646,1001,synonyme,form,Hygroamblystegium,irriguum,marianopolitanum,,(Hook. & Wilson) Loeske,Dupr.,
2004,1646,1001,synonyme,variety,Hygroamblystegium,irriguum,spinifolium,,(Hook. & Wilson) Loeske,Mönk.,
2005,1646,1001,synonyme,species,Hygroamblystegium,irriguum,,,(Hook. & Wilson) Loeske,,
2006,1646,1001,synonyme,subspecies,Hygroamblystegium,tenax,orthocladon,,(Hedw.) Jenn.,(P.Beauv.) Wijk & Margad.,
2007,1646,1001,synonyme,variety,Hygroamblystegium,tenax,tenax,,(Hedw.) Jenn.,,
1646,1646,1001,accepté,species,Hygroamblystegium,tenax,,,(Hedw.) Jenn.,,
2083,1646,1001,synonyme,species,Hypnum,irriguum,,,Hook. & Wilson,,
2071,1647,1002,synonyme,species,Amblystegium,fluviatile,,,(Hedw.) Schimp.,,
2009,1647,1002,synonyme,variety,Hygroamblystegium,fluviatile,ovatum,,,Grout,
1647,1647,1002,accepté,species,Hygroamblystegium,fluviatile,,,(Hedw.) Loeske,,
2084,2010,1003,synonyme,species,Amblystegium,curvipes,,,Schimp.,,
2085,2010,1003,synonyme,species,Amblystegium,oligorrhizon,,,Schimp.,,
2086,2010,1003,synonyme,variety,Amblystegium,varium,oligorrhizon,,,(Schimp.) Lindb.,
2010,2010,1003,accepté,species,Hygroamblystegium,varium,,sensu stricto Hodgetts et al. (2020),(Hedw.) Mönk.,,
2088,2010,1003,synonyme,variety,Leptodictyum,kochii,curvipes,,,(Schimp.) Warnst.,
611,611,531,complexe,complexe,Hypnum,pallescens,,sensu lato,(Hedw.) P.Beauv.,,
2035,2038,1010,synonyme,variety,Hypnum,pallescens,pallescens,,(Hedw.) P.Beauv.,,
2037,2038,1010,synonyme,variety,Hypnum,pallescens,reptile,,(Hedw.) P.Beauv.,(Michx.) Husn.,
1662,2038,1010,synonyme,species,Hypnum,reptile,,,Michx.,,
2038,2038,1010,accepté,species,Jochenia,pallescens,,,"(Hedw.) Hedenäs, Schlesak & D.Quandt",,
1661,2039,1011,synonyme,variety,Hypnum,pallescens,protuberans,,(Hedw.) P.Beauv.,(Brid.) Austin,
2039,2039,1011,accepté,species,Jochenia,protuberans,,,(Brid.) Jan Ku?era & Ignatov,,
1875,1875,131,accepté,species,Barbilophozia,sudetica,,,"(Nees ex Huebener) L. Söderstr., De Roo & Hedd.",,
1877,1875,131,synonyme,species,Lophozia,debiliformis,,,R.M.Schust. & Damsh.,,
156,1875,131,synonyme,species,Lophozia,sudetica,,,(Nees ex Huebener) Grolle,,
1876,1875,131,synonyme,species,Pseudolophozia,sudetica,,,(Nees ex Huebener) Konstant. & Vilnet,,
1147,1875,131,synonyme,species,Lophozia,alpestris,,,"auct. pl., non (Schleich. ex F. Weber) A.Evans",,non
146,146,125,accepté,species,Lophozia,guttulata,,,(Lindb.) A.Evans,,oui
1142,146,125,synonyme,species,Lophozia,porphyroleuca,,sensu Schuster (1969),non (Nees) Schiffn.,,oui
2096,146,125,synonyme,species,Lophozia,guttulata,,,(Lindb. & Arnell) A.Evans,,non
147,147,132,accepté,species,Lophozia,longiflora,,sensu stricto,(Nees) Schiffn.,,
157,147,132,synonyme,variety,Lophozia,ventricosa,longiflora,,(Dicks.) Dumort.,(Nees) Macoun,
1924,147,132,synonyme,variety,Lophozia,ventricosa,uliginosa,auct. (sensu Damsholt),(Dicks.) Dumort.,Breidl. ex Schiffn,oui
5892,159,134,synonyme,variety,Lophozia,ventricosa,uliginosa,sensu stricto Balkalin 2016 et Hodgetts 2020,(Dicks.) Dumort.,Breidl. ex Schiffn,non
2051,2051,133,accepté,species,Lophozia,ventricosa,,sensu stricto Balkalin 2020,(Dicks.) Dumort.,,non
158,2051,133,synonyme,variety,Lophozia,ventricosa,ventricosa,,(Dicks.) Dumort.,,
1148,2050,1014,synonyme,species,Jungermannia,ventricosa,,,Dicks.,,
2050,2050,1014,complexe,complexe,Lophozia,ventricosa,,sensu lato Faubert 2012,(Dicks.) Dumort.,,oui
1696,642,556,synonyme,species,Meesia,trichodes,,,Spruce,,
1694,642,556,synonyme,species,Meesia,alpina,,,Funck ex Bruch,,
1697,642,556,synonyme,species,Meesia,angustifolia,,,Brid.,,
1695,642,556,synonyme,species,Meesia,stricta,,,Brid.,,
2097,2097,556,complexe,complexe,Meesia,uliginosa,,sensu lato Faubert,Hedw.,,oui
2020,1693,1005,synonyme,variety,Meesia,trichodes,angustifolia,,Spruce,(Brid.) I.Hagen,
1693,1693,1005,accepté,species,Meesia,minor,,sensu stricto Hedenäs 2020,Brid.,,
2065,2065,1026,accepté,species,Meesia,minutissima,,,Hedenäs,,
642,642,1027,accepté,species,Meesia,uliginosa,,sensu stricto Hedenäs (2020),Hedw.,,non
1988,1988,193,complexe,complexe,Scapania,brevicaulis,,"sensu lato Faubert (2012), non Taylor",Taylor,,oui
222,222,1017,accepté,species,Scapania,brevicaulis,,sensu stricto,Taylor,,non
223,1987,1018,synonyme,variety,Scapania,brevicaulis,dubia,,Taylor,(R.M.Schust.) Damsh.,
1987,1987,1018,accepté,variety,Scapania,degenii,dubia,,Schiffn. ex Müll. Frib.,R.M. Schust.,
3091,3091,1053,accepté,variety,Scapania,degenii,degenii,,Schiffn. ex Müll. Frib.,,
1173,1173,911,accepté,species,Scapania,degenii,,,Schiffn. ex Müll.Frib.,,oui
2067,1173,911,synonyme,species,Scapania,degenii,,,K.Müll.,,non
1177,1177,213,accepté,species,Scapania,parvifolia,,,Warnst.,,
243,243,213,accepté,species,Scapania,scandica,,,(Arnell & H.Buch) Macvicar,,
2044,1177,213,synonyme,form,Scapania,scandica,parviflora,,(Arnell & H. Buch) Macvicar,(Warnst.) Schljakov,
2055,2055,776,complexe,complexe,Sphagnum,magellanicum,,sensu lato,Brid.,,oui
2057,2055,776,synonyme,variety,Sphagnum,magellanicum,molle,,Brid.,(Schlieph.) Wijk & Margad.,
2058,2055,776,synonyme,variety,Sphagnum,magellanicum,obscurum,,Brid.,(Warnst.) C.E.O.Jensen,
2059,2055,776,synonyme,variety,Sphagnum,magellanicum,versicolor,,Brid.,(Warnst.) Wijk & Margad.,
2061,2060,776,synonyme,variety,Sphagnum,medium,purpurascens,,Brid.,(Russow) Warnst.,
2062,2060,776,synonyme,variety,Sphagnum,medium,roseum,,Brid.,(Röll) Warnst.,
2056,2056,904,accepté,species,Sphagnum,divinum,,,Flatberg & K.Hassel,,
2060,2060,905,accepté,species,Sphagnum,medium,,,Limpr.,,
913,913,776,accepté,species,Sphagnum,magellanicum,,sensu stricto,Brid.,,non
2068,2068,1020,accepté,species,Sphagnum,diabolicum,,,"A.J. Shaw, Aguero & Nieto?Lugilde",,
2031,2030,863,synonyme,species,Ulota,camptopoda,,,Kindb.,,
1012,1012,863,complexe,complexe,Ulota,crispa,,sensu lato Faubert,(Hedw.) Brid.,,oui
2030,2030,863,accepté,species,Ulota,crispa,,sensu stricto,(Hedw.) Brid.,,non
1901,1901,892,accepté,species,Ulota,intermedia,,,Schimp.,,
1902,1902,893,accepté,species,Ulota,crispula,,,Bruch,,
2028,2028,863,accepté,species,Ulota,bruchii,,,Hornsch.,,
2042,2042,,synonyme,species,Orthothecium,rufescens,,,(Dicks. ex Brid.) Schimp.,,
2099,2099,,accepté,species,Ulota,fuegiana,,,Mitt.,,
152,1912,128,synonyme,species,Lophozia,polaris,,,(R.M.Schust.) R.M.Schust. & Damsh.,,
1144,1912,128,synonyme,subspecies,Lophozia,alpestris,polaris,,,,
1912,1912,128,accepté,species,Lophoziopsis,polaris,,,(R.M.Schust.) Konstant. & Vilnet,,
155,155,130,accepté,species,Lophozia,silvicola,,,H. Buch,,
1146,155,130,synonyme,variety,Lophozia,ventricosa,silvicola,,,(H.Buch) E.W.Jones,
2011,423,365,à déterminer,species,Amblystegium,filicinum,,,(Hedw.) De Not.,,
2012,423,365,à déterminer,variety,Amblystegium,irriguum,spinifolium,,,Schimp.,
2013,423,365,à déterminer,variety,Amblystegium,tenax,spinifolium,,,(Schimp.) H.A.Crum & L.E.Anderson,
1584,423,365,synonyme,variety,Cratoneuron,filicinum,aciculinum,,,(Müll.Hal. & Kindb.) Grout,
2015,423,365,à déterminer,variety,Cratoneuron,filicinum,fallax,,,(Brid.) G.Roth,
423,423,365,accepté,species,Cratoneuron,filicinum,,,(Hedw.) Spruce,,
2016,423,365,synonyme,species,Hygroamblystegium,filicinum,,,(Hedw.) Loeske,,
2017,423,365,synonyme,variety,Hygroamblystegium,tenax,spinifolium,,,(Schimp.) Jenn.,
2018,423,365,synonyme,species,Hypnum,filicinum,,,Hedw.,,
514,514,446,accepté,species,Ephemerum,cohaerens,,,(Hedw.) Hampe,,
517,517,449,accepté,species,Ephemerum,spinulosum,,,Bruch & Schimp.,,
1688,640,544,synonyme,variety,Meesia,longiseta,hexasticha,,,,
640,640,554,accepté,species,Meesia,hexasticha,,,(Funck) Bruch,,
1690,640,554,synonyme,species,Meesia,albertinii,,,B.S.G.,,
1689,640,554,synonyme,species,Meesia,hexagona,,,Albertini in Funck,,
1691,641,555,synonyme,species,Meesia,trifaria,,,"H.A.Crum, Steere & L.E.Anderson",,
641,641,555,accepté,species,Meesia,triquetra,,,(L. ex Jolycl.) Ångstr.,,oui
2019,641,555,synonyme,species,Meesia,triquetra,,,(Richter) Aangstr.,,non
1704,656,569,synonyme,species,Neckera,oligocarpa,,,Bruch,,
2033,656,569,synonyme,variety,Neckera,pennata,oligocarpa,,,(Bruch) Müll.Hal.,
2034,656,569,synonyme,variety,Neckera,pennata,tenera,,,Müll.Hal.,
656,656,569,accepté,species,Neckera,pennata,,sensu Buck & Goffinet (2024),Hedw.,,
663,663,576,accepté,species,Orthothecium,intricatum,,,(Hartm.) Schimp.,,
664,664,577,accepté,species,Orthothecium,strictum,,,Lorentz,,
2043,665,578,synonyme,species,Orthotrichum,alpestre,,,Hornsch. ex B.S.G.,,non
665,665,578,accepté,species,Orthotrichum,alpestre,,,Hornsch. ex Bruch & Schimp.,,oui
1712,681,592,synonyme,variety,Cratoneuron,commutatum,falcatum,,,(Brid.) Mönk.,
682,681,592,synonyme,species,Cratoneuron,falcatum,,,(Brid.) G.Roth,,
681,681,592,accepté,species,Palustriella,falcata,,,(Brid.) Hedenäs,,
1714,681,592,synonyme,species,Hypnum,falcatum,,,Brid,,
1713,681,592,synonyme,variety,Palustriella,commutata,falcata,,(Hedw.) Ochyra,(Brid.) Ochyra,
979,979,837,accepté,species,Timmia,austriaca,,,Hedw.,,
1448,979,837,synonyme,species,Timmia,arctica,,,Kindb.,,
1445,979,837,synonyme,variety,Timmia,austriaca,arctica,,Hedw.,,
1446,979,837,synonyme,variety,Timmia,austriaca,brevifolia,,Hedw.,,
1447,979,837,synonyme,variety,Timmia,austriaca,papillosa,,Hedw.,,
985,985,842,accepté,species,Timmia,sibirica,,,Lindb. & Arnell,,
1454,985,842,synonyme,variety,Timmia,norvegica,crassiretis,,,,
2029,1011,862,synonyme,species,Orthotrichum,ludwigii,,,Brid.,,
1011,1011,862,accepté,species,Ulota,coarctata,,,(P. Beauv.) Hammar,,
1836,1011,862,synonyme,species,Ulota,ludwigii,,,(Brid.) Brid.,,
2025,2025,864,accepté,species,Ulota,curvifolia,,,(Wahlenb.) Sw.,,oui
1013,2025,864,synonyme,species,Ulota,curvifolia,,,(Wahlenb.) Lilj.,,non
1014,1014,865,accepté,species,Ulota,drummondii,,,(Hook. & Grev.) Brid.,,
1015,1015,866,accepté,species,Ulota,hutchinsiae,,,(Sm.) Hammar,,
2024,2024,867,accepté,species,Plenogemma,phyllantha,,,"(Brid.) Sawicki, Plášek & Ochyra",,
1016,2024,867,synonyme,species,Ulota,phyllantha,,,Brid.,,
1033,1033,878,accepté,species,Meesia,longiseta,,,Hedw.,,
1845,1033,878,synonyme,variety,Meesia,longiseta,macounii,,Hedw.,Grout,
1846,1033,878,synonyme,species,Meesia,macounii,,,Kindb.,,
2026,2026,1008,accepté,variety,Ulota,hutchinsiae,hutchinsiae,,(Sm.) Hammar,,
3000,3000,,accepté,variety,Ulota,hutchinsiae,rufescens,,(Sm.) Hammar,(E. Britton) Dixon,
2014,2014,365,synonyme,variety,Cratoneuron,filicinum,atrovirens,,,(Brid.) Ochyra,
2032,2032,,synonyme,species,Neckera,complanata,,,(Hedw.) Huebener,,
1692,1033,555,synonyme,species,Meesia,tristicha,,,Bruch,,
2048,2047,,synonyme,species,Lophozia,heteromorpha,,,R.M.Schust. & Damsh.,,
2047,2047,0,accepté,species,Lophozia,murmanica,,,Kaal.,,
2045,2045,0,accepté,variety,Lophozia,wenzelii,lapponica,,(Nees) Steph.,H. Buch & S.W. Arnell,
1376,903,766,synonyme,species,Sphagnum,apiculatum,,,H.Lindb.,,
903,903,766,accepté,species,Sphagnum,fallax,,,(H. Klinggr.) H. Klinggr.,,
1374,903,766,synonyme,variety,Sphagnum,recurvum,mucronatum,,,(Russow) Warnst.,
1372,903,766,synonyme,variety,Sphagnum,recurvum,brevifolium,,,(Lindb. ex Braithw.) Warnst.,
1850,903,766,synonyme,species,Sphagnum,isoviitae,,,Flatberg,,
1370,903,766,synonyme,variety,Sphagnum,cuspidatum,fallax,,,,
1851,903,766,synonyme,subspecies,Sphagnum,fallax,isoviitae,,,,
1371,903,766,synonyme,variety,Sphagnum,flexuosum,fallax,,,,
1377,903,766,synonyme,species,Sphagnum,mucronatum,,,(Russow) Zickendrath,,
1373,903,766,synonyme,variety,Sphagnum,recurvum,fallax,,,,
1375,903,766,synonyme,subspecies,Sphagnum,recurvum,mucronatum,,,,
1395,2040,1012,synonyme,species,Sphagnum,dusenii,,,Russow & Warnst.,,
915,2040,1012,synonyme,subspecies,Sphagnum,majus,norvegicum,,(Russow) C.E.O. Jensen,Flatberg,
2040,2040,1012,accepté,species,Sphagnum,majus,,,(Russow) C.E.O. Jensen,,
914,2040,1012,synonyme,subspecies,Sphagnum,majus,majus,,(Russow) C.E.O. Jensen,,
1396,2040,1012,synonyme,variety,Sphagnum,cuspidatum,majus,,,,
2041,2041,1013,accepté,species,Orthothecium,chryseon,,,(Schwägr.) Schimp.,,
1899,2041,1013,synonyme,variety,Orthothecium,chryseum,chryseum,,(Schwägr.) Schimp.,(Schwägr.) Schimp.,
1705,2041,1013,synonyme,species,Holmgrenia,chrysea,,,(Schwägr.) Lindb.,,
1936,2041,1013,synonyme,variety,Orthothecium,chryseon,chryseon,,(Schwägr.) Schimp.,,
1937,2041,1013,synonyme,variety,Orthothecium,chryseon,cochleariifolium,,(Schwägr.) Schimp.,(Lindb.) Limpr.,
980,1450,838,synonyme,subspecies,Timmia,megapolitana,bavarica,,Hedw.,(Hessl.) Brassard,
1449,1450,838,synonyme,variety,Timmia,megapolitana,bavarica,,,(Hessl.) Brid.,
1450,1450,838,accepté,species,Timmia,bavarica,,,Hessl.,,
2092,2093,839,synonyme,form,Timmia,megapolitana,cucullata,,Hedw.,(Michx.) Sayre,
982,2093,839,synonyme,subspecies,Timmia,megapolitana,megapolitana,,Hedw.,,
2093,2093,839,accepté,species,Timmia,megapolitana,,sensu stricto,Hedw.,,non
1451,2093,839,synonyme,species,Timmia,cucullata,,,Michaux,,
1453,1453,840,accepté,species,Timmia,comata,,,Lindb. & Arnell,,
983,1453,840,synonyme,variety,Timmia,norvegica,excurrens,,J.E. Zetterst.,Bryhn,
984,3001,841,synonyme,variety,Timmia,norvegica,norvegica,,J.E. Zetterst.,,
3001,3001,841,accepté,species,Timmia,norvegica,,sensu stricto,J.E. Zetterst.,,non
2094,2094,1024,complexe,complexe,Timmia,megapolitana,,sensu lato Faubert,Hedw.,,oui
2095,2095,1025,complexe,complexe,Timmia,norvegica,,sensu lato Faubert,J.E. Zetterst.,,oui
1900,2041,1013,synonyme,variety,Orthothecium,chryseum,cochleariifolium,,(Schwägr.) Schimp.,(Lindb.) Limpr.,
254,254,222,accepté,variety,Schistochilopsis,incisa,incisa,,(Schrad.) Konstant.,,
257,256,223,synonyme,subspecies,Lophozia,incisa,opacifolia,,(Culm.) R.M. Schust. & Damsh.,(Culm.) R.M.Schust. & Damsh.,
2054,256,223,synonyme,variety,Schistochilopsis,incisa,opacifolia,,(Schrad.) Konstant.,(Culm.) Bakalin,non
256,256,223,accepté,variety,Schistochilopsis,incisa,opacifolia,,(Schrad.) Konstant.,(Culm. ex Meyl.) Bakalin,oui
1976,256,223,synonyme,species,Schistochilopsis,opacifolia,,,(Culm. ex Meyl.) Konstant.,,
1975,1975,1015,accepté,species,Schistochilopsis,incisa,,,(Schrad.) Konstant.,,
129,3293,113,synonyme,species,Leiocolea,bantriensis,,,(Hook.) Jørg.,,
2233,1853,882,synonyme,species,Lophozia,alpestris,,,(Schleich. ex F. Weber) A. Evans,,oui
2052,1853,882,synonyme,species,Lophozia,alpestris,,,"(Schleich. ex F. Weber) A. Evans, nom. rej.",,non
1888,1853,882,synonyme,species,Leiocolea,collaris,,,(Nees) Jörg.,,
1853,1853,882,accepté,species,Mesoptychia,collaris,,,(Nees) L. Söderstr. & Vá?a,,
1149,159,134,synonyme,species,Lophozia,confertifolia,,,Schiffn.,,
2046,2070,1021,synonyme,variety,Lophozia,wenzelii,groenlandica,,(Nees) Steph.,(Nees) Bakalin,
159,159,134,accepté,species,Lophozia,wenzelii,,,(Nees) Steph.,,
2070,2070,1021,accepté,variety,Lophozia,wenzelii,wenzelii,,(Nees) Steph.,,
1839,2025,864,synonyme,species,Ulota,americana,,,Mitt.,,
2027,1015,866,synonyme,species,Ulota,americana,,,(P.Beauv.) Limpr.,,
148,147,132,synonyme,species,Lophozia,porphyroleuca,,,(Nees) Schiffn.,,non
1187,1187,230,accepté,species,Saccobasis,polita,,,(Nees) H.Buch,,
265,1187,230,synonyme,subspecies,Tritomaria,polita,polita,,(Nees) Jørg.,,
1918,1918,231,accepté,species,Saccobasis,polymorpha,,,(R.M. Schust.) Schljakov,,
266,1918,231,synonyme,subspecies,Tritomaria,polita,polymorpha,,(Nees) Jørg.,R.M. Schust.,
1903,1902,893,synonyme,variety,Ulota,crispa,crispula,,(Hedw.) Brid.,,
2098,2098,1004,complexe,complexe,Tritomaria,polita,,sensu lato Faubert 2012,(Nees) Jørg.,,
270,270,235,accepté,species,Abietinella,abietina,,,(Hedw.) M. Fleisch.,,
1472,270,235,synonyme,species,Thuidium,abietinum,,,(Hedw.) Schimp.,,
3033,3036,236,synonyme,species,Acaulon,muticum,,,(Hedw.) C.Müll.,,non
3088,3036,236,synonyme,variety,Acaulon,muticum,muticum,,(Hedw.) C.Müll.,,non
3034,3035,0,synonyme,variety,Acaulon,muticum,rufescens,,(Schreb. ex Hedw.) Müll. Hal.,(A. Jaeger) H.A. Crum,
3035,3035,0,accepté,species,Acaulon,rufescens,,,A. Jaeger,,
273,273,237,accepté,species,Aloina,brevirostris,,,(Hook. & Grev.) Kindb.,,
274,274,238,accepté,species,Aloina,rigida,,,(Hedw.) Limpr.,,
275,275,239,accepté,species,Amblyodon,dealbatus,,,(Hedw.) P. Beauv.,,oui
3452,275,239,synonyme,species,Amblyodon,dealbatus,,,(Hedw.) Bruch & Schimp.,,non
1474,276,240,synonyme,species,Amblystegium,juratzkanum,,,Schimp.,,
1473,276,240,synonyme,variety,Amblystegium,serpens,juratzkanum,,,(Schimp.) Rau & Herv.,
5001,276,240,synonyme,variety,Amblystegium,serpens,tenue,,,(Brid.) Schimp.,
276,276,240,accepté,species,Amblystegium,serpens,,,(Hedw.) Schimp.,,oui
3453,276,240,synonyme,species,Amblystegium,serpens,,,"(I.Hagen) Gams, 1957",,non
5002,276,240,synonyme,species,Hypnum,serpens,,,L.,,
278,278,241,accepté,species,Amphidium,lapponicum,,,(Hedw.) Schimp.,,
279,279,242,accepté,species,Amphidium,mougeotii,,,(Bruch & Schimp.) Schimp.,,
280,3454,243,synonyme,species,Anacamptodon,splachnoides,,,(Froel. ex Brid.) Brid.,,non
5003,3454,243,synonyme,species,Anacamptodon,splanchnoides,,,(Fröl. ex Brid.) Brid.,,
7,7,5,accepté,species,Anastrophyllum,assimile,,,(Mitt.) Steph.,,
12,12,8,accepté,species,Anastrophyllum,michauxii,,,(F. Weber) H. Buch,,oui
3422,12,8,synonyme,species,Anastrophyllum,michauxii,,,(F.Web.) A.Evans,,non
5004,12,8,synonyme,species,Jungermannia,michauxii,,,F.Weber,,
5005,12,8,synonyme,species,Sphenolobus,michauxii,,,(F.Weber) Steph.,,
281,281,244,accepté,species,Andreaea,alpestris,,,(Thed.) Schimp.,,
286,3247,248,synonyme,species,Andreaea,obovata,,,Thed.,,
282,282,245,accepté,species,Andreaea,blyttii,,,Schimp.,,
283,283,246,accepté,species,Andreaea,crassinervia,,,Bruch,,
285,285,247,accepté,species,Andreaea,nivalis,,,Hook.,,
287,287,249,accepté,species,Andreaea,rothii,,,F. Weber & D. Mohr,,
5006,,,à déterminer,subspecies,Andreaea,rothii,rothii,,,,
5007,288,250,synonyme,species,Andreaea,petrophila,,,Ehrh. ex Fürnr.,,
288,288,250,accepté,species,Andreaea,rupestris,,,Hedw.,,
1190,288,250,synonyme,variety,Andreaea,rupestris,acuminata,,,(Schimp.) Sharp,
1191,288,250,synonyme,variety,Andreaea,rupestris,papillosa,,,(Lindb.) Podp.,
5008,,,à déterminer,variety,Andreaea,rupestris,rupestris,,,,
16,3248,12,synonyme,species,Aneura,maxima,,,(Schiffn.) Steph.,,
5009,17,13,synonyme,variety,Aneura,pinguis,angustior,,,(Hook.) R.M.Schust.,
17,17,13,accepté,species,Aneura,pinguis,,,(L.) Dumort.,,
1048,17,13,synonyme,species,Riccardia,pinguis,,,(L.) Gray,,
5010,,,à déterminer,species,Anomobryum,concinnatum,,,(Spruce) Lindb.,,
1477,3455,251,synonyme,species,Anomobryum,filiforme,,,(Dicks.) Husn.,,
289,3455,251,synonyme,species,Anomobryum,julaceum,,,"(Schrad. ex G. Gaertn., B. Mey. & Scherb.) Schimp.",,non
1476,3455,251,synonyme,species,Pohlia,filiformis,,,(Dicks.) A.L.Andrews,,
293,293,253,accepté,species,Anomodon,minor,,,(Hedw.) Lindb.,,
5011,293,253,synonyme,species,Anomodon,obtusifolius,,,Bruch & Schimp.,,
296,296,256,accepté,species,Anomodon,viticulosus,,,(Hedw.) Hook. & Taylor,,
5012,295,255,synonyme,species,Anomodon,apiculatus,,,Bruch & Schimp. ex Sull.,,
295,295,255,accepté,species,Anomodon,rugelii,,,(Müll. Hal.) Keissl.,,
18,18,14,accepté,species,Anthelia,julacea,,,(L.) Dumort.,,
19,19,15,accepté,species,Anthelia,juratzkana,,,(Limpr.) Trevis.,,
1,1,1,accepté,species,Anthoceros,agrestis,,,Paton,,
2,2,2,accepté,species,Anthoceros,macounii,,,M. Howe,,
1035,1,1,synonyme,species,Anthoceros,punctatus,,,L.,,
5013,,,à déterminer,species,Antitrichia,curtipendula,,,(Hedw.) Brid.,,
297,297,257,accepté,species,Aongstroemia,longipes,,,(Sommerf.) Bruch & Schimp.,,
299,299,259,accepté,species,Aplodon,wormskioldii,,,(Hornem.) R. Br.,,oui
3456,299,259,synonyme,species,Aplodon,wormskioldii,,,(Hornem.) Kindb.,,non
5014,299,259,synonyme,species,Haplodon,wormskjoldii,,,(Hornem.) I.Hagen,,
5015,299,259,synonyme,species,Splachnum,wormskioldii,,,Hornem.,,
5016,299,259,synonyme,species,Tetraplodon,wormskioldii,,,(Hornem.) Lindb.,,
1949,1949,162,accepté,species,Apopellia,endiviifolia,,,(Dicks.) Nebel & D. Quandt,,
189,1949,1069,synonyme,species,Pellia,endiviifolia,,sensu stricto,(Dicks.) Dumort.,,
2239,2239,1069,complexe,complexe,Apopellia,,,sensu lato,(Grolle) Nebel & D. Quandt,,
5017,1949,162,synonyme,species,Pellia,fabroniana,,,Raddi,,
1950,1950,164,accepté,species,Apopellia,megaspora,,,(R.M. Schust.) Nebel & D. Quandt,,
191,1950,164,synonyme,species,Pellia,megaspora,,,R.M. Schust.,,
5018,,,à déterminer,species,Campylium,adscendens,,,(Lindb.) Perss.,,
612,3249,532,synonyme,species,Hypnum,plicatulum,,,(Lindb.) A. Jaeger,,
300,300,260,accepté,species,Arctoa,anderssonii,,,Wich.,,
1280,618,538,synonyme,species,Arctoa,blyttii,,,(Bruch & Schimp.) Loeske,,
618,618,538,accepté,species,Kiaeria,blyttii,,,(Bruch & Schimp.) Broth.,,
301,301,261,accepté,species,Arctoa,fulvella,,,(Dicks.) Bruch & Schimp.,,
5019,301,261,synonyme,species,Dicranum,fulvellum,,,(Dicks.) Sm.,,
620,3250,540,synonyme,species,Kiaeria,glacialis,,,(Berggr.) I. Hagen,,
302,302,262,accepté,species,Arctoa,hyperborea,,,(Gunnerus ex Dicks.) Bruch & Schimp.,,
5020,1282,541,synonyme,species,Dicranum,starkei,,,F.Weber & D.Mohr,,
621,1282,541,synonyme,species,Kiaeria,starkei,,,(F. Weber & D. Mohr) I. Hagen,,
22,3294,17,synonyme,species,Arnellia,fennica,,,(Gottsche) Lindb.,,
5021,,,à déterminer,species,Fimbraria,elegans,,,Spreng.,,
24,24,19,accepté,species,Asterella,tenella,,,(L.) P. Beauv.,,
3457,3457,263,accepté,species,Atrichum,altecristatum,,,(Renauld & Cardot) Smyth & L.C.R. Smyth,,oui
1194,3457,263,synonyme,variety,Atrichum,undulatum,altecristatum,,,Renauld & Cardot,
304,304,264,accepté,species,Atrichum,angustatum,,,(Brid.) Bruch & Schimp.,,
1195,304,264,synonyme,species,Atrichum,macmillanii,,,(Holz.) Frye,,
5022,304,264,synonyme,species,Catharinea,angustata,,,(Brid.) Brid.,,
305,305,265,accepté,species,Atrichum,crispulum,,,Schimp. ex Besch.,,
306,306,266,accepté,species,Atrichum,crispum,,,(James) Sull.,,
5023,,,à déterminer,species,Atrichum,cylindricum,,,(Willd. ex F.Weber) G.L.Sm.,,
5024,,,à déterminer,variety,Atrichum,undulatum,attenuatum,,,Bruch & Schimp.,
5025,,,à déterminer,species,Atrichum,flavisetum,,,Mitt.,,
5026,,,à déterminer,species,Atrichum,haussknechtii,,,Jur. & Milde,,
2152,2152,265,accepté,species,Atrichum,oerstedianum,,,(Müll.Hal.) Mitt.,,
1198,2152,265,synonyme,species,Atrichum,paraphyllium,,,Wareham,,
5027,2152,265,synonyme,variety,Atrichum,undulatum,oerstedianum,,,(Müll.Hal.) H.A.Crum,
307,307,267,accepté,species,Atrichum,tenellum,,,(Röhl.) Bruch & Schimp.,,
5028,307,267,synonyme,variety,Atrichum,undulatum,minus,,,(Hedw.) Paris,
5029,307,267,synonyme,species,Mnium,orthorhynchum,,,Brid.,,
3201,3201,901,accepté,species,Atrichum,undulatum,,,(Hedw.) P. Beauv.,,
5030,3201,901,synonyme,species,Catharinea,undulata,,,(Hedw.) F.Weber & D.Mohr,,
308,308,268,accepté,species,Aulacomnium,androgynum,,,(Hedw.) Schwägr.,,
5031,,,à déterminer,species,Aulacomnium,heterostichum,,,(Hedw.) Bruch & Schimp.,,
1478,309,269,synonyme,variety,Aulacomnium,palustre,congestum,,,Boulay,
1479,309,269,synonyme,variety,Aulacomnium,palustre,fasciculare,,,(Funck ex Brid.) Bruch & Schimp.,
1480,309,269,synonyme,variety,Aulacomnium,palustre,imbricatum,,,Bruch & Schimp.,
5032,309,269,synonyme,variety,Aulacomnium,palustre,palustre,,,,
5033,309,269,synonyme,form,Aulacomnium,palustre,polycephalum,,,(Brid.) Kabiersch,
1481,309,269,synonyme,variety,Aulacomnium,palustre,polycephalum,,,(Brid.) Huebener,
309,309,269,accepté,species,Aulacomnium,palustre,,,(Hedw.) Schwägr.,,
5034,309,269,synonyme,species,Aulacomnium,papillosum,,,(Müll.Hal.) A.Jaeger,,
5035,309,269,synonyme,species,Hypnum,palustre,,,(Hedw.) F.Weber & D.Mohr,,
310,310,270,accepté,species,Aulacomnium,turgidum,,,(Wahlenb.) Schwägr.,,
27,27,22,accepté,species,Barbilophozia,barbata,,,(Schmidel ex Schreb.) Loeske,,
1057,27,22,synonyme,species,Lophozia,barbata,,,(Schmidel ex Schreb.) Dumort.,,
30,30,25,accepté,species,Barbilophozia,hatcheri,,,(A. Evans) Loeske,,
5036,30,25,synonyme,species,Lophozia,baueriana,,,(Schiffn.) Schiffn.,,
1063,30,25,synonyme,species,Lophozia,hatcheri,,,(A.Evans) Steph.,,
32,32,27,accepté,species,Barbilophozia,lycopodioides,,,(Wallr.) Loeske,,
1066,32,27,synonyme,species,Lophozia,lycopodioides,,,(Wallr.) Cogn.,,
5037,312,272,synonyme,species,Barbula,indigens,,,(Renauld & Cardot) Renauld & Cardot,,
312,312,272,accepté,species,Barbula,unguiculata,,,Hedw.,,
5038,312,272,synonyme,species,Trichostomum,indigens,,,Renauld & Cardot,,
5039,,,à déterminer,species,Bartramia,breviseta,,,Lindb.,,
313,313,273,accepté,species,Bartramia,ithyphylla,,,Brid.,,
3458,314,274,synonyme,species,Bartramia,pomiformis,,,F.Weber & D.Mohr,,non
5040,314,274,synonyme,variety,Bartramia,pomiformis,crispa,,,(Brid.) Bruch & Schimp.,
1483,314,274,synonyme,variety,Bartramia,pomiformis,elongata,,,Turner,
314,314,274,accepté,species,Bartramia,pomiformis,,,Hedw.,,oui
34,34,29,accepté,species,Bazzania,denudata,,,"(Torr. ex Gottsche, Lindenb. & Nees) Trevis.",,
35,35,30,accepté,species,Bazzania,tricrenata,,,(Wahlenb.) Lindb.,,oui
3426,35,30,synonyme,species,Bazzania,tricrenata,,,(Wahlenb.) Trevis.,,non
5041,35,30,synonyme,species,Mastigobryum,triangulare,,,(Schleich. ex Steud.) Steph.,,
36,36,31,accepté,species,Bazzania,trilobata,,,(L.) Gray,,
5042,36,31,synonyme,species,Mastigobryum,trilobatum,,,(L.) Nees,,
1847,1847,879,accepté,species,Biantheridion,undulifolium,,,(Nees) Konstant. & Vilnet,,
37,37,32,accepté,species,Blasia,pusilla,,,L.,,
3202,3202,33,accepté,subspecies,Blepharostoma,trichophyllum,brevirete,,(L.) Dumort.,(Bryhn & Kaal.) R.M. Schust.,
38,3202,33,synonyme,variety,Blepharostoma,trichophyllum,brevirete,,,Bryhn & Kaal.,
3101,3101,1101,accepté,species,Blepharostoma,trichophyllum,,,(L.) Dumort.,,
39,39,34,accepté,subspecies,Blepharostoma,trichophyllum,trichophyllum,,(L.) Dumort.,,
3427,39,34,synonyme,variety,Blepharostoma,trichophyllum,trichophyllum,,(L.) Dumort.,,
315,315,275,accepté,species,Blindia,acuta,,,(Hedw.) Bruch & Schimp.,,
883,3251,746,synonyme,species,Seligeria,campylopoda,,,Kindb.,,
884,3252,747,synonyme,species,Seligeria,diversifolia,,,Lindb.,,
887,3253,750,synonyme,species,Seligeria,recurvata,,,(Hedw.) Bruch & Schimp.,,
1505,1505,294,accepté,species,Brachytheciastrum,velutinum,,,(Hedw.) Ignatov & Huttunen,,
1504,1505,294,synonyme,species,Brachythecium,intricatum,,,(Schreb. ex Hedw.) Kindb.,,
5043,1505,294,synonyme,variety,Brachythecium,velutinum,velutinum,,,,
335,1505,294,synonyme,species,Brachythecium,velutinum,,,(Hedw.) Schimp.,,
5044,1505,294,synonyme,species,Chamberlainia,velutina,,,(Hedw.) H.Rob.,,
316,316,276,accepté,species,Brachythecium,acuminatum,,,(Hedw.) Austin,,
1484,316,276,synonyme,species,Brachythecium,oxycladon,,,(Brid.) A.Jaeger,,
1485,316,276,synonyme,species,Chamberlainia,acuminata,,,(Hedw.) Grout,,
1486,316,276,synonyme,species,Chamberlainia,cyrtophylla,,,(Kindb.) Grout,,
5045,316,276,synonyme,species,Chamberlainia,oxycladon,,,(Brid.) H.Rob.,,
317,317,277,accepté,species,Brachythecium,acutum,,,(Mitt.) Sull.,,
318,318,278,accepté,species,Brachythecium,albicans,,,(Hedw.) Schimp.,,
5046,318,278,synonyme,species,Chamberlainia,albicans,,,(Hedw.) H.Rob.,,
5047,,,à déterminer,species,Brachythecium,asperrimum,,,(Mitt. ex Müll.Hal.) Sull.,,
5048,,,à déterminer,species,Brachythecium,subintricatum,,,Kindb.,,
1488,319,279,synonyme,species,Brachythecium,calcareum,,,Kindb.,,
319,319,279,accepté,species,Brachythecium,campestre,,,(Müll. Hal.) Schimp.,,
2196,319,279,synonyme,species,Chamberlainia,calcarea,,,(Kindb.) H.Rob.,,
2197,319,279,synonyme,species,Chamberlainia,campestris,,,(Müll.Hal.) H.Rob.,,
2198,319,279,synonyme,species,Hypnum,campestre,,,(Müll.Hal.) Mitt.,,
321,321,281,accepté,species,Brachythecium,erythrorrhizon,,,Schimp.,,
5049,321,281,synonyme,species,Chamberlainia,erythrorrhiza,,,(Schimp.) H.Rob.,,
5050,,,à déterminer,variety,Brachythecium,erythrorrhizon,erythrorrhizon,,,,
322,322,282,accepté,species,Brachythecium,falcatum,,,(Grout) H.A. Crum,,
5051,,,à déterminer,species,Brachythecium,frigidum,,,(Müll.Hal.) Besch.,,
5052,,,à déterminer,species,Brachythecium,lamprochryseum,,,Müll.Hal. & Kindb.,,
5053,,,à déterminer,species,Brachythecium,glareosum,,,(Bruch ex Spruce) Schimp.,,
5054,,,à déterminer,species,Brachythecium,harpidioides,,,Müll.Hal. & Kindb.,,
5055,,,à déterminer,species,Brachythecium,hultenii,,,(E.B.Bartram) Min Li & Y.F.Wang,,
5056,,,à déterminer,species,Bryhnia,hultenii,,,E.B.Bartram,,
5057,,,à déterminer,species,Brachythecium,labradoricum,,,(Kindb.) Paris,,
5058,,,à déterminer,species,Eurhynchium,labradoricum,,,Kindb.,,
5059,324,284,synonyme,species,Brachythecium,digastrum,,,Müll.Hal. & Kindb.,,
324,324,284,accepté,species,Brachythecium,laetum,,,(Brid.) Schimp.,,
1492,324,284,synonyme,variety,Brachythecium,oxycladon,dentatum,,,(Lesq. & James) Grout,
5060,324,284,synonyme,species,Chamberlainia,digastra,,,(Müll.Hal. & Kindb.) H.Rob.,,
5061,,,à déterminer,species,Brachythecium,mildeanum,,,(Schimp.) Schimp. ex Milde,,
1895,1895,299,accepté,species,Brachythecium,novae-angliae,,,(Sull. & Lesq.) A.Jaeger,,
341,1895,299,synonyme,species,Bryhnia,novae-angliae,,,(Sull. & Lesq.) Grout,,
5062,1895,299,synonyme,species,Hypnum,novae-angliae,,,Sull. & Lesq.,,
330,330,289,accepté,species,Brachythecium,rivulare,,,Schimp.,,oui
3460,330,289,synonyme,species,Brachythecium,rivulare,,,B.S.G.,,non
331,3254,290,synonyme,species,Brachythecium,rotaeanum,,,De Not.,,
5063,332,291,synonyme,variety,Brachythecium,rutabulum,canadense,,,Renauld & Cardot,
5064,332,291,synonyme,variety,Brachythecium,rutabulum,flavescens,,,Schimp.,
332,332,291,accepté,species,Brachythecium,rutabulum,,,(Hedw.) Schimp.,,
2199,2201,1065,synonyme,species,Brachythecium,flexicaule,,,Renauld & Cardot,,
2200,2201,1065,synonyme,species,Brachythecium,laevisetum,,,Kindb.,,
2215,2201,1065,synonyme,species,Brachythecium,plumosum,,,Huds. ex C.E.O.Jensen,,
2201,2201,1065,complexe,complexe,Brachythecium,salebrosum,,sensu lato,(Hoffm. ex F.Weber & D.Mohr) Schimp.,,oui
2202,2202,1066,accepté,species,Brachythecium,salebrosum,,sensu stricto,(Hoffm. ex F.Weber & D.Mohr) Schimp.,,non
2203,2201,1065,synonyme,species,Chamberlainia,salebrosa,,,(Hoffm. ex F.Weber & D.Mohr) H.Rob.,,
2204,2201,1065,à déterminer,species,Hypnum,salebrosum,,,Hoffm. ex F.Weber & D.Mohr,,
2205,2202,1066,synonyme,variety,Brachythecium,salebrosum,salebrosum,,,,
2207,2206,293,synonyme,variety,Brachythecium,salebrosum,turgidum,,,(Hartm.) J.E.Zett.,
2206,2206,293,accepté,species,Brachythecium,turgidum,,,(Hartm.) Kindb.,,
5065,2206,293,synonyme,species,Chamberlainia,turgida,,,(Hartm.) H.Rob.,,
5066,,,à déterminer,species,Dicranum,demetrii,,,Renauld & Cardot,,
2227,2227,573,accepté,species,Brideliella,wahlenbergii,,,"(Brid.) Fedosov, M.Stech & Ignatov",,
5067,2227,573,synonyme,variety,Cynodontium,virens,wahlenbergii,,(Brid.) C.Hartm.,(Brid.) Schimp.,
5068,2227,573,synonyme,species,Cynodontium,wahlenbergii,,,(Brid.) C.Hartm.,,
5069,2227,573,synonyme,subspecies,Oncophorus,wahlenbergii,compactus,,Brid.,(Bruch & Schimp.) Kindb.,
1284,2227,573,synonyme,variety,Oncophorus,wahlenbergii,compactus,,Brid.,(Bruch & Schimp.) Braithw.,
660,2227,573,synonyme,species,Oncophorus,wahlenbergii,,,Brid.,,
5070,,,à déterminer,species,Sematophyllum,subpinnatum,,,(Brid.) E.Britton,,
1507,1508,296,synonyme,species,Brotherella,delicatula,,,(James) M.Fleisch.,,
5071,1508,296,synonyme,subspecies,Brotherella,recurvans,delicatula,,,(James) Grout,
338,1508,296,synonyme,species,Brotherella,recurvans,,,(Michx.) M. Fleisch.,,
5072,1508,296,synonyme,species,Hypnum,recurvans,,,(Michx.) P.Beauv.,,
1508,1508,296,accepté,species,Pylaisiadelpha,recurvans,,,(Michx.) W.R. Buck,,
339,339,297,accepté,species,Bruchia,flexuosa,,,(Schwägr.) Müll. Hal.,,
1200,339,297,synonyme,species,Bruchia,sullivantii,,,Austin,,
5073,,,à déterminer,species,Brymela,parkeriana,,,(Hook. & Grev.) W.R.Buck,,
5074,,,à déterminer,species,Cirriphyllum,boscii,,,(Schwägr.) Grout,,
5075,,,à déterminer,species,Bryoerythrophyllum,alpigenum,,,(Jur.) P.C.Chen,,
5076,342,300,synonyme,species,Bryoerythrophyllum,recurvirostre,,,(Hedw.) Chen,,
342,342,300,accepté,species,Bryoerythrophyllum,recurvirostrum,,,(Hedw.) P.C. Chen,,
1202,342,300,synonyme,species,Didymodon,recurvirostris,,,(Hedw.) Jenn.,,
5077,342,300,synonyme,species,Didymodon,rubellus,,,(Huebener) Bruch & Schimp.,,
2190,343,301,synonyme,species,Bryum,angustirete,,,Kindb. ex Macoun,,
3461,345,302,synonyme,species,Bryum,amblyodon,,,"C.Müller, 1879",,
351,351,304,accepté,species,Bryum,argenteum,,,Hedw.,,
5078,,,à déterminer,variety,Bryum,argenteum,argenteum,,,,
5079,,,à déterminer,species,Bryum,erythrocarpum,,,Schwägr.,,
3554,3455,251,synonyme,species,Anomobryum,filiforme,,,(Griff.) A.Jaeger,,
354,354,306,accepté,species,Bryum,blindii,,,Bruch & Schimp.,,
356,356,308,accepté,species,Bryum,calobryoides,,,J.R. Spence,,
366,3464,316,synonyme,species,Bryum,elegans,,,Nees,,non
348,345,302,synonyme,species,Bryum,inclinatum,,,(Hedw.) Dicks. ex With.,,
5080,351,304,synonyme,variety,Bryum,argenteum,lanatum,,,(P.Beauv.) Hampe,
1522,351,304,synonyme,species,Bryum,lanatum,,,(P.Beauv.) Brid.,,
3136,377,326,synonyme,species,Bryum,pallens,,,(Sw. ex Brid.) Schwägr.,,non
3137,377,326,synonyme,species,Bryum,pallens,,,Sw. ex Anon.,,non
5081,386,334,synonyme,species,Bryum,teres,,,Warnst.,,
386,386,334,accepté,species,Bryum,veronense,,,De Not.,,
389,3468,337,synonyme,species,Bryum,weigelii,,,Spreng.,,non
5082,,,à déterminer,form,Hypnum,vaucheri,tereticaulis,,,Ando,
615,3257,535,synonyme,species,Hypnum,vaucheri,,,Lesq.,,
800,799,686,synonyme,species,Bucklandiella,affinis,,,(Schleich. ex F.Weber & D.Mohr) Bedn.-Ochyra & Ochyra,,
799,799,686,accepté,species,Racomitrium,affine,,,(Schleich. ex F. Weber & D. Mohr) Lindb.,,
2164,799,686,synonyme,subspecies,Racomitrium,heterostichum,affine,,,(Schleich. ex F.Weber & D.Mohr) J.J.Amann,
2165,799,686,synonyme,variety,Racomitrium,heterostichum,affine,,,(Schleich. ex F.Weber & D.Mohr) Lesq.,
1317,799,686,synonyme,variety,Racomitrium,heterostichum,alopecurum,,,Huebener,
2166,799,686,synonyme,variety,Racomitrium,heterostichum,gracilescens,,,Bruch & Schimp.,
5083,,,à déterminer,species,Racomitrium,brevipes,,,Kindb.,,
5084,,,à déterminer,species,Rhacomitrium,crispulum,,,(Hook.f. & Wilson) Hook.f. & Wilson,,
2167,2168,1061,synonyme,species,Bucklandiella,heterosticha,,,(Hedw.) Bedn.-Ochyra & Ochyra,,
2168,2168,1061,complexe,complexe,Racomitrium,heterostichum,,sensu lato,(Hedw.) Brid.,,oui
2169,2169,,accepté,species,Racomitrium,heterostichum,,sensu stricto,(Hedw.) Brid.,,non
5085,2169,,synonyme,species,Rhacomitrium,heterostichum,,,(Hedw.) Brid.,,
813,2170,693,synonyme,species,Bucklandiella,microcarpa,,,(Hedw.) Bednarek-Ochyra & Ochyra,,
1324,2170,693,synonyme,variety,Racomitrium,heterostichum,microcarpon,,,(Hedw.) Boulay,
1325,2170,693,synonyme,variety,Racomitrium,heterostichum,ramulosum,,,(Lindb.) Corb.,
2170,2170,693,accepté,species,Racomitrium,microcarpon,,,(Hedw.) Brid.,,
2171,2170,693,synonyme,variety,Rhacomitrium,heterostichum,microcarpon,,,(Hedw.) Brid.,
2172,2170,693,synonyme,species,Rhacomitrium,microcarpon,,,(Hedw.) Brid.,,
5086,2170,693,synonyme,species,Rhacomitrium,ramulosum,,,Lindb.,,
1329,816,695,synonyme,species,Bucklandiella,sudetica,,,(Funck) Bedn.-Ochyra & Ochyra,,
1328,816,695,synonyme,variety,Racomitrium,heterostichum,sudeticum,,,(Funck) Dixon ex E.Bauer,
816,816,695,accepté,species,Racomitrium,sudeticum,,,(Funck) Bruch & Schimp.,,
1330,818,696,synonyme,species,Bucklandiella,venusta,,,(Frisvoll) Bedn.-Ochyra & Ochyra,,
818,818,696,accepté,species,Racomitrium,venustum,,,Frisvoll,,
391,391,339,accepté,species,Buxbaumia,aphylla,,,Hedw.,,
1030,1030,876,accepté,species,Buxbaumia,piperi,,,Best,,
5087,,,à déterminer,species,Callicladium,haldaneanum,,,(Grev.) H.A.Crum,,
5088,,,à déterminer,species,Heterophyllium,haldaneanum,,,(Grev.) M.Fleisch.,,
5089,,,à déterminer,species,Plagiothecium,cuspidatum,,,H.Philib.,,
392,392,340,accepté,species,Callicladium,haldanianum,,,(Grev.) H.A. Crum,,
1564,392,340,synonyme,species,Heterophyllium,haldanianum,,,(Grev.) M.Fleisch.,,
5090,392,340,synonyme,species,Hypnum,haldanianum,,,Grev.,,
3203,3259,529,synonyme,species,Callicladium,imponens,,,"(Hedw.) Hedenäs, Schlesak & D.Quandt",,non
5091,3259,529,synonyme,variety,Hypnum,cupressiforme,imponens,,,(Hedw.) Mach.,
5092,3259,529,synonyme,subspecies,Hypnum,cupressiforme,imponens,,,(Hedw.) Boulay,
608,3259,529,synonyme,species,Hypnum,imponens,,,Hedw.,,
393,393,341,accepté,species,Calliergon,cordifolium,,,(Hedw.) Kindb.,,
5093,393,341,synonyme,species,Hypnum,cordifolium,,,Hedw.,,
5094,394,342,synonyme,variety,Calliergon,giganteum,brevifolium,,,(Limpr.) Warnst.,
1566,394,342,synonyme,variety,Calliergon,giganteum,cyclophyllotum,,,(Holz.) Grout,
5095,394,342,synonyme,variety,Calliergon,giganteum,fluitans,,,G.Roth,
1569,394,342,synonyme,variety,Calliergon,giganteum,tenuis,,,Karczm.,
394,394,342,accepté,species,Calliergon,giganteum,,,(Schimp.) Kindb.,,
5096,394,342,synonyme,species,Hypnum,giganteum,,,Schimp.,,
5097,,,à déterminer,species,Calliergon,megalophyllum,,,Mik.,,
5098,,,à déterminer,species,Calliergon,orbicularicordatum,,,(Renauld & Cardot) Broth.,,
3470,3470,343,accepté,species,Calliergon,richardsonii,,,(Mitt.) Kindb. ex G. Roth,,oui
395,3470,343,synonyme,species,Calliergon,richardsonii,,,(Mitt.) Kindb.,,non
3204,3204,527,accepté,species,Calliergonella,curvifolia,,,(Hedw.) B.H. Allen,,
606,3204,527,synonyme,species,Hypnum,curvifolium,,,Hedw.,,
1571,397,344,synonyme,species,Calliergon,cuspidatum,,,(Hedw.) Kindb.,,
397,397,344,accepté,species,Calliergonella,cuspidata,,,(Hedw.) Loeske,,
1660,1660,530,accepté,species,Calliergonella,lindbergii,,,(Mitt.) Hedenäs,,
5099,1660,530,synonyme,variety,Hypnum,arcuatum,americanum,,,Renauld & Cardot,
5100,1660,530,synonyme,species,Hypnum,arcuatum,,,Lindb.,,
5101,1660,530,synonyme,variety,Hypnum,lindbergii,americanum,,,(Renauld & Cardot) E.Whitehouse,
5102,1660,530,synonyme,variety,Hypnum,lindbergii,demissum,,,(Schimp.) Loeske,
5103,1660,530,synonyme,variety,Hypnum,lindbergii,elatum,,,(Schimp.) R.S.Williams,
609,1660,530,synonyme,species,Hypnum,lindbergii,,,Mitt.,,
5104,1660,530,synonyme,variety,Hypnum,patientiae,demissum,,,(Schimp.) A.Jaeger,
5105,1660,530,synonyme,variety,Hypnum,patientiae,elatum,,,(Schimp.) A.Jaeger,
5106,1660,530,synonyme,species,Hypnum,patientiae,,,Lindb. ex Milde,,
5107,,,à déterminer,species,Hypnum,dieckii,,,Renauld & Cardot,,
5108,,,à déterminer,species,Calymperes,othmeri,,,Herzog,,
2111,2111,35,accepté,species,Calypogeia,azurea,,,Stotler & Crotz,,
2107,2108,35,synonyme,subspecies,Calypogeia,fissa,fissa,,(L.) Raddi,,
2108,2108,35,accepté,species,Calypogeia,fissa,,,(L.) Raddi,,
2109,2108,35,synonyme,species,Calypogeia,trichomanis,,,(L.) Corda,,
2110,2110,35,accepté,species,Calypogeia,paludosa,,,Warnst.,,
41,41,36,accepté,species,Calypogeia,integristipula,,,Steph.,,
1896,41,36,synonyme,species,Calypogeia,meylanii,,,H.Buch,,
42,42,37,accepté,species,Calypogeia,muelleriana,,,(Schiffn.) Müll. Frib.,,oui
3428,42,37,synonyme,species,Calypogeia,muelleriana,,,(Schiffner) K.Mueller,,non
3429,43,38,synonyme,species,Calypogeia,neesiana,,,(C.Massal. & Carestia) K.Mueller,,non
43,43,38,accepté,species,Calypogeia,neesiana,,,(C. Massal. & Carestia) Müll. Frib.,,oui
40,2126,35,synonyme,subspecies,Calypogeia,fissa,neogaea,,(L.) Raddi,R.M.Schust.,
2126,2126,35,accepté,species,Calypogeia,neogaea,,,(R.M. Schust.) Bakalin,,
44,44,39,accepté,species,Calypogeia,sphagnicola,,,(Arnell & J. Perss.) Warnst. & Loeske,,
5109,44,39,synonyme,species,Calypogeia,submersa,,,(Arnell) Warnst.,,
45,45,40,accepté,species,Calypogeia,suecica,,,(Arnell & J. Perss.) Müll. Frib.,,oui
3430,45,40,synonyme,species,Calypogeia,suecica,,,(H.Arn. & J.Perss.) K.Muell.,,non
601,3261,522,synonyme,species,Hypnum,bambergeri,,,Schimp.,,
399,1573,345,synonyme,species,Campyliadelphus,chrysophyllus,,,(Brid.) Kanda,,
3471,1573,345,synonyme,species,Campyliadelphus,chrysophyllus,,,(Brid.) R.S.Chopra,,
1572,1573,345,synonyme,variety,Campylium,chrysophyllum,brevifolium,,,(Renauld & Cardot) Grout,
1573,1573,345,accepté,species,Campylium,chrysophyllum,,,(Brid.) Lange,,
5110,1573,345,synonyme,species,Hypnum,chrysophyllum,,,Brid.,,
401,401,346,accepté,species,Campylium,protensum,,,(Brid.) Kindb.,,
1574,401,346,synonyme,variety,Campylium,stellatum,protensum,,,(Brid.) Bryhn,
5111,3472,347,synonyme,species,Campyliadelphus,stellatus,,,(Hedw.) Kanda,,
5112,3472,347,synonyme,variety,Campylium,stellatum,stellatum,,,,
3472,3472,347,accepté,species,Campylium,stellatum,,,(Hedw.) Lange & C.E.O. Jensen,,oui
5113,3472,347,synonyme,species,Hypnum,stellatum,,,Hedw.,,
5114,,,à déterminer,species,Campylium,calcareum,,,Crundw. & Nyholm,,
1576,3262,349,synonyme,species,Campylium,hispidulum,,,(Brid.) Mitt.,,
405,3262,349,synonyme,species,Campylophyllum,hispidulum,,,(Brid.) Hedenäs,,
5115,,,à déterminer,species,Hypnum,hispidulum,,,Brid.,,
1577,3263,350,synonyme,variety,Campylium,hispidulum,sommerfeltii,,,(Myrin) Lindb.,
1578,3263,350,synonyme,species,Campylium,sommerfeltii,,,(Myrin) Lange,,
407,3263,350,synonyme,species,Campylophyllum,sommerfeltii,,,(Myrin) Hedenäs,,
1575,403,348,synonyme,species,Campylium,halleri,,,(Hedw.) Lindb.,,
403,403,348,accepté,species,Campylophyllum,halleri,,,(Hedw.) M. Fleisch.,,
588,1967,512,synonyme,species,Hygrohypnum,montanum,,,(Lindb.) Broth.,,
5116,,,à déterminer,species,Campylopus,atrovirens,,,De Not.,,
409,409,351,accepté,species,Campylopus,schimperi,,,Milde,,
5117,409,351,synonyme,variety,Campylopus,subulatus,schimperi,,,(Milde) Husn.,
410,410,352,accepté,species,Campylostelium,saxicola,,,(F. Weber & D. Mohr) Bruch & Schimp.,,
411,411,353,accepté,species,Catoscopium,nigritum,,,(Hedw.) Brid.,,
46,46,41,accepté,species,Cephalozia,ambigua,,,C. Massal.,,
1071,46,41,synonyme,subspecies,Cephalozia,bicuspidata,ambigua,,,(C.Massal.) R.M.Schust.,
1070,46,41,synonyme,variety,Cephalozia,bicuspidata,arctica,,,Bryhn & Kaal.,
47,47,42,accepté,species,Cephalozia,bicuspidata,,,(L.) Dumort.,,
5118,,,à déterminer,subspecies,Cephalozia,bicuspidata,bicuspidata,,,,
3205,3205,0,accepté,species,Cephalozia,macounii,,,(Austin) Austin,,
3099,1031,54,synonyme,variety,Cephaloziella,rubella,arctogena,,,R.M.Schust.,
1078,55,50,synonyme,species,Cephaloziella,byssacea,,,(Roth) Warnst.,,
55,55,50,accepté,species,Cephaloziella,divaricata,,,(Sm.) Schiffn.,,oui
3431,55,50,synonyme,species,Cephaloziella,divaricata,,,(Sm.) Warnst.,,non
56,56,51,accepté,species,Cephaloziella,elachista,,,(J.B. Jack ex Gottsche & Rabenh.) Schiffn.,,
57,57,52,accepté,species,Cephaloziella,grimsulana,,,(J.B. Jack ex Gottsche & Rabenh.) Lacout.,,oui
3432,57,52,synonyme,species,Cephaloziella,grimsulana,,,(J.B.Jack ex Gottsche & Rabenh.) Müll.Frib.,,non
5119,3401,53,synonyme,variety,Cephaloziella,hampeana,macrostachya,,,Douin,
3401,3401,53,accepté,species,Cephaloziella,hampeana,,,(Nees) Schiffn. ex Loeske,,oui
58,3401,53,synonyme,species,Cephaloziella,hampeana,,,(Nees) Schiffn.,,non
5120,1081,54,synonyme,species,Cephaloziella,bifida,,,(Schmidel ex Hoffm.) Schiffn.,,
5121,59,54,synonyme,species,Cephaloziella,myriantha,,,(Lindb.) Schiffn.,,
59,59,54,accepté,variety,Cephaloziella,rubella,rubella,,(Nees) Warnst.,,
60,3098,55,synonyme,variety,Cephaloziella,rubella,sullivantii,,,(Austin) K.Müller,non
5122,3102,1102,synonyme,species,Cephaloziella,rubella,,,(Nees) Schiffn.,,non
3102,3102,1102,accepté,species,Cephaloziella,rubella,,,(Nees) Warnst.,,oui
61,61,56,accepté,species,Cephaloziella,spinigera,,,(Lindb.) Warnst.,,oui
3433,61,56,synonyme,species,Cephaloziella,spinigera,,,(Lindb.) Jørg,,non
5123,,,à déterminer,species,Cephaloziella,stellulifera,,,(Taylor ex Carrington & Pearson) Croz.,,
5124,,,à déterminer,species,Cephaloziella,stellulifera,,,(Taylor ex Spruce) Schiffn.,,
62,62,57,accepté,species,Cephaloziella,uncinata,,,R.M. Schust.,,
1935,63,58,synonyme,species,Cephaloziella,arctica,,,Bryhn & Douin,,
3571,63,58,synonyme,species,Cephaloziella,arctica,,,Bryhn & Douin ex Müll.Frib.,,
63,63,58,accepté,species,Cephaloziella,varians,,,(Gottsche) Steph.,,
412,412,354,accepté,species,Ceratodon,heterophyllus,,,Kindb.,,
5125,413,355,synonyme,variety,Ceratodon,purpureus,purpureus,,,,
413,413,355,accepté,species,Ceratodon,purpureus,,,(Hedw.) Brid.,,
5126,,,à déterminer,subspecies,Ceratodon,purpureus,purpureus,,,,
3103,3103,1103,accepté,species,Chiloscyphus,pallescens,,,(Ehrh. ex Hoffm.) Dumort.,,
3434,3402,62,synonyme,variety,Chiloscyphus,pallescens,fragilis,,(Ehrh. ex Hoffm.) Dumort.,(Roth) Müll.Frib. ex R.M.Schust.,non
69,3402,62,synonyme,variety,Chiloscyphus,pallescens,fragilis,,(Ehrh.) Dumort.,(Roth) Müll. Frib.,non
3435,3402,62,synonyme,variety,Chiloscyphus,pallescens,fragilis,,(Ehrh. ex Hoffm.) Dumort.,(Roth) K.Müller,non
5127,3402,62,synonyme,variety,Chiloscyphus,polyanthos,fragilis,,,(Roth) Müll.Frib.,
5128,3402,62,synonyme,subspecies,Chiloscyphus,polyanthos,fragilis,,,(Roth) K.Müll.,
68,68,61,accepté,variety,Chiloscyphus,pallescens,pallescens,,(Ehrh. ex Hoffm.) Dumort.,,
3104,3104,1104,accepté,species,Chiloscyphus,polyanthos,,,(L.) Corda,,
71,71,64,accepté,variety,Chiloscyphus,polyanthos,rivularis,,(L.) Corda,(Schrad.) Nees,
5129,71,64,synonyme,species,Chiloscyphus,rivularis,,,(Schrad.) Hazsl.,,
5130,,,à déterminer,species,Trichostomum,spirale,,,Grout,,
3206,3206,861,accepté,species,Chionoloma,tenuirostre,,,"(Hook. & Taylor) M.Alonso, M.J.Cano & J.A.Jiménez",,
5131,3206,861,synonyme,species,Didymodon,trachyneuron,,,Kindb.,,
5132,3206,861,synonyme,species,Oxystegus,cylindricus,,,(Bruch ex Brid.) Hilp.,,
1467,3206,861,synonyme,species,Oxystegus,tenuirostris,,,(Hook. & Taylor) A.J.E.Sm.,,
1010,3206,861,synonyme,species,Trichostomum,tenuirostre,,,(Hook. & Taylor) Lindb.,,
5133,,,à déterminer,variety,Trichostomum,tenuirostre,tenuirostre,,,,
3207,3207,0,accepté,species,Cinclidium,arcticum,,,(Bruch & Schimp.) Schimp.,,
414,414,356,accepté,species,Cinclidium,latifolium,,,Lindb.,,
415,415,357,accepté,species,Cinclidium,stygium,,,Sw.,,
416,416,358,accepté,species,Cinclidium,subrotundum,,,Lindb.,,
417,417,359,accepté,species,Cirriphyllum,piliferum,,,(Hedw.) Grout,,
294,3208,254,synonyme,species,Anomodon,rostratus,,,(Hedw.) Schimp.,,
3208,3208,254,accepté,species,Claopodium,rostratum,,,(Hedw.) Ignatov,,
1094,76,68,synonyme,species,Athalamia,hyalina,,,(Sommerf.) S.Hatt.,,
76,76,68,accepté,species,Clevea,hyalina,,,(Sommerf.) Lindb.,,
418,418,360,accepté,species,Climacium,americanum,,,Brid.,,
1579,418,360,synonyme,species,Climacium,kindbergii,,,(Renauld & Cardot) Grout,,
419,419,361,accepté,species,Climacium,dendroides,,,(Hedw.) F. Weber & D. Mohr,,
5134,,,à déterminer,species,Cnestrum,alpestre,,,(Wahlenb. ex Huebener) Nyholm ex Mogensen,,
5135,,,à déterminer,species,Cnestrum,alpestre,,,(Wahlenb.) Nyholm,,
3544,432,372,synonyme,species,Cynodontium,alpestre,,,(Wahlenb.) Milde,,
1208,1208,367,accepté,species,Cnestrum,glaucescens,,,(Lindb. & Arnell) Holmen ex Mogensen & Steere,,
427,1208,367,synonyme,species,Cynodontium,glaucescens,,,(Lindb. & Arnell) Paris,,
1211,1211,369,accepté,species,Cnestrum,schisti,,,(F. Weber & D. Mohr) I. Hagen,,
429,1211,369,synonyme,species,Cynodontium,schisti,,,(F. Weber & D. Mohr) Lindb.,,
1210,1211,369,synonyme,species,Oncophorus,schisti,,,(F.Weber & D.Mohr) Lindb.,,
1315,797,685,synonyme,species,Codriophorus,aciculare,,,(Hedw.) P.Beauv.,,
5136,797,685,synonyme,species,Codriophorus,acicularis,,,(Hedw.) P.Beauv.,,
797,797,685,accepté,species,Racomitrium,aciculare,,,(Hedw.) Brid.,,
5137,797,685,synonyme,species,Rhacomitrium,aciculare,,,(Hedw.) Brid.,,
5138,,,à déterminer,species,Racomitrium,aquaticum,,,(Brid. ex Schrad.) Brid.,,
5139,,,à déterminer,species,Racomitrium,protensum,,,(A.Braun ex Duby) Huebener,,
78,78,69,accepté,species,Cololejeunea,biddlecomiae,,,(Austin ex Pearson) A. Evans,,
3473,420,362,synonyme,species,Conardia,compacta,,,(Müll.Hal.) H.Rob.,,non
1581,420,362,synonyme,species,Rhynchostegiella,compacta,,,(Müll.Hal.) Loeske,,
3089,3089,70,accepté,species,Conocephalum,conicum,,sensu stricto,(L.) Dumort.,,non
3090,3089,70,synonyme,species,Conocephalum,conicum,,,(L.) Underw.,,non
5140,3089,70,synonyme,species,Cynocephalum,conicum,,,(L.) Lindb.,,
79,79,70,accepté,species,Conocephalum,salebrosum,,,"Szweyk., Buczk. & Odrzyk.",,
1583,421,363,synonyme,species,Conostomum,boreale,,,Sw.,,
421,421,363,accepté,species,Conostomum,tetragonum,,,(Hedw.) Lindb.,,
5141,,,à déterminer,species,Coscinodon,calyptratus,,,(Drumm.) C.E.O.Jensen,,
5142,422,364,synonyme,species,Coscinodon,cribosus,,,"(Hedw.) Spruce, 1849",,
422,422,364,accepté,species,Coscinodon,cribrosus,,,(Hedw.) Spruce,,
5143,422,364,synonyme,species,Grimmia,cribrosa,,,Hedw.,,
11,1930,7,synonyme,species,Anastrophyllum,hellerianum,,,(Nees ex Lindenb.) R.M. Schust.,,
1930,1930,7,accepté,species,Crossocalyx,hellerianus,,,(Nees ex Lindenb.) Meyl.,,
1041,1930,7,synonyme,species,Isopaches,hellerianus,,,(Nees ex Lindenb.) H.Buch,,
5144,,,à déterminer,species,Hypnum,capillifolium,,,(Mitt.) Paris,,
5145,,,à déterminer,species,Ctenidium,hastile,,,(Mitt.) Lindb.,,
425,3474,366,synonyme,species,Ctenidium,molluscum,,,(Hedw.) Mitt.,,
5146,3474,366,synonyme,species,Hypnum,molluscoides,,,Kindb.,,
5147,3474,366,synonyme,species,Hypnum,molluscum,,,Hedw.,,
3474,3474,366,accepté,species,Ctenidium,subrectifolium,,,(Brid.) Pedano ex W.R. Buck & B.H. Allen,,oui
3545,432,372,synonyme,species,Cynodontium,alpestre,,,Jur.,,
3209,3209,368,accepté,species,Cynodontium,polycarpon,,,(Hedw.) Schimp.,,
5148,3209,368,synonyme,species,Oncophorus,polycarpos,,,(Hedw.) Brid.,,
1209,3209,368,synonyme,species,Oncophorus,polycarpus,,,(Hedw.) Brid.,,
5149,,,à déterminer,species,Oreoweisia,serrulata,,,(Funck ex Brid.) De Not.,,
5150,,,à déterminer,species,Oreoweisia,torquescens,,,(Hornsch. ex Brid.) Wijk & Margad.,,
430,430,370,accepté,species,Cynodontium,strumiferum,,,(Hedw.) Lindb.,,
1212,430,370,synonyme,variety,Oncophorus,polycarpus,strumiferus,,,(Hedw.) Brid.,
431,431,371,accepté,species,Cynodontium,strumulosum,,,Müll. Hal. & Kindb.,,
5151,432,372,synonyme,variety,Cynodontium,polycarpon,tenellum,,,Schimp.,
5152,432,372,synonyme,variety,Cynodontium,polycarpum,tenellum,,,Schimp.,
432,432,372,accepté,species,Cynodontium,tenellum,,,(Schimp.) Limpr.,,
1214,432,372,synonyme,species,Oncophorus,tenellus,,,(Schimp.) R.S.Williams,,
433,433,373,accepté,species,Cyrtomnium,hymenophylloides,,,(Huebener) T.J. Kop.,,
1587,433,373,synonyme,species,Mnium,hymenophylloides,,,Huebener,,
434,434,374,accepté,species,Cyrtomnium,hymenophyllum,,,(Bruch & Schimp.) Holmen,,
3475,435,375,synonyme,species,Dichelyma,capillaceum,,,(Dicks.) Myrin,,non
436,436,376,accepté,species,Dichelyma,falcatum,,,(Hedw.) Myrin,,
437,437,377,accepté,species,Dichelyma,pallescens,,,Bruch & Schimp.,,
438,438,378,accepté,species,Dichelyma,uncinatum,,,Mitt.,,
439,439,379,accepté,species,Dichodontium,pellucidum,,,(Hedw.) Schimp.,,
5153,,,à déterminer,species,Dicranella,cardotii,,,(R.Br.bis) Dixon,,
5154,440,380,synonyme,variety,Dicranella,cerviculata,americana,,,Grout,
440,440,380,accepté,species,Dicranella,cerviculata,,,(Hedw.) Schimp.,,
441,3264,381,synonyme,species,Dicranella,crispa,,,(Hedw.) Schimp.,,
2122,2120,1055,synonyme,species,Anisothecium,grevilleanum,,,(Brid.) Arnell & C.E.O.Jensen,,
5155,2120,1055,synonyme,species,Dicranella,grevilleana,,,(Brid.) Schimp.,,
5156,,,à déterminer,species,Dicranum,sulcatum,,,Müll.Hal.,,
1218,442,382,synonyme,variety,Dicranella,heteromalla,orthocarpa,,,(Hedw.) A.Jaeger,
442,442,382,accepté,species,Dicranella,heteromalla,,,(Hedw.) Schimp.,,
5157,442,382,synonyme,species,Dicranum,heteromallum,,,Hedw.,,
5158,3319,384,synonyme,species,Anisothecium,rufescens,,,(Dicks.) Lindb.,,
444,3319,384,synonyme,species,Dicranella,rufescens,,,(Dicks.) Schimp.,,
1589,2121,1056,synonyme,species,Anisothecium,schreberianum,,,(Hedw.) Dixon,,
1222,445,385,synonyme,species,Dicranella,schreberi,,,Schimp.,,
445,445,385,complexe,complexe,Dicranella,schreberiana,,sensu lato Faubert,(Hedw.) Hilf. ex H.A.Crum & L.E.Anderson,,oui
2114,445,385,synonyme,species,Dicranella,schreberiana,,,(Hedw.) Dixon,,non
2118,2119,1057,synonyme,variety,Dicranella,schreberiana,robusta,,,(Schimp. ex Braithw.) H.A.Crum & L.E.Anderson,
446,3314,386,synonyme,species,Dicranella,staphylina,,,H. Whitehouse,,
5159,3265,387,synonyme,species,Dicranella,secunda,,,Lindb.,,
447,3265,387,synonyme,species,Dicranella,subulata,,,(Hedw.) Schimp.,,
1590,3258,388,synonyme,species,Anisothecium,varium,,,(Hedw.) Mitt.,,
5160,3258,388,synonyme,species,Dicranella,rubra,,,Lindb.,,
448,3258,388,synonyme,species,Dicranella,varia,,,(Hedw.) Schimp.,,
5161,,,à déterminer,species,Dicranodontium,asperulum,,,(Mitt.) Broth.,,
5162,,,à déterminer,species,Dicranum,asperulum,,,Mitt.,,
449,449,389,accepté,species,Dicranodontium,denudatum,,,(Brid.) E. Britton,,
5163,,,à déterminer,species,Dicranoloma,brevisetum,,,(Dozy & Molk.) Paris,,
5164,,,à déterminer,species,Dicranum,falklandicum,,,Cardot,,
5165,,,à déterminer,species,Bryum,cirratum,,,(Hedw.) With.,,
5166,,,à déterminer,species,Dicranoweisia,cirrata,,,(Hedw.) Lindb. ex Milde,,
451,451,391,accepté,species,Dicranum,acutifolium,,,(Lindb. & Arnell) C.E.O. Jensen,,oui
3477,451,391,synonyme,species,Dicranum,acutifolium,,,(Lindb. & H.Arn.) Weim.,,non
5167,452,392,synonyme,variety,Dicranum,bonjeanii,polycladum,,,(Bruch & Schimp.) Müll.Hal.,
452,452,392,accepté,species,Dicranum,bonjeanii,,,De Not.,,
453,453,393,accepté,species,Dicranum,brevifolium,,,(Lindb.) Lindb.,,
454,454,394,accepté,species,Dicranum,condensatum,,,Hedw.,,
1226,454,394,synonyme,species,Dicranum,sabuletorum,,,Renauld & Cardot,,
1897,470,407,synonyme,species,Dicranum,drummondii,,,Müll.Hal.,,
3567,470,407,synonyme,species,Dicranum,drummondii,,,C.Müll.,,
5168,455,395,synonyme,subspecies,Dicranum,elongatum,attenuatum,,,Kindb.,
5169,455,395,synonyme,subspecies,Dicranum,elongatum,sendtneri,,,(Limpr.) Podp.,
5170,455,395,synonyme,subspecies,Dicranum,elongatum,subfragilifolium,,,Kindb.,
455,455,395,accepté,species,Dicranum,elongatum,,,Schleich. ex Schwägr.,,oui
3478,455,395,synonyme,species,Dicranum,elongatum,,,Schleich.,,non
5171,455,395,synonyme,species,Dicranum,sphagni,,,Wahlenb.,,
458,458,397,accepté,species,Dicranum,flexicaule,,,Brid.,,
1229,458,397,synonyme,variety,Dicranum,fuscescens,flexicaule,,,(Brid.) Wilson,
459,459,398,accepté,species,Dicranum,fragilifolium,,,Lindb.,,
5172,459,398,synonyme,species,Orthodicranum,fragilifolium,,,(Lindb.) Podp.,,
5173,462,400,synonyme,variety,Dicranum,fuscescens,fuscescens,,,,
3479,462,400,synonyme,species,Dicranum,fuscescens,,,Sm.,,non
5174,462,400,synonyme,species,Dicranum,camptophyllum,,,Kindb.,,
1228,458,397,synonyme,variety,Dicranum,fuscescens,congestum,,,(Brid.) Husn.,
462,462,400,accepté,species,Dicranum,fuscescens,,,Turner,,oui
5175,463,401,synonyme,variety,Dicranum,elongatum,groenlandicum,,,(Brid.) Mönk.,
5176,463,401,synonyme,variety,Dicranum,elongatum,orthocarpum,,,Bruch & Schimp.,
463,463,401,accepté,species,Dicranum,groenlandicum,,,Brid.,,
5177,463,401,synonyme,species,Dicranum,labradoricum,,,Müll.Hal.,,
464,464,402,accepté,species,Dicranum,leioneuron,,,Kindb.,,
5178,,,synonyme,species,Dicranum,majus,,,Sm.,,non
3105,3105,1105,accepté,species,Dicranum,majus,,,Turner,,oui
3480,471,408,synonyme,species,Dicranum,polysetum,,,Brid.,,non
465,465,403,accepté,variety,Dicranum,majus,majus,,Turner,,
466,466,404,accepté,variety,Dicranum,majus,orthophyllum,,Turner,A. Braun ex Milde,
469,469,406,accepté,species,Dicranum,muehlenbeckii,,,Bruch & Schimp.,,
3568,470,407,synonyme,species,Dicranum,drummondii,,,Sull. ex Lindb.,,
470,470,407,accepté,species,Dicranum,ontariense,,,W.L. Peterson,,
5179,,,à déterminer,species,Dicranum,pallidisetum,,,(J.W.Bailey) Ireland,,
471,471,408,accepté,species,Dicranum,polysetum,,,Sw.,,oui
1232,471,408,synonyme,species,Dicranum,rugosum,,,(Hoffm. ex Funck) Brid.,,
3481,471,408,synonyme,species,Dicranum,polysetum,,,Sw. ex Anon.,,non
1234,472,409,synonyme,species,Dicranum,alatum,,,(Barnes) Cardot & Thér.,,
1233,472,409,synonyme,variety,Dicranum,bonjeanii,alatum,,,Barnes,
5180,472,409,synonyme,variety,Dicranum,scoparium,paludosum,,,Schimp.,
5181,472,409,synonyme,variety,Dicranum,scoparium,recurvatum,,,(Schultz) Brid.,
472,472,409,accepté,species,Dicranum,scoparium,,,Hedw.,,
5182,,,à déterminer,variety,Dicranum,scoparium,orthophyllum,,,Brid.,
1235,473,410,synonyme,species,Dicranum,angustum,,,Lindb.,,
5183,473,410,synonyme,subspecies,Dicranum,bonjeanii,angustum,,,(Lindb.) Podp.,
5184,473,410,synonyme,species,Dicranum,laevidens,,,R.S.Williams,,
5185,473,410,synonyme,variety,Dicranum,muehlenbeckii,neglectum,,,(Jur. ex De Not.) Pfeff.,
473,473,410,accepté,species,Dicranum,spadiceum,,,J.E. Zetterst.,,
474,474,411,accepté,species,Dicranum,spurium,,,Hedw.,,
1236,475,412,synonyme,species,Dicranum,bergeri,,,Blandow,,
475,475,412,accepté,species,Dicranum,undulatum,,,Schrad. ex Brid.,,oui
3482,475,412,synonyme,species,Dicranum,undulatum,,,Ehrh. ex F.Weber & D.Mohr,,non
3483,475,412,synonyme,species,Dicranum,undulatum,,,Schumach.,,non
5186,476,413,synonyme,variety,Dicranum,fulvum,viride,,,(Sull. & Lesq.) Grout,
476,476,413,accepté,species,Dicranum,viride,,,(Sull. & Lesq.) Lindb.,,
5187,476,413,synonyme,species,Paraleucobryum,viride,,,(Sull. & Lesq.) Podp.,,
1240,478,414,synonyme,species,Barbula,acuta,,,(Brid.) Brid.,,
478,478,414,accepté,species,Didymodon,acutus,,,(Brid.) K. Saito,,
1239,478,414,synonyme,variety,Didymodon,rigidulus,gracilis,,,(Hook. & Grev.) R.H.Zander,
5188,,,à déterminer,species,Didymodon,luridus,,,Hornsch.,,
483,483,418,accepté,species,Didymodon,maschalogena,,,(Renauld & Cardot) Broth.,,
3210,3210,1118,accepté,species,Didymodon,rigidulus,,,Hedw.,,
484,3210,1118,synonyme,variety,Didymodon,rigidulus,rigidulus,,,,
1323,3516,691,synonyme,species,Codriophorus,fascicularis,,,(Schrad. ex Hedw.) Bedn.-Ochyra & Ochyra,,
3516,3516,691,accepté,species,Racomitrium,fasciculare,,,(Schrad. ex Hedw.) Brid.,,oui
5189,3516,691,synonyme,species,Rhacomitrium,fasciculare,,,(Schrad. ex Hedw.) Brid.,,
5190,3268,383,synonyme,species,Anisothecium,palustre,,,(Dicks.) I.Hagen,,
443,3268,383,synonyme,species,Dicranella,palustris,,,(Dicks.) Crundw.,,oui
3476,3268,383,synonyme,species,Dicranella,palustris,,,(Dicks.) Crundw. ex E.F.Warb.,,non
486,486,421,accepté,species,Diphyscium,foliosum,,,(Hedw.) D. Mohr,,
5191,486,421,synonyme,species,Diphyscium,sessile,,,Lindb.,,
5192,486,421,synonyme,species,Webera,sessilis,,,Lindb.,,
3058,3058,119,accepté,species,Lejeunea,cavifolia,,,Steph.,,non
5193,81,71,synonyme,species,Diplophylleia,albicans,,,(L.) Trevis.,,
81,81,71,accepté,species,Diplophyllum,albicans,,,(L.) Dumort.,,
82,82,72,accepté,species,Diplophyllum,apiculatum,,,(A. Evans) Steph.,,
83,83,73,accepté,species,Diplophyllum,obtusatum,,,(R.M. Schust.) R.M. Schust.,,
3074,3074,1051,accepté,variety,Diplophyllum,taxifolium,macrostictum,,(Wahlenb.) Dumort.,H. Buch,
84,84,74,accepté,species,Diplophyllum,taxifolium,,,(Wahlenb.) Dumort.,,
3075,3075,1052,accepté,variety,Diplophyllum,taxifolium,taxifolium,,(Wahlenb.) Dumort.,,
487,487,422,accepté,species,Discelium,nudum,,,(Dicks.) Brid.,,
5194,488,423,synonyme,variety,Distichium,capillaceum,compactum,,,(Huebener) Dalla Torre & Sarnth.,
488,488,423,accepté,species,Distichium,capillaceum,,,(Hedw.) Bruch & Schimp.,,
5195,488,423,synonyme,species,Ditrichum,capillaceum,,,(Hedw.) Watts & Whitel.,,
5196,,,à déterminer,variety,Distichium,capillaceum,capillaceum,,,,
5197,,,à déterminer,species,Distichium,hagenii,,,Ryan ex H.Philib.,,
489,489,424,accepté,species,Distichium,inclinatum,,,(Hedw.) Bruch & Schimp.,,
5198,,,à déterminer,species,Ditrichum,heteromallum,,,(Hedw.) E.Britton,,
492,492,427,accepté,species,Ditrichum,lineare,,,(Sw.) Lindb.,,
493,493,428,accepté,species,Ditrichum,pallidum,,,(Hedw.) Hampe,,
5199,494,429,synonyme,species,Didymodon,pusillus,,,Hedw.,,
5200,494,429,synonyme,variety,Ditrichum,pusillum,tortile,,,(Schrad.) I.Hagen,
494,494,429,accepté,species,Ditrichum,pusillum,,,(Hedw.) Hampe,,
5201,494,429,synonyme,species,Ditrichum,tortile,,,(Schrad.) Brockm.,,
1253,494,429,synonyme,species,Leptotrichum,tortile,,,(Schrad.) Hampe,,
5202,,,à déterminer,species,Douinia,ovata,,,(Dicks.) H.Buch,,
3211,3211,533,accepté,species,Drepanium,fastigiatum,,,(Brid.) Lange & C.E.O. Jensen,,
5203,3211,533,synonyme,subspecies,Hypnum,ravaudii,fastigiatum,,,(Brid.) Wijk & Margad.,
613,3211,533,synonyme,species,Hypnum,recurvatum,,,(Lindb. & Arnell) Kindb.,,
5204,495,430,synonyme,variety,Drepanocladus,aduncus,aduncus,,,,
5205,495,430,synonyme,form,Drepanocladus,aduncus,aquaticus,,,(Sanio) Mönk.,
1591,495,430,synonyme,variety,Drepanocladus,aduncus,aquaticus,,,(Sanio) Renauld,
5206,495,430,synonyme,variety,Drepanocladus,aduncus,flexilis,,,(Renauld) G.Roth,
5207,495,430,synonyme,form,Drepanocladus,aduncus,paternus,,,(Sanio) Grout,
1595,495,430,synonyme,variety,Drepanocladus,aduncus,paternus,,,(Sanio) Jelenc,
495,495,430,accepté,species,Drepanocladus,aduncus,,,(Hedw.) Warnst.,,
5208,495,430,synonyme,species,Drepanocladus,aquaticus,,,(Sanio) Warnst.,,
5209,495,430,synonyme,species,Drepanocladus,paternus,,,(Sanio) Vict.,,
5210,495,430,synonyme,species,Drepanocladus,pseudofluitans,,,(Sanio) Warnst.,,
5211,495,430,synonyme,variety,Hypnum,aduncum,aquaticum,,,(Sanio) Sanio,
5212,495,430,synonyme,variety,Hypnum,aduncum,flexile,,,Renauld,
5213,495,430,synonyme,variety,Hypnum,aduncum,paternum,,,(Sanio) Paris,
5214,495,430,synonyme,species,Hypnum,aduncum,,,Hedw.,,
5215,495,430,synonyme,variety,Hypnum,fluitans,plumosum,,,Dozy & Molk.,
1599,496,431,synonyme,variety,Campylium,stellatum,arcticum,,,(R.S.Williams) L.I.Savicz,
496,496,431,accepté,species,Drepanocladus,arcticus,,,(R.S. Williams) Hedenäs,,
766,766,664,accepté,species,Drepanocladus,brevifolius,,,(Lindb.) Warnst.,,
5216,1602,432,synonyme,form,Drepanocladus,aduncus,capillifolius,,,(Warnst.) Mönk.,
1601,1602,432,synonyme,variety,Drepanocladus,aduncus,capillifolius,,,(Warnst.) Riehm.,
5217,1602,432,synonyme,form,Drepanocladus,capillifolius,fallax,,,(Renauld) Vict.,
1602,1602,432,accepté,species,Drepanocladus,capillifolius,,,(Warnst.) Warnst.,,
5218,1602,432,synonyme,species,Drepanocladus,crassicostatus,,,Janssens,,
5219,1602,432,synonyme,variety,Hypnum,capillifolium,fallax,,,Renauld,
5220,1602,432,synonyme,species,Hypnum,capillifolium,,,Warnst.,,
498,1602,432,synonyme,species,Drepanocladus,longifolius,,,(Wilson ex Mitt.) Broth. ex Paris,,
5221,,,à déterminer,species,Drepanocladus,lycopodioides,,,(Brid.) Warnst.,,
5222,,,à déterminer,species,Pseudocalliergon,lycopodioides,,,(Brid.) Hedenäs,,
5223,,,à déterminer,variety,Drepanocladus,aduncus,falcatus,,,(Renauld) Renauld,
5224,,,à déterminer,form,Drepanocladus,aduncus,gracilescens,,,(Schimp.) Mönk.,
1592,495,430,synonyme,variety,Drepanocladus,aduncus,gracilescens,,,(Schimp.) G.Roth,
5225,,,à déterminer,form,Drepanocladus,aduncus,intermedius,,,(Schimp.) Mönk.,
1593,495,430,synonyme,variety,Drepanocladus,aduncus,intermedius,,,(Schimp.) G.Roth,
1594,495,430,synonyme,variety,Drepanocladus,aduncus,kneiffii,,,(Schimp.) Mönk.,
3559,495,430,synonyme,variety,Drepanocladus,aduncus,kneiffii,,,(Schimp.) Grout,
5226,,,à déterminer,variety,Drepanocladus,aduncus,laxifolius,,,(Sanio) Wynne,
5227,,,à déterminer,variety,Drepanocladus,aduncus,polycarpos,,,(Blandow ex Voit) G.Roth,
5228,,,à déterminer,variety,Drepanocladus,aduncus,polycarpus,,,(Blandow ex Voit) G.Roth,
5229,,,à déterminer,form,Drepanocladus,aduncus,subpiliger,,,Renauld,
5230,,,à déterminer,variety,Drepanocladus,aduncus,subpiliger,,,(Renauld) G.Roth,
5231,,,à déterminer,species,Drepanocladus,kneiffii,,,(Schimp.) Warnst.,,
5232,,,à déterminer,species,Drepanocladus,polycarpos,,,(Blandow ex Voit) Warnst.,,
5233,,,à déterminer,species,Drepanocladus,polycarpus,,,(Voit) Warnst.,,
5234,,,à déterminer,species,Drepanocladus,subpiliger,,,(Renauld) Vict.,,
5235,500,433,synonyme,variety,Campylium,polygamum,stagnatum,,,(Wilson) Dixon,
1603,500,433,synonyme,species,Campylium,polygamum,,,(Schimp.) Lange & C.E.O.Jensen,,
500,500,433,accepté,species,Drepanocladus,polygamus,,,(Schimp.) Hedenäs,,
5236,500,433,synonyme,species,Hypnum,polygamum,,,(Schimp.) Wilson,,
5237,,,à déterminer,species,Drepanocladus,sendtneri,,,(Schimp. ex H.Müll.) Warnst.,,
5238,,,à déterminer,species,Drepanocladus,wilsonii,,,(Schimp.) Loeske,,
5239,,,à déterminer,variety,Hypnum,falcatum,microphyllum,,,Kindb.,
5240,,,à déterminer,species,Hypnum,sendtneri,,,Schimp.,,
5241,,,à déterminer,species,Drepanocladus,sordidus,,,(Müll.Hal.) Hedenäs,,
1774,3081,665,synonyme,species,Calliergon,trifarium,,,(F.Weber & D.Mohr) Kindb.,,
3079,3081,665,synonyme,species,Drepanocladus,trifarius,,,(F.Weber & D.Mohr) Broth.,,non
3080,3081,665,synonyme,species,Drepanocladus,trifarius,,,(F.Weber & D.Mohr) Paris,,non
767,3081,665,synonyme,species,Pseudocalliergon,trifarium,,,(F. Weber & D. Mohr) Loeske,,
1777,3212,666,synonyme,species,Calliergon,turgescens,,,(T.Jensen) Kindb.,,
3212,3212,666,accepté,species,Drepanocladus,turgescens,,,(T. Jensen) Broth.,,
769,3212,666,synonyme,species,Pseudocalliergon,turgescens,,,(T. Jensen) Loeske,,
1778,3212,666,synonyme,species,Scorpidium,turgescens,,,(T.Jensen) Loeske,,
5242,3484,434,synonyme,species,Drummondia,clavellata,,,(Hook. & Grev.) Hook.,,
502,3484,434,synonyme,species,Drummondia,prorepens,,,(Hedw.) E. Britton,,non
3106,3106,1106,accepté,species,Encalypta,affinis,,,R.Hedw.,,
503,503,435,accepté,subspecies,Encalypta,affinis,affinis,,R. Hedw.,,
505,505,437,accepté,species,Encalypta,alpina,,,Sm.,,
3039,3039,1041,accepté,variety,Encalypta,brevicolla,brevicolla,,(Bruch & Schimp.) Ångstr.,,
3040,3040,438,accepté,species,Encalypta,brevicolla,,,(Bruch & Schimp.) Ångstr.,,
3041,3056,1042,synonyme,subspecies,Encalypta,brevicollis,brevicollis,,(Bruch & Schimp.) Ångstr.,,
3056,3056,1042,accepté,subspecies,Encalypta,brevicolla,brevicollis,,(Bruch & Schimp.) Ångstr.,,
506,3040,438,synonyme,species,Encalypta,brevicollis,,,(Bruch & Schimp.) Ångstr.,,
3042,3040,438,synonyme,species,Encalypta,labradorica,,,Kindb.,,
3055,3040,438,synonyme,species,Encalypta,subbrevicollis,,,Kindb.,,
507,507,439,accepté,species,Encalypta,brevipes,,,Schljakov,,
508,508,440,accepté,species,Encalypta,ciliata,,,Hedw.,,
5243,508,440,synonyme,species,Encalypta,laciniata,,,Lindb.,,
3213,3213,441,accepté,species,Encalypta,longicolla,,,Bruch,,
509,3213,441,synonyme,species,Encalypta,longicollis,,,Bruch,,
5244,,,à déterminer,species,Encalypta,intermedia,,,Jur.,,
510,510,442,accepté,species,Encalypta,procera,,,Bruch,,
5245,,,à déterminer,species,Encalypta,rhabdocarpa,,,Schwägr.,,
511,511,443,accepté,species,Encalypta,rhaptocarpa,,,Schwägr.,,
5246,,,à déterminer,species,Encalypta,spathulata,,,Müll.Hal.,,
5247,,,à déterminer,species,Encalypta,streptocarpa,,,Hedw.,,
5248,,,à déterminer,variety,Encalypta,vulgaris,mutica,,,Brid.,
5249,,,à déterminer,species,Encalypta,vulgaris,,,Hedw.,,
1908,1908,99,accepté,species,Endogemma,caespiticia,,,"(Lindenb.) Konstant., Vilnet & A.V. Troitsky",,
114,1908,99,synonyme,species,Jungermannia,caespiticia,,,Lindenb.,,
512,512,444,accepté,species,Entodon,cladorrhizans,,,(Hedw.) Müll. Hal.,,
5250,,,à déterminer,species,Entodon,concinnus,,,(De Not.) Paris,,
5251,,,à déterminer,species,Entodon,orthocarpus,,,(Brid.) Lindb.,,
513,513,445,accepté,species,Entodon,seductrix,,,(Hedw.) Müll. Hal.,,
5252,,,à déterminer,species,Entosthodon,fascicularis,,,(Hedw.) Müll.Hal.,,
85,3214,75,synonyme,species,Eocalypogeia,schusterana,,,(S. Hatt. & Mizut.) R.M. Schust.,,
3214,3214,75,accepté,species,Eocalypogeia,schusteriana,,,(S. Hatt. & Mizut.) R.M. Schust.,,
5253,,,à déterminer,species,Epipterygium,tozeri,,,(Grev.) Lindb.,,
87,3403,76,synonyme,species,Eremonotus,myriocarpus,,,(Carrington) Pearson,,non
5254,,,à déterminer,species,Eucladium,verticillatum,,,(With.) Bruch & Schimp.,,
5255,,,à déterminer,species,Eurhynchium,diversifolium,,,Schimp.,,
5256,,,à déterminer,variety,Eurhynchium,pulchellum,diversifolium,,,(Schimp.) C.E.O.Jensen,
5257,,,à déterminer,variety,Eurhynchium,pulchellum,pulchellum,,,,
518,518,450,accepté,species,Eurhynchiastrum,pulchellum,,,(Hedw.) Ignatov & Huttunen,,
5258,518,450,synonyme,variety,Eurhynchium,pulchellum,praecox,,,(Sw. ex Hedw.) Dixon,
5259,518,450,synonyme,variety,Eurhynchium,pulchellum,robustum,,,(Röll) Jenn.,
519,518,450,synonyme,species,Eurhynchium,pulchellum,,,(Hedw.) Jenn.,,
5260,518,450,synonyme,variety,Eurhynchium,strigosum,fallax,,,Renauld & Cardot,
1611,518,450,synonyme,species,Eurhynchium,strigosum,,,(Hoffm. ex F.Weber & D.Mohr) Schimp.,,
5261,518,450,synonyme,species,Eurhynchium,substrigosum,,,Kindb.,,
1610,518,450,synonyme,species,Rhynchostegium,pulchellum,,,(Hedw.) H.Rob.,,
5262,,,à déterminer,variety,Eurhynchiastrum,pulchellum,pulchellum,,,,
5263,,,à déterminer,species,Eurhynchium,striatum,,,(Schreb. ex Hedw.) Schimp.,,
520,520,451,accepté,species,Fissidens,adianthoides,,,Hedw.,,
521,521,452,accepté,species,Fissidens,bryoides,,,Hedw.,,
522,522,453,accepté,species,Fissidens,bushii,,,(Cardot & Thér.) Cardot & Thér.,,
5264,523,454,synonyme,variety,Fissidens,cristatus,winonensis,,,(Renauld & Cardot) Grout,
3546,523,454,synonyme,species,Fissidens,cristatus,,,Wilson,,
1257,523,454,synonyme,species,Fissidens,cristatus,,,Wilson ex Mitt.,,
5265,523,454,synonyme,species,Fissidens,decipiens,,,De Not.,,
523,523,454,accepté,species,Fissidens,dubius,,,P. Beauv.,,
1255,521,452,synonyme,species,Fissidens,exiguus,,,Sull.,,
525,525,455,accepté,species,Fissidens,exilis,,,Hedw.,,
526,526,456,accepté,species,Fissidens,fontanus,,,(Bach. Pyl.) Steud.,,
5266,,,à déterminer,variety,Fissidens,bryoides,incurvus,,,(Starke ex Röhl.) Huebener,
5267,,,à déterminer,species,Fissidens,muriculatus,,,Spruce ex Mitt.,,
527,527,457,accepté,species,Fissidens,minutulus,,,Sull.,,
528,528,458,accepté,species,Fissidens,obtusifolius,,,Wilson,,
2217,2217,459,accepté,species,Fissidens,osmundioides,,,Hedw.,,
529,2217,459,synonyme,species,Fissidens,osmundoides,,,Hedw.,,
5268,,,à déterminer,subspecies,Fissidens,minutulus,pusillus,,,(Wilson) Wijk & Margad.,
5269,,,à déterminer,species,Fissidens,pusillus,,,(Wilson) Milde,,
530,530,460,accepté,species,Fissidens,subbasilaris,,,Hedw.,,
5270,,,à déterminer,variety,Fissidens,obtusifolius,apiculatus,,,Grout,
531,531,461,accepté,species,Fissidens,taxifolius,,,Hedw.,,
5271,521,452,synonyme,variety,Fissidens,bryoides,viridulus,,,(Sw.) Broth.,
1256,521,452,synonyme,species,Fissidens,viridulus,,,(Sw.) Wahlenb.,,
1979,490,425,synonyme,species,Ditrichum,flexicaule,,,(Schwägr.) Hampe,,
490,490,425,accepté,species,Flexitrichum,flexicaule,,,(Schwägr.) Ignatov & Fedosov,,
1251,491,426,synonyme,species,Ditrichum,crispatissimum,,,(Müll.Hal.) Paris,,
5272,491,426,synonyme,variety,Ditrichum,flexicaule,sterilis,,,De Not.,
1250,491,426,synonyme,species,Ditrichum,giganteum,,,R.S.Williams,,
1980,491,426,synonyme,species,Ditrichum,gracile,,,(Mitt.) Kuntze,,
3020,3020,462,synonyme,variety,Fontinalis,antipyretica,gigantea,,Hedw.,(Sull.) Sull.,
532,532,462,accepté,species,Fontinalis,antipyretica,,,Hedw.,,
1612,3020,462,synonyme,species,Fontinalis,gigantea,,,Sull.,,
3021,3020,462,synonyme,variety,Fontinalis,antipyretica,antipyretica,,Hedw.,,
533,533,463,accepté,species,Fontinalis,dalecarlica,,,Bruch & Schimp.,,
1627,537,467,synonyme,species,Fontinalis,flaccida,,,Renauld & Cardot,,
5273,534,464,synonyme,subspecies,Fontinalis,hypnoides,nitida,,,(Lindb. & Arnell) Cardot,
534,534,464,accepté,species,Fontinalis,hypnoides,,,Hartm.,,
5274,534,464,synonyme,variety,Fontinalis,nitida,angustiretis,,,Cardot,
1614,534,464,synonyme,species,Fontinalis,nitida,,,Lindb. & Arnell,,
1615,534,464,synonyme,species,Fontinalis,duriaei,,,Schimp.,,
1613,534,464,synonyme,variety,Fontinalis,hypnoides,duriaei,,,(Schimp.) Husn.,
1628,537,467,synonyme,species,Fontinalis,missourica,,,Cardot,,
1616,535,465,synonyme,variety,Fontinalis,novae-angliae,cymbifolia,,,(Austin) W.H.Welch,
5275,535,465,synonyme,variety,Fontinalis,novae-angliae,delamarei,,,(Renauld & Cardot) W.H.Welch,
5276,535,465,synonyme,variety,Fontinalis,novae-angliae,waghornei,,,(Cardot) W.H.Welch,
535,535,465,accepté,species,Fontinalis,novae-angliae,,,Sull.,,
5277,535,465,synonyme,species,Fontinalis,waghornei,,,Cardot,,
536,536,466,accepté,species,Fontinalis,sphagnifolia,,,(Müll. Hal.) Wijk & Margad.,,
537,537,467,accepté,species,Fontinalis,sullivantii,,,Lindb.,,
540,540,468,accepté,species,Forsstroemia,trichomitria,,,(Hedw.) Lindb.,,
89,89,77,accepté,species,Fossombronia,foveolata,,,Lindb.,,
90,3404,78,synonyme,species,Fossombronia,wondraczekii,,,(Corda) Dumort. ex Lindb.,,non
3438,3404,78,synonyme,species,Fossombronia,wondraczekii,,,(Corda) Dum.,,non
5278,,,à déterminer,species,Racomitrium,varium,,,(Mitt.) A.Jaeger,,
91,91,79,accepté,species,Frullania,asagrayana,,,Mont.,,
1098,91,79,synonyme,subspecies,Frullania,tamarisci,asagrayana,,,(Mont.) S.Hatt.,
3076,3076,80,accepté,species,Frullania,austinii,,,"J.J. Atwood, Vilnet, Mamontov & Konstant.",,
93,93,80,accepté,species,Frullania,bolanderi,,,Austin,,
1926,1926,891,accepté,species,Frullania,brittoniae,,,A. Evans,,
5279,,,à déterminer,species,Frullania,grayana,,,Steph.,,
5280,,,à déterminer,species,Frullania,dilatata,,,(L.) Dumort.,,
5281,3077,81,synonyme,subspecies,Frullania,eboracensis,eboracensis,,,,
94,3077,81,synonyme,species,Frullania,eboracensis,,,Gottsche,,non
3077,3077,81,accepté,species,Frullania,eboracensis,,,Lehm.,,oui
95,3276,1119,synonyme,variety,Frullania,inflata,communis,,Gottsche,R.M. Schust.,
96,96,83,accepté,species,Frullania,oakesiana,,,Austin,,
97,97,84,accepté,species,Frullania,riparia,,,Hampe ex Lehm.,,
98,98,85,accepté,species,Frullania,selwyniana,,,Pearson,,
5282,,,à déterminer,species,Frullania,tamarisci,,,(L.) Dumort.,,
5283,,,à déterminer,variety,Funaria,hygrometrica,calvescens,,,(Schwägr.) Mont.,
3215,3215,0,accepté,species,Funaria,flavicans,,,Michx.,,
541,541,469,accepté,species,Funaria,hygrometrica,,,Hedw.,,
5284,,,à déterminer,variety,Funaria,hygrometrica,hygrometrica,,,,
5285,,,à déterminer,species,Funaria,microstoma,,,Bruch ex Schimp.,,
1858,1858,168,accepté,species,Fuscocephaloziopsis,albescens,,,(Hook.) Vá?a & L. Söderstr.,,
1986,1858,168,synonyme,species,Pleuroclada,albescens,,,(Hook.) Spruce,,
5286,1858,168,synonyme,species,Pleurocladula,albescens,,,(Hook.) Grolle,,
196,3065,1044,synonyme,variety,Pleurocladula,albescens,albescens,,,,
48,1860,43,synonyme,species,Cephalozia,catenulata,,,(Huebener) Lindb.,,
49,3068,44,synonyme,species,Cephalozia,connivens,,,(Dicks.) Lindb.,,
50,1862,45,synonyme,species,Cephalozia,leucantha,,,Spruce,,
1862,1862,45,accepté,species,Fuscocephaloziopsis,leucantha,,,(Spruce) Vá?a & L. Söderstr.,,
51,1863,46,synonyme,species,Cephalozia,loitlesbergeri,,,Schiffn.,,
1863,1863,46,accepté,species,Fuscocephaloziopsis,loitlesbergeri,,,(Schiffn.) Vá?a & L. Söderstr.,,
52,1907,47,synonyme,species,Cephalozia,lunulifolia,,,(Dumort.) Dumort.,,
1073,1907,47,synonyme,species,Cephalozia,media,,,Lindb.,,
1907,1907,47,accepté,species,Fuscocephaloziopsis,lunulifolia,,,(Dumort.) Vá?a & L. Söderstr.,,
53,3216,48,synonyme,species,Cephalozia,macrostachya,,,Kaal.,,
3216,3216,1120,accepté,species,Fuscocephaloziopsis,macrostachya,,,(Kaal.) Vá?a & L. Söderstr.,,
5287,1865,49,synonyme,variety,Cephalozia,pleniceps,pleniceps,,,,
54,1865,49,synonyme,species,Cephalozia,pleniceps,,,(Austin) Lindb.,,
1865,1865,49,accepté,species,Fuscocephaloziopsis,pleniceps,,,(Austin) Vá?a & L. Söderstr.,,
5288,,,à déterminer,variety,Cephalozia,pleniceps,macrantha,,,(Kaal. & W.E.Nicholson) Müll.Frib.,
1244,3277,416,synonyme,species,Barbula,fallax,,,Hedw.,,
5289,3277,416,synonyme,species,Barbula,gracilis,,,Schumach.,,
480,3277,416,synonyme,species,Didymodon,fallax,,,(Hedw.) R.H. Zander,,
1246,3278,417,synonyme,species,Barbula,reflexa,,,(Brid.) Brid.,,
1245,3278,417,synonyme,variety,Didymodon,fallax,reflexus,,,(Brid.) R.H.Zander,
482,3278,417,synonyme,species,Didymodon,ferrugineus,,,(Schimp. ex Besch.) M.O. Hill,,
5290,,,à déterminer,species,Didymodon,luridus,,,Hornsch. ex Spreng.,,
5291,,,à déterminer,variety,Didymodon,vinealis,luridus,,,(Hornsch. ex Spreng.) R.H.Zander,
5292,,,à déterminer,species,Didymodon,spadiceus,,,(Mitt.) Limpr.,,
485,3279,420,synonyme,species,Didymodon,tophaceus,,,(Brid.) Lisa,,
355,355,307,accepté,species,Bryum,caespiticium,,,Hedw.,,
5293,355,307,synonyme,species,Bryum,caespiticum,,,Hedw.,,
1525,355,307,synonyme,species,Gemmabryum,caespiticium,,,(Hedw.) J.R.Spence,,
5294,355,307,synonyme,species,Ptychostomum,imbricatulum,,,(Müll.Hal.) Holyoak & N.Pedersen,,
363,363,314,accepté,species,Bryum,demaretianum,,,Arts,,
1535,364,315,synonyme,species,Bryum,bicolor,,,Dicks.,,
364,364,315,accepté,species,Bryum,dichotomum,,,Hedw.,,
1537,364,315,synonyme,species,Gemmabryum,dichotomum,,,(Hedw.) J.R.Spence & H.P.Ramsay,,
369,369,319,accepté,species,Bryum,klinggraeffii,,,Schimp.,,
382,382,331,accepté,species,Bryum,tenuisetum,,,Limpr.,,
387,387,335,accepté,species,Bryum,violaceum,,,Crundw. & Nyholm,,
99,99,86,accepté,species,Geocalyx,graveolens,,,(Schrad.) Nees,,
5295,,,à déterminer,species,Grimmia,alpestris,,,(F.Weber & D.Mohr) Schleich.,,
542,542,470,accepté,species,Grimmia,anodon,,,Bruch & Schimp.,,
5296,542,470,synonyme,species,Schistidium,obtusifolium,,,Ireland & H.A.Crum,,
5297,,,à déterminer,species,Grimmia,anomala,,,Hampe ex Schimp.,,
543,543,471,accepté,species,Grimmia,atrata,,,Miel. ex Hornsch.,,
544,544,472,accepté,species,Grimmia,crinitoleucophaea,,,Cardot,,
1260,544,472,synonyme,species,Grimmia,poecilostoma,,,Cardot & Sebille,,
545,545,473,accepté,species,Grimmia,donniana,,,Sm.,,
546,546,474,accepté,species,Grimmia,elatior,,,Bruch ex Bals.-Criv. & De Not.,,
547,547,475,accepté,species,Grimmia,elongata,,,Kaulf.,,
549,549,477,accepté,species,Grimmia,incurva,,,Schwägr.,,
1262,549,477,synonyme,species,Grimmia,torngakiana,,,Brassard & Hedd.,,
3217,3217,0,accepté,species,Grimmia,laevigata,,,(Brid.) Brid.,,
551,551,478,accepté,species,Grimmia,longirostris,,,Hook.,,
552,552,479,accepté,species,Grimmia,mollis,,,Bruch & Schimp.,,
1265,552,479,synonyme,species,Hydrogrimmia,mollis,,,(Bruch & Schimp.) Loeske,,
553,3271,480,synonyme,species,Grimmia,muehlenbeckii,,,Schimp.,,
1267,3271,480,synonyme,variety,Grimmia,trichophylla,tenuis,,,(Wahlenb.) Wijk & Margad.,
554,554,481,accepté,species,Grimmia,olneyi,,,Sull.,,
1270,555,482,synonyme,species,Grimmia,commutata,,,Huebener,,
555,555,482,accepté,species,Grimmia,ovalis,,,(Hedw.) Lindb.,,
5298,555,482,synonyme,species,Grimmia,ovata,,,F.Weber & D.Mohr,,
556,556,483,accepté,species,Grimmia,pilifera,,,P. Beauv.,,
5299,,,à déterminer,species,Grimmia,pulvinata,,,(Hedw.) Sm.,,
2154,2154,,accepté,species,Dryptodon,patens,,,(Dicks. ex Hedw.) Brid.,,
2153,2154,,synonyme,species,Grimmia,ramondii,,,(DC.) Margad.,,
5300,2154,,synonyme,species,Rhacomitrium,patens,,,(Hedw.) Huebener,,
1273,557,484,synonyme,species,Grimmia,reflexidens,,,Müll.Hal.,,
557,557,484,accepté,species,Grimmia,sessitana,,,De Not.,,
1272,557,484,synonyme,species,Grimmia,tenerrima,,,Renauld & Cardot,,
560,3272,486,synonyme,species,Grimmia,torquata,,,Drumm.,,
3486,3272,486,synonyme,species,Grimmia,torquata,,,Hornsch.,,
561,3273,487,synonyme,species,Grimmia,trichophylla,,,Grev.,,
562,3487,488,synonyme,species,Grimmia,unicolor,,,Hook.,,non
3107,3107,1107,accepté,species,Gymnocolea,inflata,,,(Huds.) Dumort.,,
1100,102,88,synonyme,species,Lophozia,inflata,,,(Huds.) M.Howe,,
1099,100,87,synonyme,species,Gymnocolea,acutiloba,,,(Schiffn.) K.Muell.,,
100,100,87,accepté,subspecies,Gymnocolea,inflata,acutiloba,,(Huds.) Dumort.,(Schiffn.) R.M. Schust. & Damsh. ex L. Söderstr. & Vá?a,
102,102,88,accepté,subspecies,Gymnocolea,inflata,inflata,,(Huds.) Dumort.,,
5301,,,à déterminer,species,Gymnocolea,multiflora,,,(Steph.) R.M.Schust.,,
5302,1154,142,synonyme,species,Gymnomitrion,varians,,,(Lindb.) Schiffn.,,
167,1154,142,synonyme,species,Marsupella,brevissima,,,(Dumort.) Grolle,,
5303,105,90,synonyme,species,Acolea,concinnata,,,(Lightf.) Dumort.,,
105,105,90,accepté,species,Gymnomitrion,concinnatum,,,(Lightf.) Corda,,
5304,106,91,synonyme,species,Acolea,coralloides,,,(Nees) Dumort.,,
106,106,91,accepté,species,Gymnomitrion,corallioides,,,Nees,,
3440,107,92,synonyme,species,Gymnomitrion,obtusum,,,(Lindb.) Pears.,,non
1904,1905,16,synonyme,species,Apomarsupella,revoluta,,,(Nees) R.M. Schust.,,
1049,1905,16,synonyme,species,Marsupella,revoluta,,,(Nees) Dumort.,,
5305,,,à déterminer,subspecies,Gymnomitrion,revolutum,revolutum,,,,
563,563,489,accepté,species,Gymnostomum,aeruginosum,,,Sm.,,
5306,563,489,synonyme,species,Gymnostomum,rupestre,,,Schleich. ex Schwägr.,,
3218,3218,0,accepté,species,Gymnostomum,calcareum,,,Nees & Hornsch.,,
5307,,,à déterminer,variety,Gymnostomum,calcareum,brevifolium,,,E.Bauer,
5308,,,à déterminer,species,Drepanocladus,lapponicus,,,(Norrl.) Smirnova,,
1629,565,491,synonyme,species,Drepanocladus,vernicosus,,,(Mitt.) Warnst.,,
565,565,491,accepté,species,Hamatocaulis,vernicosus,,,(Mitt.) Hedenäs,,
5309,,,à déterminer,species,Haplocladium,schwetschkeoides,,,(Cardot) Broth.,,
1631,3488,492,synonyme,species,Bryohaplocladium,microphyllum,,,(Sw. ex Hedw.) R.Watan. & Z.Iwats.,,
5310,3488,492,synonyme,subspecies,Haplocladium,microphyllum,capillatum,,,(Mitt.) Reimers,
3488,3488,492,accepté,species,Haplocladium,microphyllum,,,(Sw. ex Hedw.) Broth.,,oui
1630,3488,492,synonyme,species,Thuidium,microphyllum,,,(Sw. ex Hedw.) A.Jaeger,,
3219,3219,0,accepté,species,Haplocladium,virginianum,,,(Brid.) Broth.,,
5311,,,à déterminer,species,Mielichhoferia,macrocarpa,,,(Drumm.) Bruch & Schimp.,,
3560,1632,493,synonyme,species,Anomodon,tristis,,,(Ces.) Sull.,,non
568,1632,493,synonyme,species,Haplohymenium,triste,,,(Ces.) Kindb.,,
108,108,93,accepté,species,Harpanthus,drummondii,,,(Taylor) Grolle,,
109,109,94,accepté,species,Harpanthus,flotovianus,,,(Nees) Nees,,
110,110,95,accepté,species,Harpanthus,scutatus,,,(F. Weber & D. Mohr) Spruce,,
5312,3489,494,synonyme,species,Hedwigia,albicans,,,Lindb.,,
5313,3489,494,synonyme,form,Hedwigia,ciliata,viridis,,,(Bruch & Schimp.) G.N.Jones,
3489,3489,494,accepté,species,Hedwigia,ciliata,,,(Hedw.) Boucher,,oui
569,3489,494,synonyme,species,Hedwigia,ciliata,,,(Hedw.) P. Beauv.,,non
5314,,,à déterminer,variety,Hedwigia,ciliata,leucophaea,,,Bruch & Schimp.,
5315,3097,,synonyme,species,Elodium,blandowii,,,(F.Weber & D.Mohr) Eckel,,
3093,3094,495,synonyme,variety,Helodium,blandovii,blandovii,,(F. Weber & D. Mohr) Warnst.,,
3097,3097,1054,complexe,complexe,Helodium,blandovii,,sensu lato Faubert,(F. Weber & D. Mohr) Warnst.,,oui
3094,3094,495,accepté,species,Helodium,blandovii,,sensu stricto Ignatov 2022,(F. Weber & D. Mohr) Warnst.,,non
3095,3096,496,synonyme,variety,Helodium,blandovii,helodioides,,(F. Weber & D. Mohr) Warnst.,,
570,3094,495,synonyme,variety,Helodium,blandowii,blandowii,,(F. Weber & D. Mohr) Warnst.,,
3092,3097,1054,synonyme,complexe,Helodium,blandowii,,sensu lato Faubert,(F. Weber & D. Mohr) Warnst.,,
5316,3097,,synonyme,species,Helodium,lanatum,,,(Brid.) Broth.,,
5317,3097,,synonyme,species,Helodium,pseudoabietinum,,,(Kindb.) Broth.,,
5318,3097,,synonyme,species,Thuidium,blandowii,,,(F.Weber & D.Mohr) Schimp.,,
5319,3097,,synonyme,species,Thuidium,pseudoabietinum,,,Kindb.,,
571,3096,496,synonyme,variety,Helodium,blandowii,helodioides,,(F. Weber & D. Mohr) Warnst.,(Renauld & Cardot) H.A.Crum et al.,
5320,3096,496,synonyme,species,Elodium,elodioides,,,(Renauld & Cardot) Eckel,,
2228,2228,497,accepté,species,Elodium,paludosum,,,(A. Jaeger) Austin ex C.F. Parker,,oui
2229,2228,497,synonyme,species,Elodium,paludosum,,,Austin,,non
2230,2228,497,synonyme,species,Helodium,paludosum,,,(Austin) Austin ex Broth.,,
572,2228,497,synonyme,species,Helodium,paludosum,,,(Austin) Broth,,
2231,2228,497,synonyme,species,Helodium,paludosum,,,(Austin) Austin,,
5321,2228,497,synonyme,species,Hypnum,paludosum,,,Sull.,,
1275,573,498,synonyme,species,Desmatodon,heimii,,,(Hedw.) Mitt.,,
5322,573,498,synonyme,species,Desmatodon,systylioides,,,Renauld & Cardot,,
573,573,498,accepté,species,Hennediella,heimii,,,(Hedw.) R.H. Zander,,
5323,573,498,synonyme,variety,Pottia,heimii,cylindrica,,,Bruch & Schimp.,
3547,573,498,synonyme,species,Pottia,heimii,,,(Hedw.) Hampe,,
3548,573,498,synonyme,species,Pottia,heimii,,,(Hedw.) Fuernr.,,
5324,,,à déterminer,species,Herbertus,aduncus,,,(Dicks.) Gray,,
5325,,,à déterminer,species,Herbertus,tenuis,,,A.Evans,,
5326,,,à déterminer,species,Herzogiella,seligeri,,,(Brid.) Z.Iwats.,,
5327,,,à déterminer,species,Isopterygium,silesiacum,,,(Brid.) Kindb.,,
5328,,,à déterminer,species,Plagiothecium,silesiacum,,,(Brid.) Schimp.,,
575,575,499,accepté,species,Herzogiella,striatella,,,(Brid.) Z. Iwats.,,
1634,575,499,synonyme,species,Isopterygium,striatellum,,,(Brid.) Loeske,,
1635,575,499,synonyme,species,Plagiothecium,striatellum,,,(Brid.) Lindb.,,
576,576,500,accepté,species,Herzogiella,turfacea,,,(Lindb.) Z. Iwats.,,
1638,576,500,synonyme,species,Isopterygium,turfaceum,,,(Lindb.) Lindb.,,
1639,576,500,synonyme,species,Plagiothecium,turfaceum,,,Lindb.,,
577,3281,501,synonyme,species,Heterocladium,dimorphum,,,(Brid.) Schimp.,,
1640,3281,501,synonyme,species,Heterocladium,squarrosulum,,,Lindb.,,
5329,,,à déterminer,variety,Heterocladium,heteropterum,fallax,,,Milde,
5330,,,à déterminer,species,Heterocladium,heteropterum,,,Schimp.,,
1178,1946,220,synonyme,species,Lophozia,capitata,,,(Hook.) Macoun,,
250,1946,220,synonyme,species,Schistochilopsis,capitata,,,(Hook.) Konstant.,,
1946,1946,220,accepté,species,Tritomaria,capitata,,,(Hook.) Stotler & Crand.-Stotl.,,
1182,1945,224,synonyme,species,Lophozia,laxa,,,(Lindb.) Grolle,,
1183,1945,224,synonyme,species,Lophozia,marchica,,,(Nees ex Limpr.) Steph.,,
5331,,,à déterminer,species,Heterophyllium,nemorosum,,,(W.D.J.Koch ex Brid.) Kindb.,,
1641,3490,502,synonyme,species,Homalia,jamesii,,,Schimp.,,
5332,3490,502,synonyme,variety,Homalia,trichomanoides,jamesii,,,(Schimp.) Holz.,
3490,3490,502,accepté,species,Homalia,trichomanoides,,,(Hedw.) Brid.,,oui
3491,3490,502,synonyme,species,Homalia,trichomanoides,,,(Hedw.) B.S.G.,,non
578,3490,502,synonyme,species,Homalia,trichomanoides,,,(Hedw.) Schimp.,,non
5333,,,à déterminer,species,Camptothecium,lutescens,,,(Hedw.) Schimp.,,
5334,,,à déterminer,species,Homalothecium,lutescens,,,(Hedw.) H.Rob.,,
5335,,,à déterminer,species,Homalothecium,nuttallii,,,(Wilson) A.Jaeger,,
5336,,,à déterminer,species,Homalothecium,sericeum,,,(Hedw.) Schimp.,,
579,579,503,accepté,species,Homomallium,adnatum,,,(Hedw.) Broth.,,
5337,579,503,synonyme,species,Hypnum,adnatum,,,Hedw.,,
5338,3220,415,synonyme,species,Barbula,asperifolia,,,Mitt.,,
479,3220,415,synonyme,species,Didymodon,asperifolius,,,"(Mitt.) H.A. Crum, Steere & L.E. Anderson",,
1243,3220,415,synonyme,species,Didymodon,rufus,,,Lorentz,,
3220,3220,415,accepté,species,Husnotiella,asperifolia,,,(Mitt.) J.A. Jiménez & M.J. Cano,,oui
111,111,96,accepté,species,Hygrobiella,laxifolia,,,(Hook.) Spruce,,
583,3221,507,synonyme,species,Hygrohypnum,bestii,,,(Renauld & Bryhn) Holz.,,
3221,3221,507,accepté,species,Platyhypnum,bestii,,,(Renauld & Bryhn) Ochyra,,
3222,3222,513,accepté,species,Hygrohypnella,ochracea,,,(Turner ex Wilson) Ignatov & Ignatova,,
5339,3222,513,synonyme,variety,Hygrohypnum,ochraceum,complanatum,,,(Milde) Loeske,
5340,3222,513,synonyme,variety,Hygrohypnum,ochraceum,flaccidum,,,(Milde) J.J.Amann,
589,3222,513,synonyme,species,Hygrohypnum,ochraceum,,,(Turner ex Wilson) Loeske,,
5341,3222,513,synonyme,variety,Hypnum,ochraceum,complanatum,,,Milde,
5342,3222,513,synonyme,variety,Hypnum,ochraceum,filiforme,,,Limpr.,
5343,3222,513,synonyme,species,Hypnum,ochraceum,,,Turner ex Wilson,,
590,3284,514,synonyme,species,Hygrohypnum,polare,,,(Lindb.) Loeske,,
3492,3221,507,synonyme,species,Hygrohypnum,bestii,,,(Renauld & Bryhn) Broth.,,
2225,2224,510,synonyme,species,Hygrohypnum,eugyrium,,,(Schimp.) Broth.,,
587,587,511,accepté,species,Hygrohypnum,luridum,,,(Hedw.) Jenn.,,
5344,587,511,synonyme,variety,Hygrohypnum,palustre,julaceum,,,(Schimp.) Loeske,
5345,587,511,synonyme,species,Hygrohypnum,palustre,,,(Huds. ex Brid.) Loeske,,
5346,,,à déterminer,species,Hygrohypnum,styriacum,,,(Limpr.) Broth.,,
835,835,710,accepté,species,Hylocomiadelphus,triquetrus,,,(Hedw.) Ochyra & Stebel,,
1982,835,710,synonyme,species,Rhytidiadelphus,triquetrus,,,(Hedw.) Warnst.,,
593,593,517,accepté,species,Hylocomiastrum,pyrenaicum,,,(Spruce) M. Fleisch. ex Broth.,,oui
3493,593,517,synonyme,species,Hylocomiastrum,pyrenaicum,,,(Spruce) M.Fleisch.,,non
1657,593,517,synonyme,species,Hylocomium,pyrenaicum,,,(Spruce) Lindb.,,
595,595,518,accepté,species,Hylocomiastrum,umbratum,,,(Hedw.) M. Fleisch. ex Broth.,,oui
3494,595,518,synonyme,species,Hylocomiastrum,umbratum,,,(Hedw.) M.Fleisch.,,non
1658,595,518,synonyme,species,Hylocomium,umbratum,,,(Hedw.) Schimp.,,
5347,597,519,synonyme,species,Hylocomium,alaskanum,,,(Lesq. & James) Austin,,
5348,597,519,synonyme,species,Hylocomium,proliferum,,,(Brid.) Lindb.,,
5349,597,519,synonyme,variety,Hylocomium,splendens,alaskanum,,,(Lesq. & James) Limpr.,
5350,597,519,synonyme,variety,Hylocomium,splendens,compactum,,,(Lesq. & James) Macoun & Kindb.,
5351,597,519,synonyme,variety,Hylocomium,splendens,gracilius,,,(Boulay) Husn.,
597,597,519,accepté,species,Hylocomium,splendens,,,(Hedw.) Schimp.,,
5352,597,519,synonyme,species,Hypnum,alaskanum,,,Lesq. & James,,
450,3223,390,synonyme,species,Dicranoweisia,crispula,,,(Hedw.) Milde,,
3223,3223,390,accepté,species,Hymenoloma,crispulum,,,(Hedw.) Ochyra,,
564,3047,490,synonyme,species,Gymnostomum,boreale,,,Nyholm & Hedenäs,,
5353,598,520,synonyme,species,Ardeuma,recurvirostrum,,,(Hedw.) R.H.Zander & Hedd.,,
5354,598,520,synonyme,species,Gymnostomum,curvirostrum,,,Brid.,,
1276,598,520,synonyme,variety,Gymnostomum,recurvirostrum,commutatum,,,(Mitt.) Grout,
599,598,520,synonyme,species,Gymnostomum,recurvirostrum,,,Hedw.,,
5355,598,520,synonyme,species,Hymenostylium,curvirostre,,,Mitt.,,
5356,598,520,synonyme,variety,Hymenostylium,recurvirostrum,commutatum,,,(Mitt.) Podp.,
5357,598,520,synonyme,variety,Hymenostylium,recurvirostrum,latifolium,,,(J.E.Zetterst.) Wijk & Margad.,
598,598,520,accepté,species,Hymenostylium,recurvirostrum,,,(Hedw.) Dixon,,
5358,,,à déterminer,species,Gymnostomum,recurvirostre,,,Hedw.,,
5359,,,à déterminer,variety,Hymenostylium,recurvirostrum,recurvirostrum,,,,
3224,3224,888,accepté,species,Hyophila,involuta,,,(Hook.) A. Jaeger,,
5360,600,521,synonyme,species,Hypnum,mammillatum,,,Loeske,,
3108,3108,1108,accepté,species,Hypnum,cupressiforme,,,Hedw.,,
5361,3108,1108,synonyme,species,Hypnum,decipiens,,,Hoffm. ex Brid.,,
603,603,524,accepté,variety,Hypnum,cupressiforme,cupressiforme,,Hedw.,,
604,604,525,accepté,variety,Hypnum,cupressiforme,filiforme,,Hedw.,Brid.,
5362,,,à déterminer,variety,Hypnum,cupressiforme,lacunosum,,,Brid.,
5363,,,à déterminer,variety,Hypnum,cupressiforme,subjulaceum,,,Molendo,
5364,,,à déterminer,species,Hypnum,inflectens,,,Brid.,,
605,3285,526,synonyme,variety,Hypnum,cupressiforme,resupinatum,,Hedw.,(Taylor) Schimp.,
5365,,,à déterminer,species,Hypnum,uncinulatum,,,Jur.,,
5366,,,à déterminer,species,Hypnum,waghornei,,,Kindb.,,
5367,,,à déterminer,species,Hypnum,vernicosum,,,Hampe,,
5368,,,à déterminer,species,Hypopterygium,didictyon,,,Müll.Hal.,,
5369,,,à déterminer,species,Bryum,alpinum,,,Huds. ex With.,,
5370,,,à déterminer,species,Bryum,ventricosum,,,R.Br.bis,,
368,368,318,accepté,species,Bryum,gemmiparum,,,De Not.,,
5371,368,318,synonyme,species,Imbribryum,gemmiparum,,,(De Not.) J.R.Spence,,
5372,,,à déterminer,species,Bryum,atwateriae,,,Müll.Hal.,,
5373,,,à déterminer,species,Bryum,miniatum,,,Lesq.,,
376,376,325,accepté,species,Bryum,muehlenbeckii,,,Bruch & Schimp.,,
5374,376,325,synonyme,species,Imbribryum,muehlenbeckii,,,(Bruch & Schimp.) N.Pedersen,,
1140,1140,122,accepté,species,Isopaches,bicrenatus,,,(Schmidel ex Hoffm.) H. Buch,,
143,1140,122,synonyme,species,Lophozia,bicrenata,,,(Schmidel ex Hoffm.) Dumort.,,
617,3286,537,synonyme,species,Isopterygiopsis,pulchella,,,(Hedw.) Z. Iwats.,,
5375,3286,537,synonyme,variety,Isopterygium,pulchellum,nitidulum,,,(Wahlenb.) G.Roth,
1666,3286,537,synonyme,species,Isopterygium,pulchellum,,,(Hedw.) A.Jaeger,,
1667,3286,537,synonyme,species,Plagiothecium,pulchellum,,,(Hedw.) Schimp.,,
5376,,,à déterminer,species,Isopterygiopsis,catagonioides,,,(Broth.) Ignatov & Ignatova,,
616,616,536,accepté,species,Isopterygiopsis,muelleriana,,,(Schimp.) Z. Iwats.,,
1663,616,536,synonyme,species,Isopterygium,muellerianum,,,(Schimp.) A.Jaeger,,
1664,616,536,synonyme,species,Plagiothecium,muellerianum,,,Schimp.,,
5377,,,à déterminer,species,Isopterygium,micans,,,(Sw.) Kindb.,,
5378,,,à déterminer,species,Isopterygium,tenerum,,,(Sw.) Mitt.,,
5379,,,à déterminer,species,Isothecium,myosuroides,,,"(Hedw.) Podp., 1954",,
1848,1847,879,synonyme,species,Jamesoniella,undulifolia,,,(Nees) K.Muell.,,
5380,2038,1010,synonyme,species,Hypnum,depressulum,,,Müll.Hal.,,
5381,113,98,synonyme,species,Aplozia,lanceolata,,,(L.) Dumort.,,
113,113,98,accepté,species,Jungermannia,atrovirens,,,Dumort.,,
1117,1116,105,synonyme,species,Jungermannia,lanceolata,,,L.,,
1104,113,98,synonyme,species,Jungermannia,tristis,,,Nees,,
1110,3288,102,synonyme,species,Jungermannia,cordifolia,,,Hook.,,
117,3288,102,synonyme,subspecies,Jungermannia,exsertifolia,cordifolia,,Steph.,(Dumort.) Vá?a,
1109,3288,102,synonyme,species,Solenostoma,cordifolium,,,(Dumort.) Steph.,,
5382,,,à déterminer,species,Jungermannia,exsertifolia,,,Steph.,,
122,122,107,accepté,species,Jungermannia,polaris,,,Lindb.,,
123,123,108,accepté,species,Jungermannia,pumila,,,With.,,
5383,123,108,synonyme,species,Solenostoma,pumilum,,,(With.) K.Muell.,,
5384,123,108,synonyme,species,Solenostoma,pumilum,,,(With.) Müll.Frib.,,
5385,,,à déterminer,species,Lepidozia,setacea,,,Mitt.,,
1131,126,111,synonyme,species,Microlepidozia,setacea,,,Jørg.,,
1672,622,542,synonyme,species,Eurhynchium,praelongum,,,(Hedw.) Schimp.,,
5386,622,542,synonyme,species,Hypnum,orthorhynchum,,,Brid.,,
622,622,542,accepté,species,Kindbergia,praelonga,,,(Hedw.) Ochyra,,
1671,622,542,synonyme,species,Stokesiella,praelonga,,,(Hedw.) H.Rob.,,
340,1894,298,synonyme,species,Bryhnia,graminicolor,,,(Brid.) Grout,,
1894,1894,298,accepté,species,Koponeniella,graminicolor,,,"(Brid.) Huttunen, Ignatov, Min Li & Y.F. Wang",,
126,126,111,accepté,species,Kurzia,pauciflora,,,(Dicks.) Grolle,,
5387,,,à déterminer,species,Lepidozia,sylvatica,,,A.Evans,,
140,140,119,accepté,species,Lejeunea,cavifolia,,,(Ehrh.) Lindb.,,oui
3109,3109,1109,accepté,species,Lejeunea,lamacerina,,,(Steph.) Schiffn.,,
141,141,120,accepté,species,Lepidozia,reptans,,,(L.) Dumort.,,
5388,625,543,synonyme,species,Leptobryum,piriforme,,,(L.) Schimp.,,
625,625,543,accepté,species,Leptobryum,pyriforme,,,(Hedw.) Wilson,,
5389,626,544,synonyme,variety,Amblystegium,riparium,elongatum,,,Schimp.,
5390,626,544,synonyme,variety,Amblystegium,riparium,longifolium,,,(Schultz) Schimp.,
5391,626,544,synonyme,variety,Amblystegium,riparium,obtusum,,,Grout,
1676,626,544,synonyme,species,Amblystegium,riparium,,,(Hedw.) Schimp.,,
3561,626,544,synonyme,species,Amblystegium,riparium,,,(Hedw.) B.S.G.,,
5392,626,544,synonyme,form,Leptodictyum,riparium,elongatum,,,(Schimp.) Mönk.,
1675,626,544,synonyme,variety,Leptodictyum,riparium,elongatum,,,(Schimp.) Warnst.,
5393,626,544,synonyme,form,Leptodictyum,riparium,fluitans,,,(Lesq. & James) Grout,
5394,626,544,synonyme,variety,Leptodictyum,riparium,laxirete,,,(Cardot & Thér.) Grout,
5395,626,544,synonyme,form,Leptodictyum,riparium,longifolium,,,(Schultz) Grout,
5396,626,544,synonyme,variety,Leptodictyum,riparium,longifolium,,,(Schultz) Warnst.,
5397,626,544,synonyme,form,Leptodictyum,riparium,obtusum,,,(Grout) Grout,
626,626,544,accepté,species,Leptodictyum,riparium,,,(Hedw.) Warnst.,,
5398,,,à déterminer,species,Hypnum,atrovirens,,,Dicks. ex Brid.,,
5399,,,à déterminer,species,Hypnum,implexum,,,Brid.,,
5400,,,à déterminer,species,Lescuraea,incurvata,,,(Hedw.) E.Lawton,,
5401,,,à déterminer,species,Pseudoleskea,filamentosa,,,(Dicks.) C.E.O.Jensen,,
773,1781,668,synonyme,species,Pseudoleskea,patens,,,(Lindb.) Kindb.,,
1782,1782,1048,accepté,species,Lescuraea,radicosa,,,(Mitt.) Mönk.,,
775,3071,670,synonyme,variety,Pseudoleskea,radicosa,radicosa,,(Mitt.) Macoun & Kindb.,,
2100,1782,1048,synonyme,species,Pseudoleskea,radicosa,,,(Mitt.) Macoun & Kindb.,,
774,3070,669,synonyme,variety,Pseudoleskea,radicosa,compacta,,(Mitt.) Macoun & Kindb.,Best,
627,627,545,accepté,species,Lescuraea,saxicola,,,(Schimp.) Molendo,,oui
3495,627,545,synonyme,species,Lescuraea,saxicola,,,(Schimp.) Milde,,non
1783,1783,671,accepté,species,Lescuraea,stenophylla,,,(Renauld & Cardot) Kindb.,,
776,1783,671,synonyme,species,Pseudoleskea,stenophylla,,,Renauld & Cardot,,
628,628,546,accepté,species,Leskea,gracilescens,,,Hedw.,,
629,629,547,accepté,species,Leskea,obscura,,,Hedw.,,
630,630,548,accepté,species,Leskea,polycarpa,,,Hedw.,,
1881,1881,549,accepté,species,Leucobryum,albidum,,,(Brid. ex P.Beauv.) Lindb.,,
631,631,549,accepté,species,Leucobryum,glaucum,,,(Hedw.) Ångstr.,,
5402,631,549,synonyme,species,Leucobryum,vulgare,,,Hampe,,
3225,3225,0,accepté,species,Leucodon,brachypus,,,Brid.,,
5403,,,à déterminer,species,Leucodon,julaceus,,,(Hedw.) Sull.,,
1683,632,550,synonyme,species,Leucodon,andrewsianus,,,(H.A.Crum & L.E.Anderson) W.D.Reese & L.E.Anderson,,
1682,632,550,synonyme,variety,Leucodon,brachypus,andrewsianus,,,H.A.Crum & L.E.Anderson,
632,632,550,accepté,species,Leucodon,sciuroides,,,(Hedw.) Schwägr.,,
5404,,,à déterminer,species,Dicranum,molle,,,Müll.Hal.,,
5405,,,à déterminer,species,Lewinskya,affinis,,,"(Brid.) F.Lara, Garilleti & Goffinet",,
5406,,,à déterminer,species,Orthotrichum,affine,,,Brid.,,
3226,3226,580,accepté,species,Lewinskya,elegans,,,"(Schwägr. ex Hook. & Grev.) F. Lara, Garilleti & Goffinet",,
1955,3226,580,synonyme,species,Orthotrichum,elegans,,,Schwägr. ex Hook. & Grev.,,
1708,3226,580,synonyme,variety,Orthotrichum,speciosum,elegans,,,(Schwägr. ex Hook. & Grev.) Warnst.,
1709,3226,580,synonyme,subspecies,Orthotrichum,speciosum,elegans,,,(Schwägr. ex Hook. & Grev.) Lindb.,
5407,,,à déterminer,species,Orthotrichum,killiasii,,,Müll.Hal.,,
5408,,,à déterminer,species,Lewinskya,laevigata,,,"(J.E.Zetterst.) F.Lara, Garilleti & Goffinet",,
5409,,,à déterminer,species,Orthotrichum,laevigatum,,,J.E.Zetterst.,,
673,673,585,accepté,species,Lewinskya,pylaisii,,,"(Brid.) F. Lara, Garilleti & Goffinet",,
5410,673,585,synonyme,variety,Orthotrichum,arcticum,blyttii,,,(Schimp.) Cardot & Thér.,
5411,673,585,synonyme,variety,Orthotrichum,arcticum,microblephare,,,(Schimp.) Mönk.,
5412,673,585,synonyme,species,Orthotrichum,arcticum,,,Schimp.,,
5413,673,585,synonyme,species,Orthotrichum,blyttii,,,Schimp.,,
1710,673,585,synonyme,species,Orthotrichum,microblephare,,,Schimp.,,
1956,673,585,synonyme,species,Orthotrichum,pylaisii,,,Brid.,,
5414,,,à déterminer,species,Lewinskya,rupestris,,,"(Schleich. ex Schwägr.) F.Lara, Garilleti & Goffinet",,
674,674,586,accepté,species,Lewinskya,sordida,,,"(Sull. & Lesq.) F. Lara, Garilleti & Goffinet",,
5415,674,586,synonyme,subspecies,Orthotrichum,affine,subrivale,,,Kindb.,
1957,674,586,synonyme,species,Orthotrichum,sordidum,,,Sull. & Lesq.,,
675,675,587,accepté,species,Lewinskya,speciosa,,,"(Nees) F. Lara, Garilleti & Goffinet",,
1958,675,587,synonyme,species,Orthotrichum,speciosum,,,Nees,,
5416,,,à déterminer,species,Orthotrichum,striatum,,,Hedw.,,
635,635,551,accepté,species,Lindbergia,brachyptera,,,(Mitt.) Kindb.,,
120,1116,105,synonyme,species,Jungermannia,leiantha,,,Grolle,,
1116,1116,105,accepté,species,Liochlaena,lanceolata,,,Nees,,
5417,3084,0,synonyme,species,Hylocomium,brevirostre,,,(Brid.) Schimp.,,
3082,3084,0,synonyme,species,Loeskeobryum,brevirostre,,,(Brid.) M.Fleisch.,,non
3083,3084,0,synonyme,species,Loeskeobryum,brevirostre,,,(Brid.) Broth.,,non
1686,3331,552,synonyme,species,Drepanocladus,badius,,,(Hartm.) G.Roth,,
636,3331,552,synonyme,species,Loeskypnum,badium,,,(Hartm.) H.K.G. Paul,,
5418,3333,553,synonyme,species,Calliergon,wickesiae,,,Grout,,
638,3333,553,synonyme,species,Loeskypnum,wickesiae,,,(Grout) Tuom.,,
1687,3333,553,synonyme,species,Calliergon,wickesii,,,Grout,,
5419,,,à déterminer,species,Loeskypnum,wickesii,,,(Grout) Tuom.,,
1790,3027,675,synonyme,species,Isopterygium,distichaceum,,,(Mitt.) A.Jaeger,,
784,3027,675,synonyme,species,Pseudotaxiphyllum,distichaceum,,,(Mitt.) Z.Iwats.,,
64,1087,59,synonyme,variety,Chiloscyphus,coadunatus,rivularis,,,"(Raddi) Frisvoll, Elvebakk, Flatberg & Økland",
1087,1087,59,accepté,species,Lophocolea,bidentata,,,(L.) Dumort.,,
5420,,,à déterminer,species,Chiloscyphus,coadunatus,,,(Sw.) J.J.Engel & R.M.Schust.,,
72,1092,65,synonyme,species,Chiloscyphus,profundus,,,(Nees) J.J. Engel & R.M. Schust.,,
1092,1092,65,accepté,species,Lophocolea,heterophylla,,,(Schrad.) Dumort.,,
66,1091,60,synonyme,species,Chiloscyphus,minor,,,(Nees) J.J. Engel & R.M. Schust.,,
1091,1091,60,accepté,species,Lophocolea,minor,,,Nees,,
142,142,121,accepté,species,Lophozia,ascendens,,,(Warnst.) R.M. Schust.,,
153,2049,129,synonyme,species,Lophozia,schusterana,,,Schljakov,,
2049,2049,129,accepté,species,Lophozia,schusteriana,,,Schljakov,,
145,1910,124,synonyme,species,Lophozia,excisa,,,(Dicks.) Dumort.,,
1910,1910,124,accepté,species,Lophoziopsis,excisa,,,(Dicks.) Konstant. & Vilnet,,
149,1911,126,synonyme,species,Lophozia,longidens,,,(Lindb.) Macoun,,
5421,,,à déterminer,variety,Lophoziopsis,longidens,longidens,,,,
3566,1849,880,synonyme,species,Lunularia,cruciata,,,(L.) Dumort.,,non
160,160,135,accepté,species,Mannia,fragrans,,,(Balb.) Frye & L. Clark,,
23,1906,18,synonyme,species,Asterella,gracilis,,,(F. Weber) Underw.,,
161,161,136,accepté,species,Mannia,pilosa,,,(Hornem.) Frye & L. Clark,,
1151,1152,1049,synonyme,species,Marchantia,aquatica,,,(Nees) Burgeff,,
1152,1152,1049,accepté,species,Marchantia,polymorpha,,,L.,,
1150,162,137,synonyme,species,Marchantia,alpestris,,,(Nees) Burgeff,,
5422,3405,137,synonyme,variety,Marchantia,polymorpha,alpestris,,L.,"(Nees) Gottsche, Lindenb. & Nees",
162,3405,137,synonyme,subspecies,Marchantia,polymorpha,montivagans,,L.,Bischl. & Boissel.-Dub.,non
163,163,138,accepté,subspecies,Marchantia,polymorpha,polymorpha,,L.,,
164,3406,139,synonyme,subspecies,Marchantia,polymorpha,ruderalis,,L.,Bischl. & Boissel.-Dub.,non
3110,3110,1110,accepté,species,Marchantia,quadrata,,,Scop.,,
5423,3110,1110,synonyme,species,Preissia,commutata,,,(Lindenb.) Nees,,
5424,3110,1110,synonyme,species,Preissia,quadrata,,,(Scop.) Nees,,
1941,1941,174,accepté,subspecies,Marchantia,quadrata,hyperborea,,Scop.,(R.M. Schust.) Borovich.,
203,1941,174,synonyme,subspecies,Preissia,quadrata,hyperborea,,(Scop.) Nees,R.M. Schust.,
202,1940,173,synonyme,subspecies,Preissia,quadrata,quadrata,,,,
3439,1102,89,synonyme,species,Gymnomitrion,apiculatum,,,(Schiffn.) K.Müll.,,
103,1102,89,synonyme,species,Gymnomitrion,apiculatum,,,(Schiffn.) Müll. Frib.,,
1102,1102,89,accepté,species,Marsupella,apiculata,,,Schiffn.,,
3445,169,143,synonyme,species,Marsupella,condensata,,,Lindb.,,non
1933,1933,897,accepté,species,Marsupella,aquatica,,,(Lindenb.) Schiffn.,,
1934,1933,897,synonyme,variety,Marsupella,emarginata,aquatica,,,(Lindenb.) Dumort.,
165,165,140,accepté,species,Marsupella,arctica,,,(Berggr.) Bryhn & Kaal.,,
166,166,141,accepté,species,Marsupella,boeckii,,,(Austin) Lindb. ex Kaal.,,
3227,3227,144,accepté,species,Marsupella,emarginata,,,(Ehrh.) Dumort.,,
5425,3227,144,synonyme,species,Marsupella,robusta,,,(De Not.) A.Evans,,
5426,,,à déterminer,subspecies,Marsupella,emarginata,emarginata,,,,
171,171,145,accepté,species,Marsupella,sparsifolia,,,(Lindb.) Dumort.,,
5427,,,à déterminer,subspecies,Marsupella,sparsifolia,sparsifolia,,,,
1155,172,146,synonyme,form,Marsupella,sphacelata,media,,,(Gottsche) R.M.Schust.,
172,172,146,accepté,species,Marsupella,sphacelata,,,(Giesecke ex Lindenb.) Dumort.,,
1157,172,146,synonyme,species,Marsupella,sullivantii,,,(De Not.) A.Evans,,
5428,173,147,synonyme,variety,Marsupella,sprucei,ustulata,,,(Spruce) Damsh.,
173,173,147,accepté,species,Marsupella,sprucei,,,(Limpr.) Bernet,,
1158,173,147,synonyme,variety,Marsupella,ustulata,sprucei,,,(Limpr.) R.M.Schust.,
1159,173,147,synonyme,species,Marsupella,ustulata,,,Spruce,,
5429,,,à déterminer,subspecies,Marsupella,emarginata,tubulosa,,,(Steph.) N.Kitag.,
127,3228,112,synonyme,species,Leiocolea,badensis,,,(Gottsche ex Rabenh.) Jørg.,,
1132,3228,112,synonyme,species,Lophozia,badensis,,,(Gottsche ex Rabenh.) Schiffn.,,
3228,3228,112,accepté,species,Mesoptychia,badensis,,,(Gottsche ex Rabenh.) L. Söderstr. & Vá?a,,
1133,3293,113,synonyme,species,Lophozia,bantriensis,,,(Hook.) Steph.,,
5430,1853,882,synonyme,species,Leiocolea,muelleri,,,(Nees ex Lindenb.) Jørg.,,
5431,1853,882,synonyme,species,Lophozia,collaris,,,(Nees) Dumort.,,
1890,1889,114,synonyme,species,Leiocolea,gillmanii,,,(Austin) A. Evans,,
1135,1889,114,synonyme,species,Lophozia,gillmanii,,,(Austin) R.M.Schust.,,
1889,1889,114,accepté,species,Mesoptychia,gillmanii,,,(Austin) L. Söderstr. & Vá?a,,
5432,3111,1111,synonyme,species,Leiocolea,heterocolpos,,,(Thed. ex Hartm.) H.Buch,,
1136,1891,116,synonyme,species,Lophozia,heterocolpos,,,(Thed. ex Hartm.) M.Howe,,
3111,3111,1111,accepté,species,Mesoptychia,heterocolpos,,,(Thed. ex Hartm.) L.Söderstr. & Vá?a,,
134,1891,116,synonyme,variety,Leiocolea,heterocolpos,heterocolpos,,,,
5433,1891,116,synonyme,variety,Lophozia,heterocolpos,heterocolpos,,,,
3443,1893,117,synonyme,species,Leiocolea,rutheana,,,(Limpr.) K.Mueller,,oui
3444,1893,117,synonyme,species,Leiocolea,rutheana,,,(Limpr.) Müll.Frib.,,non
1137,1893,117,synonyme,species,Lophozia,rutheana,,,(Limpr.) M.Howe,,
1893,1893,117,accepté,species,Mesoptychia,rutheana,,,(Limpr.) L. Söderstr. & Vá?a,,
1096,3214,75,synonyme,species,Metacalypogeia,schusterana,,,S.Hatt. & Mizut.,,
175,175,148,accepté,species,Metzgeria,conjugata,,,Lindb.,,
1160,176,149,synonyme,variety,Metzgeria,furcata,ulvula,,,"(Nees) Gottsche, Lindenb. & Nees",
176,176,149,accepté,species,Metzgeria,furcata,,,(L.) Corda,,oui
3087,176,149,synonyme,species,Metzgeria,furcata,,,(L.) Dumort.,,non
5434,,,à déterminer,species,Metzgeria,myriopoda,,,Lindb.,,
177,177,150,accepté,species,Microlejeunea,ulicina,,,(Taylor) Steph.,,
643,643,557,accepté,species,Micromitrium,tenerum,,,(Bruch & Schimp.) Crosby,,
3496,3496,558,accepté,species,Mielichhoferia,elongata,,,(Hoppe & Hornsch. ex Hook.) Hornsch.,,oui
5435,645,559,synonyme,species,Mielichhoferia,mielichhoferi,,,(Funck) Loeske,,
645,645,559,accepté,species,Mielichhoferia,mielichhoferiana,,,(Funck) Loeske,,
5436,,,à déterminer,species,Mnium,blyttii,,,Bruch & Schimp.,,
646,646,560,accepté,species,Mnium,hornum,,,Hedw.,,
1699,647,561,synonyme,species,Mnium,ambiguum,,,H.Müll.,,
5437,647,561,synonyme,species,Mnium,inclinatum,,,Lindb.,,
647,647,561,accepté,species,Mnium,lycopodioides,,,Schwägr.,,
5438,647,561,synonyme,species,Mnium,pseudolycopodioides,,,Müll.Hal. & Kindb.,,
5439,649,562,synonyme,variety,Mnium,marginatum,riparium,,,(Mitt.) Husn.,
3497,649,562,synonyme,species,Mnium,marginatum,,,(Dicks.) P.Beauv.,,non
1701,649,562,synonyme,species,Mnium,serratum,,,Schrad. ex Brid.,,
5440,,,à déterminer,species,Mnium,spinosum,,,(Voit) Schwägr.,,
650,650,563,accepté,species,Mnium,spinulosum,,,Bruch & Schimp.,,
651,651,564,accepté,species,Mnium,stellare,,,Hedw.,,
5441,652,565,synonyme,subspecies,Mnium,lycopodioides,orthorhynchum,,,(Hartm.) Wijk & Margad.,
5442,652,565,synonyme,species,Mnium,orthorhynchum,,,(Hartm.) Müll.Hal.,,
652,652,565,accepté,species,Mnium,thomsonii,,,Schimp.,,
179,179,152,accepté,species,Moerckia,flotoviana,,,(Nees) Schiffn.,,
5443,179,152,synonyme,form,Moerckia,hibernica,flotoviana,,,(Nees) De Sloover,
5444,5444,,accepté,species,Moerckia,hibernica,,,(Hook.) Gottsche,,
138,1139,118,synonyme,species,Leiomylia,anomala,,,(Hook.) J.J. Engel & Braggins,,
5445,1139,118,synonyme,species,Leioscyphus,anomalus,,,(Hook.) Steph.,,
1139,1139,118,accepté,species,Mylia,anomala,,,(Hook.) Gray,,
5446,180,153,synonyme,species,Leioscyphus,taylorii,,,(Hook.) Mitt.,,
180,180,153,accepté,species,Mylia,taylorii,,,(Hook.) Gray,,
1702,653,566,synonyme,variety,Myurella,julacea,scabrifolia,,,Lindb. ex Limpr.,
653,653,566,accepté,species,Myurella,julacea,,,(Schwägr.) Schimp.,,oui
3498,653,566,synonyme,species,Myurella,julacea,,,"(Schwaegr.) B.S.G., 1853",,non
5447,654,567,synonyme,species,Myurella,careyana,,,Sull.,,
5448,654,567,synonyme,species,Myurella,gracilis,,,Lindb.,,
654,654,567,accepté,species,Myurella,sibirica,,,(Müll. Hal.) Reimers,,
655,655,568,accepté,species,Myurella,tenerrima,,,(Brid.) Lindb.,,
181,181,154,accepté,species,Nardia,geoscyphus,,,(De Not.) Lindb.,,
182,182,155,accepté,species,Nardia,insecta,,,Lindb.,,
183,183,156,accepté,species,Nardia,scalaris,,,Gray,,
26,1879,21,synonyme,species,Barbilophozia,attenuata,,,(Mart.) Loeske,,
1054,1879,21,synonyme,species,Lophozia,attenuata,,,(Mart.) Dumort.,,
5449,1879,21,synonyme,species,Lophozia,gracilis,,,(Schleich. ex DC.) Steph.,,
1879,1879,21,accepté,species,Neoorthocaulis,attenuatus,,,"(Mart.) L. Söderstr., De Roo & Hedd.",,
1056,1879,21,synonyme,species,Orthocaulis,attenuatus,,,(Mart.) A.Evans,,
1055,1879,21,synonyme,species,Orthocaulis,gracilis,,,(Schleich. ex DC.) H.Buch,,
28,1867,23,synonyme,species,Barbilophozia,binsteadii,,,(Kaal.) Loeske,,
1059,1867,23,synonyme,species,Lophozia,binsteadii,,,(Kaal.) A.Evans,,
1867,1867,23,accepté,species,Neoorthocaulis,binsteadii,,,"(Kaal.) L. Söderstr., De Roo & Hedd.",,
1060,1867,23,synonyme,species,Orthocaulis,binsteadii,,,(Kaal.) H.Buch,,
29,1868,24,synonyme,species,Barbilophozia,floerkei,,,(F. Weber & D. Mohr) Loeske,,
1062,1868,24,synonyme,species,Lophozia,floerkei,,,(F.Weber & D.Mohr) Schiffn.,,
1868,1868,24,accepté,species,Neoorthocaulis,floerkei,,,"(F. Weber & D. Mohr) L. Söderstr., De Roo & Hedd.",,
1061,1868,24,synonyme,species,Orthocaulis,floerkei,,,(F.Weber & D.Mohr) H.Buch,,
1319,801,687,synonyme,species,Niphotrichum,canescens,,,(Hedw.) Bedn.-Ochyra & Ochyra,,
3112,3112,1112,accepté,species,Racomitrium,canescens,,,(Hedw.) Brid.,,
5450,3112,1112,synonyme,species,Rhacomitrium,canescens,,,(Timm ex Hedw.) Brid.,,
802,801,687,synonyme,subspecies,Niphotrichum,canescens,canescens,,,,
3515,3515,688,accepté,subspecies,Racomitrium,canescens,latifolium,,(Hedw.) Brid.,(C.E.O. Jensen) Frisvoll,oui
805,805,689,accepté,species,Racomitrium,elongatum,,,Ehrh. ex Frisvoll,,
1322,807,690,synonyme,species,Niphotrichum,ericoides,,,(Brid.) Bedn.-Ochyra & Ochyra,,
5451,807,690,synonyme,form,Racomitrium,canescens,epilosum,,,(H.Müll. ex Milde) Vilh.,
1321,807,690,synonyme,variety,Racomitrium,canescens,ericoides,,,(Brid.) Hampe,
807,807,690,accepté,species,Racomitrium,ericoides,,,(Brid.) Brid.,,
5452,807,690,synonyme,species,Rhacomitrium,ericoides,,,(Hedw.) Brid.,,
1327,814,694,synonyme,species,Niphotrichum,panschii,,,(Müll.Hal.) Bedn.-Ochyra & Ochyra,,
814,814,694,accepté,species,Racomitrium,panschii,,,(Müll. Hal.) Kindb.,,
5453,,,à déterminer,species,Grimmia,gracilis,,,(Hedw.) F.Weber & D.Mohr,,
5454,,,à déterminer,species,Nothogymnomitrion,erosum,,,(Carrington & Pearson) R.M.Schust.,,
3,3,3,accepté,species,Notothylas,orbicularis,,,(Schwein.) Sull.,,oui
3421,3,3,synonyme,species,Notothylas,orbicularis,,,(Schwein.) Sull. ex A.Gray,,non
184,184,157,accepté,species,Nowellia,curvifolia,,,(Dicks.) Mitt.,,
5455,,,à déterminer,species,Nyholmiella,gymnostoma,,,(Bruch ex Brid.) Holmen & E.Warncke,,
5456,,,à déterminer,species,Orthotrichum,gymnostomum,,,Bruch ex Brid.,,
3501,3501,581,accepté,species,Nyholmiella,obtusifolia,,,(Brid.) Holmen & E. Warncke,,oui
669,3501,581,synonyme,species,Orthotrichum,obtusifolium,,,Brid.,,
3078,3078,127,synonyme,species,Lophozia,obtusa,,,(Lindb.) A.Evans,,
1872,1872,127,accepté,species,Obtusifolium,obtusum,,,(Lindb.) S.W. Arnell,,
185,3407,158,synonyme,species,Odontoschisma,denudatum,,,(Mart.) Dumort.,,non
186,186,159,accepté,species,Odontoschisma,elongatum,,,(Lindb.) A. Evans,,
1093,1856,66,synonyme,species,Cephalozia,fluitans,,,(Nees) Spruce,,
3436,1856,66,synonyme,species,Cladopodiella,fluitans,,,(Nees) Jørg.,,oui
3437,1856,66,synonyme,species,Cladopodiella,fluitans,,,(Nees) H.Buch,,non
1856,1856,66,accepté,species,Odontoschisma,fluitans,,,(Nees) L. Söderstr. & Vá?a,,
75,1857,67,synonyme,species,Cladopodiella,francisci,,,(Hook.) Jørg.,,
1857,1857,67,accepté,species,Odontoschisma,francisci,,,(Hook.) L. Söderstr. & Vá?a,,
187,187,160,accepté,species,Odontoschisma,macounii,,,(Austin) Underw.,,
5457,1932,896,synonyme,species,Odontoschisma,prostratum,,,(Sw.) Trevis.,,
1932,1932,896,accepté,species,Odontoschisma,sphagni,,,(Dicks.) Dumort.,,
5458,,,à déterminer,species,Oedipodium,griffithianum,,,(Dicks.) Schwägr.,,
657,657,570,accepté,species,Oligotrichum,falcatum,,,Steere,,
3499,3499,571,accepté,species,Oligotrichum,hercynicum,,,(Hedw.) DC.,,oui
5459,659,572,synonyme,species,Cynodontium,virens,,,(Hedw.) Schimp.,,
1283,659,572,synonyme,variety,Oncophorus,virens,serratus,,,(Bruch & Schimp.) Braithw.,
659,659,572,accepté,species,Oncophorus,virens,,,(Hedw.) Brid.,,
3423,1053,20,synonyme,species,Barbilophozia,atlantica,,,(Kaal.) K.Müll.,,oui
25,1053,20,synonyme,species,Barbilophozia,atlantica,,,(Kaal.) Müll. Frib.,,non
1052,1053,20,synonyme,species,Lophozia,atlantica,,,(Kaal.) Müll.Frib.,,
1053,1053,20,accepté,species,Orthocaulis,atlanticus,,,(Kaal.) H. Buch,,
8,1871,6,synonyme,species,Anastrophyllum,cavifolium,,,(H. Buch & S.W. Arnell) Lammes,,
456,456,396,accepté,species,Dicranum,flagellare,,,Hedw.,,
1227,456,396,synonyme,species,Orthodicranum,flagellare,,,(Hedw.) Loeske,,
460,460,399,accepté,species,Dicranum,fulvum,,,Hook.,,
1230,460,399,synonyme,species,Orthodicranum,fulvum,,,(Hook.) G.Roth,,
5460,460,399,synonyme,species,Paraleucobryum,fulvum,,,(Hook.) Loeske,,
5461,467,405,synonyme,variety,Dicranum,montanum,pulvinatum,,,Pfeff.,
467,467,405,accepté,species,Dicranum,montanum,,,Hedw.,,
1231,467,405,synonyme,species,Orthodicranum,montanum,,,(Hedw.) Loeske,,
5462,665,578,synonyme,variety,Orthotrichum,alpestre,watsonii,,,(James) Grout,
5463,666,579,synonyme,subspecies,Orthotrichum,anomalum,saxatile,,,(Milde) Boulay,
666,666,579,accepté,species,Orthotrichum,anomalum,,,Hedw.,,oui
3500,666,579,synonyme,species,Orthotrichum,anomalum,,,R.Br.bis,,non
5464,,,à déterminer,variety,Orthotrichum,cupulatum,nudum,,,(Dicks.) Lindb.,
5465,,,à déterminer,species,Orthotrichum,garrettii,,,Grout & Flowers,,
5466,,,à déterminer,species,Orthotrichum,norrisii,,,"F.Lara, R.Medina & Garilleti",,
670,670,582,accepté,species,Orthotrichum,ohioense,,,Sull. & Lesq.,,
3017,3017,,accepté,variety,Orthotrichum,pallens,johnseniae,,Bruch ex Brid.,Vitt,
3018,3018,,accepté,variety,Orthotrichum,pallens,crenulatum,,Bruch ex Brid.,Vitt,
3019,3019,1031,accepté,variety,Orthotrichum,pallens,pallens,,Bruch ex Brid.,,
671,671,583,accepté,species,Orthotrichum,pallens,,,Bruch ex Brid.,,
672,672,584,accepté,species,Orthotrichum,pumilum,,,Sw.,,
676,676,588,accepté,species,Orthotrichum,stellatum,,,Brid.,,
5467,,,à déterminer,species,Orthotrichum,stramineum,,,Hornsch. ex Brid.,,
677,677,589,accepté,species,Orthotrichum,strangulatum,,,P. Beauv.,,
1711,678,590,synonyme,species,Eurhynchium,hians,,,(Hedw.) Sande Lac.,,
678,678,590,accepté,species,Oxyrrhynchium,hians,,,(Hedw.) Loeske,,
3446,3446,161,accepté,species,Pallavicinia,lyellii,,,(Hook.) Carruth.,,oui
188,3446,161,synonyme,species,Pallavicinia,lyellii,,,(Hook.) Gray,,non
680,680,591,accepté,species,Paludella,squarrosa,,,(Hedw.) Brid.,,
5468,,,à déterminer,species,Cratoneuron,commutatum,,,(Hedw.) G.Roth,,
5469,,,à déterminer,species,Hypnum,commutatum,,,Hedw.,,
5470,,,à déterminer,species,Palustriella,commutata,,,(Hedw.) Ochyra,,
5471,,,à déterminer,variety,Palustriella,commutata,commutata,,,,
5472,,,à déterminer,species,Cratoneuron,decipiens,,,(De Not.) Loeske,,
5473,,,à déterminer,species,Thuidium,decipiens,,,De Not.,,
5474,681,592,synonyme,variety,Cratoneuron,commutatum,sulcatum,,,(Lindb.) Mönk.,
5475,3503,593,synonyme,species,Dicranum,longifolium,,,Ehrh. ex Hedw.,,
684,3503,593,synonyme,species,Paraleucobryum,longifolium,,,(Ehrh. ex Hedw.) Loeske,,non
5476,,,à déterminer,species,Pedinophyllum,interruptum,,,(Nees) Kaal.,,
5477,,,à déterminer,species,Plagiochila,interrupta,,,(Nees) Mont. & Nees,,
1718,685,594,synonyme,species,Cyrto-hypnum,minutulum,,,(Hedw.) W.R.Buck & H.A.Crum,,
685,685,594,accepté,species,Pelekium,minutulum,,,(Hedw.) Touw,,
1717,685,594,synonyme,species,Thuidium,minutulum,,,(Hedw.) Schimp.,,
1720,3504,595,synonyme,species,Cyrto-hypnum,pygmaeum,,,(Schimp.) W.R.Buck & H.A.Crum,,
3504,3504,595,accepté,species,Pelekium,pygmaeum,,,(Schimp.) Touw,,oui
190,190,163,accepté,species,Pellia,epiphylla,,,(L.) Corda,,
192,192,165,accepté,species,Pellia,neesiana,,,(Gottsche) Limpr.,,
1038,1038,4,accepté,species,Phaeoceros,carolinianus,,,(Michx.) Prosk.,,
4,1038,4,synonyme,subspecies,Phaeoceros,laevis,carolinianus,,(L.) Prosk.,(Michx.) Prosk.,
1037,1038,4,synonyme,species,Anthoceros,laevis,,,L.,,
5478,,,à déterminer,subspecies,Phaeoceros,laevis,laevis,,,,
5479,,,à déterminer,species,Phaeoceros,laevis,,,(L.) Prosk.,,
3016,3016,1030,complexe,complexe,Philonotis,fontana,,sensu lato Faubert,(Hedw.) Brid.,,oui
3011,3011,597,accepté,species,Philonotis,americana,,,Dism.,,
693,3011,597,synonyme,variety,Philonotis,fontana,americana,,(Hedw.) Brid.,(Dism.) Flowers ex H.A.Crum,
2101,1721,1043,synonyme,variety,Philonotis,caespitosa,adpressa,,,Dism.,
2102,1721,1043,synonyme,variety,Philonotis,caespitosa,compacta,,,Dism.,
2103,1721,1043,synonyme,variety,Philonotis,caespitosa,laxa,,,Loeske & Warnst.,
1721,1721,1043,accepté,species,Philonotis,caespitosa,,,Jur.,,
2104,1721,1043,synonyme,variety,Philonotis,fontana,caespitosa,,(Hedw.) Brid.,(Jur.) Limpr.,
3059,3059,,à déterminer,species,Philonotis,calcarea,,,(Bruch & Schimp.) Schimp.,,
3060,3060,,à déterminer,variety,Philonotis,fontana,capillaris,,(Hedw.) Brid.,(Lindb.) Lindb.,
3061,3061,,à déterminer,species,Philonotis,elongata,,,(Dism.) H.A.Crum & Steere,,
3062,3062,,à déterminer,species,Philonotis,falcata,,,(Hook.) Mitt.,,
3012,3014,598,synonyme,variety,Philonotis,americana,gracilescens,,,(Dism.) Flowers,
3013,3014,598,synonyme,variety,Philonotis,fontana,americana,,(Hedw.) Brid.,(Dism.) Flowers,
3014,3014,598,accepté,species,Philonotis,fontana,,sensu stricto,(Hedw.) Brid.,,non
3015,3014,598,synonyme,variety,Philonotis,seriata,gracilescens,,,Dism.,
694,3014,598,synonyme,variety,Philonotis,fontana,fontana,,(Hedw.) Brid.,,
695,695,599,accepté,species,Philonotis,marchica,,,(Hedw.) Brid.,,
3063,3063,,à déterminer,species,Philonotis,muhlenbergii,,,(Schwägr.) Brid.,,
3064,3064,,à déterminer,species,Philonotis,seriata,,,Mitt.,,
1722,1722,600,synonyme,variety,Philonotis,fontana,pumila,,(Hedw.) Brid.,(Turner) Brid.,
696,696,600,accepté,species,Philonotis,tomentella,,,Molendo,,
699,699,602,accepté,species,Physcomitrium,immersum,,,Sull.,,
698,3301,601,synonyme,species,Physcomitrella,patens,,,(Hedw.) Bruch & Schimp.,,
3505,3505,603,accepté,species,Physcomitrium,pyriforme,,,(Hedw.) Brid.,,oui
700,3505,603,synonyme,species,Physcomitrium,pyriforme,,,(Hedw.) Hampe,,non
3506,3505,603,synonyme,species,Physcomitrium,pyriforme,,,(Hedw.) Bruch & Schimp.,,non
1288,3505,603,synonyme,species,Physcomitrium,turbinatum,,,Müll.Hal. ex Lesq. & James,,
3549,3505,603,synonyme,species,Physcomitrium,turbinatum,,,(Michx.) E.Britton,,
3550,3505,603,synonyme,species,Physcomitrium,turbinatum,,,(Michx.) Brid.,,
298,3302,258,synonyme,species,Aphanorrhegma,serratum,,,(Wilson & Hook.) Sull.,,
5480,,,à déterminer,species,Homaliodendron,piniforme,,,(Brid.) Enroth,,
701,701,604,accepté,species,Plagiobryum,demissum,,,(Hook.) Lindb.,,
3507,3507,605,accepté,species,Plagiobryum,zieri,,,(Dicks. ex Hedw.) Lindb.,,oui
5481,,,à déterminer,species,Plagiochila,arctica,,,Bryhn & Kaal.,,
5482,,,à déterminer,subspecies,Plagiochila,asplenioides,arctica,,(L.) Dumort.,(Bryhn & Kaal.) R.M.Schust.,
2212,2212,1067,accepté,species,Plagiochila,asplenioides,,,(L.) Dumort.,,
1165,2214,1067,synonyme,subspecies,Plagiochila,asplenioides,porelloides,,(L.) Dumort.,(Torr. ex Nees) R.M.Schust.,
2213,2214,1067,synonyme,subspecies,Plagiochila,asplenioides,porelloides,,(L.) Dumort.,(Torr. ex Nees) Lindb. ex Kaal.,
2214,2214,1067,accepté,species,Plagiochila,porelloides,,,(Torr. ex Nees) Lindenb.,,
194,194,167,accepté,variety,Plagiochila,porelloides,porelloides,,(Torr. ex Nees) Lindenb.,,
193,193,166,accepté,variety,Plagiochila,porelloides,subarctica,,(Torr. ex Nees) Lindenb.,(Jørg.) Lammes,
5483,,,à déterminer,species,Mnium,cuspidatulum,,,Dixon,,
5484,,,à déterminer,species,Mnium,affine,,,Blandow ex Funck,,
5485,,,à déterminer,species,Mnium,affine,,,Blandow,,
5486,,,à déterminer,species,Plagiomnium,affine,,,(Blandow ex Funck) T.J.Kop.,,
5487,703,606,synonyme,species,Bryum,ciliare,,,Grev.,,
1723,703,606,synonyme,variety,Mnium,affine,ciliare,,,Müll.Hal.,
1724,703,606,synonyme,species,Mnium,ciliare,,,(Müll.Hal.) Schimp.,,
703,703,606,accepté,species,Plagiomnium,ciliare,,,(Müll. Hal.) T.J. Kop.,,
5488,705,608,synonyme,species,Bryum,cuspidatum,,,(Hedw.) Crome,,
1726,705,608,synonyme,species,Mnium,cuspidatum,,,Hedw.,,
5489,705,608,synonyme,species,Mnium,silvaticum,,,Lindb.,,
705,705,608,accepté,species,Plagiomnium,cuspidatum,,,(Hedw.) T.J. Kop.,,
1727,706,609,synonyme,species,Mnium,drummondii,,,Bruch & Schimp.,,
706,706,609,accepté,species,Plagiomnium,drummondii,,,(Bruch & Schimp.) T.J. Kop.,,
5490,,,à déterminer,variety,Mnium,affine,elatum,,,Bruch & Schimp.,
1728,707,610,synonyme,variety,Mnium,affine,rugicum,,,(Laurer) Bruch & Schimp.,
5491,707,610,synonyme,species,Mnium,ellipticum,,,Brid.,,
1729,707,610,synonyme,species,Mnium,rugicum,,,Laurer,,
707,707,610,accepté,species,Plagiomnium,ellipticum,,,(Brid.) T.J. Kop.,,
1730,707,610,synonyme,species,Plagiomnium,rugicum,,,(Laurer) T.J.Kop.,,
5492,2160,611,synonyme,species,Mnium,insigne,,,Mitt.,,
2160,2160,611,accepté,species,Plagiomnium,insigne,,,(Mitt.) T.J.Kop.,,
1731,708,611,synonyme,species,Mnium,medium,,,Bruch & Schimp.,,
708,708,611,accepté,species,Plagiomnium,medium,,,(Bruch & Schimp.) T.J. Kop.,,
5493,709,612,synonyme,species,Mnium,rostratum,,,Schrad.,,
709,709,612,accepté,species,Plagiomnium,rostratum,,,(Schrad.) T.J. Kop.,,
5494,,,à déterminer,species,Mnium,succulentum,,,Mitt.,,
1289,710,613,synonyme,species,Plagiopus,oederi,,,(Brid.) Limpr.,,
710,710,613,accepté,species,Plagiopus,oederianus,,,(Sw.) H.A. Crum & L.E. Anderson,,
5495,711,614,synonyme,species,Plagiothecium,attenuatirameum,,,Kindb.,,
711,711,614,accepté,species,Plagiothecium,cavifolium,,,(Brid.) Z. Iwats.,,
1733,711,614,synonyme,species,Plagiothecium,roeseanum,,,Hampe ex Schimp.,,
712,712,615,accepté,species,Plagiothecium,denticulatum,,,(Hedw.) Schimp.,,
5496,712,615,synonyme,species,Plagiothecium,sylvaticum,,,(Brid.) Schimp.,,
1738,712,615,synonyme,species,Plagiothecium,ruthei,,,Limpr.,,
5497,,,à déterminer,species,Plagiothecium,sullivantiae,,,(Schimp. ex Sull.) Schimp. ex A.Jaeger,,
5498,713,616,synonyme,variety,Plagiothecium,denticulatum,laetum,,,(Schimp.) Lindb.,
5499,713,616,synonyme,subspecies,Plagiothecium,denticulatum,laetum,,,(Schimp.) Kindb.,
1739,713,616,synonyme,variety,Plagiothecium,denticulatum,tenellum,,,Schimp.,
713,713,616,accepté,species,Plagiothecium,laetum,,,Schimp.,,
714,714,617,accepté,species,Plagiothecium,latebricola,,,Schimp.,,
5500,,,à déterminer,species,Plagiothecium,succulentum,,,(Wilson) Lindb.,,
5501,717,620,synonyme,species,Amblystegiella,jungermannioides,,,(Brid.) Giacom.,,
5502,717,620,synonyme,species,Amblystegium,sprucei,,,(Bruch) Schimp.,,
1130,126,111,synonyme,species,Kurzia,setacea,,,(Arnell) Grolle,,
717,717,620,accepté,species,Platydictya,jungermannioides,,,(Brid.) H.A. Crum,,
5503,717,620,synonyme,species,Platydictya,sprucei,,,(Bruch) Berk.,,
5504,720,623,synonyme,species,Cylindrothecium,repens,,,(Brid.) De Not.,,
720,720,623,accepté,species,Platygyrium,repens,,,(Brid.) Schimp.,,
5505,,,à déterminer,species,Platyhypnidium,riparoides,,,(Hedw.) Dix.,,
582,3304,506,synonyme,species,Hygrohypnum,alpestre,,,(Hedw.) Loeske,,
2156,2155,,synonyme,species,Hygrohypnum,alpinum,,,(Lindb.) Loeske,,
584,3305,508,synonyme,species,Hygrohypnum,cochleariifolium,,,(Venturi) Broth.,,
5506,3305,508,synonyme,variety,Hygrohypnum,smithii,goulardii,,,(Schimp.) Wijk & Margad.,
1652,3306,509,synonyme,species,Hygrohypnum,dilatatum,,,(Wilson) Loeske,,
585,3306,509,synonyme,species,Hygrohypnum,duriusculum,,,(De Not.) D.W. Jamieson,,
5507,3306,509,synonyme,species,Hypnum,dilatatum,,,Wilson,,
2116,2117,,synonyme,species,Hygrohypnum,dilitatum,,,(Wilson) Loeske,,
2115,2117,,synonyme,species,Hygrohypnum,molle,,,(Hedw.) Loeske,,
5508,3307,515,synonyme,variety,Hygrohypnum,smithii,smithii,,,,
591,3307,515,synonyme,species,Hygrohypnum,smithii,,,(Sw.) Broth.,,
721,721,624,accepté,species,Platylomella,lescurii,,,(Sull.) A.L. Andrews,,
1751,721,624,synonyme,species,Sciaromium,lescurii,,,(Sull.) Broth.,,
723,723,625,accepté,species,Pleuridium,subulatum,,,(Hedw.) Rabenh.,,
5509,,,à déterminer,species,Pleurochaete,squarrosa,,,(Brid.) Lindb.,,
5510,724,626,synonyme,species,Calliergon,schreberi,,,(Willd. ex Brid.) Grout,,
1752,724,626,synonyme,species,Calliergonella,schreberi,,,(Willd. ex Brid.) Grout,,
5511,724,626,synonyme,species,Hypnum,schreberi,,,Willd. ex Brid.,,
724,724,626,accepté,species,Pleurozium,schreberi,,,(Willd. ex Brid.) Mitt.,,
5512,,,à déterminer,species,Pogonatum,aloides,,,(Hedw.) P.Beauv.,,
5513,725,627,synonyme,species,Pogonatum,capillare,,,(Michx.) Brid.,,
725,725,627,accepté,species,Pogonatum,dentatum,,,(Menzies ex Brid.) Brid.,,
1754,3508,628,synonyme,species,Pogonatum,brevicaule,,,P.Beauv.,,
3508,3508,628,accepté,species,Pogonatum,pensilvanicum,,,(Bartram ex Hedw.) Paris,,oui
3509,3508,628,synonyme,species,Pogonatum,pensilvanicum,,,(E.B.Bartram ex Hedw.) P.Beauv.,,non
5514,,,à déterminer,species,Pogonatum,acaule,,,Schimp. ex Paris,,
727,727,629,accepté,species,Pogonatum,urnigerum,,,(Hedw.) P. Beauv.,,
728,728,630,accepté,species,Pohlia,andalusica,,,(Höhn.) Broth.,,
1755,729,631,synonyme,variety,Pohlia,annotina,decipiens,,,Loeske,
729,729,631,accepté,species,Pohlia,annotina,,,(Hedw.) Lindb.,,
5515,729,631,synonyme,variety,Pohlia,camptotrachela,decipiens,,,(Loeske) Nyholm,
5516,,,à déterminer,species,Pohlia,atropurpurea,,,(Wahlenb.) H.Lindb.,,
730,730,632,accepté,species,Pohlia,bulbifera,,,(Warnst.) Warnst.,,
5517,,,à déterminer,species,Pohlia,camptotrachela,,,(Renauld & Cardot) Broth.,,
5518,,,à déterminer,species,Pohlia,cardotii,,,(Renauld) Broth.,,
731,731,633,accepté,species,Pohlia,cruda,,,(Hedw.) Lindb.,,
5519,731,633,synonyme,species,Webera,cruda,,,(Hedw.) Fürnr.,,
732,732,634,accepté,species,Pohlia,crudoides,,,(Sull. & Lesq.) Broth.,,
733,733,635,accepté,species,Pohlia,drummondii,,,(Müll. Hal.) A.L. Andrews,,
3010,3010,1029,complexe,complexe,Pohlia,elongata,,sensu lato Faubert,Hedw.,,oui
3006,3006,636,accepté,species,Pohlia,elongata,,sensu stricto,Hedw.,,non
3007,3006,636,synonyme,species,Pohlia,pulchella,,,Hoppe & Hornsch.,,
734,3006,636,synonyme,variety,Pohlia,elongata,elongata,,Hedw.,,
735,3009,637,synonyme,variety,Pohlia,elongata,greenii,,Hedw.,(Brid.) A.J. Shaw,
3008,3009,637,synonyme,variety,Pohlia,elongata,polymorpha,,,(Hornsch.) Nyholm,
736,736,638,accepté,species,Pohlia,filum,,,(Schimp.) Mårtensson,,
1759,736,638,synonyme,species,Pohlia,rothii,,,(Correns) Broth.,,
5520,,,à déterminer,species,Pohlia,delicatula,,,(Mitt.) Broth.,,
5521,737,639,synonyme,species,Mniobryum,pulchellum,,,(Hedw.) Loeske,,
2235,737,639,synonyme,species,Pohlia,lescuriana,,,(Sull.) Ochi,,non
737,737,639,accepté,species,Pohlia,lescuriana,,,(Sull.) Grout,,oui
2105,737,639,synonyme,species,Pohlia,pulchella,,,(Hedw.) Lindb.,,
738,738,640,accepté,species,Pohlia,longicolla,,,(Hedw.) Lindb.,,
1762,738,640,synonyme,species,Pohlia,longicollis,,,(Hedw.) Lindb.,,
2157,2158,,synonyme,species,Mniobryum,sudeticum,,,(Warnst.) Podp.,,
2158,2158,,accepté,species,Pohlia,ludwigii,,,(Spreng. ex Schwägr.) Broth.,,
5522,739,641,synonyme,species,Mniobryum,carneum,,,(L. ex F.Weber & D.Mohr) Limpr.,,
5523,739,641,synonyme,species,Mniobryum,delicatulum,,,(Hedw.) Dixon,,
739,739,641,accepté,species,Pohlia,melanodon,,,(Brid.) A.J. Shaw,,
5524,740,642,synonyme,species,Bryum,caespitosum,,,(Hornsch.) Brid.,,
1510,343,301,synonyme,species,Bryum,pendulum,,,Brid.,,
5525,740,642,synonyme,variety,Pohlia,nutans,bicolor,,,(Hornsch.) Hult,
5526,740,642,synonyme,variety,Pohlia,nutans,strangulata,,,(Nees) Delogne,
740,740,642,accepté,species,Pohlia,nutans,,,(Hedw.) Lindb.,,
1763,740,642,synonyme,species,Webera,nutans,,,Hedw.,,
5527,741,643,synonyme,species,Bryum,cucullatum,,,Schwägr.,,
3562,741,643,synonyme,species,Pohlia,cucullata,,,(Schwägr.) Lindb.,,
3563,741,643,synonyme,species,Pohlia,cucullata,,,(Schwägr.) Bruch,,
741,741,643,accepté,species,Pohlia,obtusifolia,,,(Vill. ex Brid.) L.F. Koch,,
5528,741,643,synonyme,species,Webera,cucullata,,,(Schwägr.) Schimp.,,
3510,3510,644,accepté,species,Pohlia,proligera,,,(Kindb. ex Breidl.) Lindb. ex Arnell,,oui
3511,3510,644,synonyme,species,Pohlia,proligera,,,(Kindb.) Lindb. ex Broth.,,non
743,743,645,accepté,species,Pohlia,sphagnicola,,,(Bruch & Schimp.) Broth.,,oui
3512,743,645,synonyme,species,Pohlia,sphagnicola,,,(Bruch & Schimp.) Lindb. & Arnell,,non
5529,743,645,synonyme,species,Webera,sphagnicola,,,(Bruch & Schimp.) Schimp.,,
5530,744,646,synonyme,species,Bryum,wahlenbergii,,,(F.Weber & D.Mohr) Schwägr.,,
1767,744,646,synonyme,species,Mniobryum,albicans,,,(Wahlenb.) Limpr.,,
1768,744,646,synonyme,species,Mniobryum,wahlenbergii,,,(F.Weber & D.Mohr) Jenn.,,
5531,744,646,synonyme,species,Pohlia,albicans,,,(Wahlenb.) Lindb.,,
744,744,646,accepté,species,Pohlia,wahlenbergii,,,(F. Weber & D. Mohr) A.L. Andrews,,
5532,744,646,synonyme,species,Webera,albicans,,,(Wahlenb.) Schimp.,,
5533,,,à déterminer,species,Polytrichadelphus,magellanicus,,,(Hedw.) Mitt.,,
2124,2125,647,synonyme,variety,Pogonatum,alpinum,arcticum,,,(Sw. ex Brid.) Brid.,
1291,2125,647,synonyme,variety,Pogonatum,alpinum,brevifolium,,,(R.Br.) Brid.,
1292,2132,1058,synonyme,species,Pogonatum,alpinum,,,(Hedw.) Röhl.,,
2132,2132,1058,complexe,complexe,Polytrichastrum,alpinum,,sensu lato Faubert 2012,(Hedw.) G.L. Sm.,,oui
2125,2125,647,accepté,species,Polytrichastrum,alpinum,,sensu stricto,(Hedw.) G.L. Sm.,,non
2236,2132,647,synonyme,variety,Polytrichum,alpinum,arcticum,,,(Sw. ex Brid.) Wahlenb.,
2127,2132,1058,synonyme,species,Polytrichum,alpinum,,,Hedw.,,oui
5534,2125,647,synonyme,species,Polytrichum,norwegicum,,,Hedw.,,
745,2125,647,synonyme,variety,Polytrichastrum,alpinum,alpinum,,(Hedw.) G.L. Sm.,,
2128,2125,647,synonyme,variety,Polytrichum,alpinum,alpinum,,,,
2134,2134,,accepté,variety,Polytrichastrum,alpinum,sylvaticum,,(Hedw.) G.L. Sm.,(Menzies) G.L.Merr.,
748,2131,648,synonyme,variety,Polytrichastrum,alpinum,fragile,,(Hedw.) G.L. Sm.,(Bryhn) D.G.Long,
2129,2135,649,synonyme,variety,Pogonatum,alpinum,septentrionale,,,(Sw. ex Brid.) Brid.,
749,2135,649,synonyme,variety,Polytrichastrum,alpinum,septentrionale,,(Hedw.) G.L. Sm.,(Sw. ex Brid.) G.L.Sm.,
2130,2135,649,synonyme,variety,Polytrichum,alpinum,septentrionale,,,(Sw. ex Brid.) Lindb.,
754,3229,1121,synonyme,variety,Polytrichastrum,sexangulare,sexangulare,,,,
3229,3229,1121,accepté,species,Polytrichastrum,sexangulare,,,(Flörke ex Brid.) G.L. Sm.,,oui
1300,3229,1121,synonyme,species,Polytrichum,sexangulare,,,Flörke ex Brid.,,
2136,2140,655,synonyme,variety,Polytrichum,commune,nigrescens,,,Warnst.,
2137,2140,655,synonyme,variety,Polytrichum,commune,uliginosum,,,Wallr.,
2138,2140,655,synonyme,form,Polytrichum,commune,uliginosum,,,(Wallr.) Mönk.,
2139,2139,1059,complexe,complexe,Polytrichum,commune,,sensu lato Faubert,Hedw.,,oui
2140,2140,655,accepté,species,Polytrichum,commune,,sensu stricto Hodgetts 2020,Hedw.,,non
2141,2140,655,synonyme,subspecies,Polytrichum,commune,commune,,,,
750,750,650,synonyme,variety,Polytrichastrum,formosum,densifolium,,Hedw.,(Wilson ex Mitt.) Z.Iwats. & Nog.,
2146,2151,650,synonyme,species,Pogonatum,formosum,,,(Hedw.) P.Beauv.,,
2147,2151,650,synonyme,species,Polytrichastrum,formosum,,,(Hedw.) G.L.Sm.,,
2151,2151,650,complexe,complexe,Polytrichum,formosum,,sensu lato Faubert,Hedw.,,oui
2148,2148,650,accepté,species,Polytrichum,formosum,,sensu stricto,Hedw.,,non
757,757,657,accepté,species,Polytrichum,hyperboreum,,,R. Br.,,
1303,757,657,synonyme,variety,Polytrichum,piliferum,hyperboreum,,,(R.Br.) Müll.Hal.,
2142,758,658,synonyme,variety,Polytrichum,commune,maximovickizii,,,Lindb.,
2143,758,658,synonyme,variety,Polytrichum,commune,maximoviczii,,,Lindb.,
758,758,658,accepté,species,Polytrichum,jensenii,,,I. Hagen,,
5535,760,659,synonyme,variety,Polytrichum,juniperinum,waghornei,,,Kindb.,
760,760,659,accepté,species,Polytrichum,juniperinum,,,Hedw.,,
751,1296,651,synonyme,species,Polytrichastrum,longisetum,,,(Sw. ex Brid.) G.L. Sm.,,
2149,1296,651,synonyme,variety,Polytrichum,formosum,aurantiacum,,Hedw.,(Hoppe ex Brid.) Hartm.,
1295,1296,651,synonyme,species,Polytrichum,gracile,,,Dicks.,,
3551,1296,651,synonyme,species,Polytrichum,gracile,,,Bryhn,,
1296,1296,651,accepté,species,Polytrichum,longisetum,,,Sw. ex Brid.,,oui
3086,1296,651,synonyme,species,Polytrichum,longisetum,,,Sw.,,non
5536,,,à déterminer,variety,Polytrichastrum,longisetum,anomalum,,,(Milde) Ignatov & G.L.Merr.,
752,1297,652,synonyme,species,Polytrichastrum,ohioense,,,(Renauld & Cardot) G.L. Sm.,,
1297,1297,652,accepté,species,Polytrichum,ohioense,,,Renauld & Cardot,,
753,1298,653,synonyme,species,Polytrichastrum,pallidisetum,,,(Funck) G.L. Sm.,,
1298,1298,653,accepté,species,Polytrichum,pallidisetum,,,Funck,,
756,2144,656,synonyme,variety,Polytrichum,commune,perigoniale,,Hedw.,(Michx.) Hampe,
2144,2144,656,accepté,species,Polytrichum,perigoniale,,,Michx.,,
761,761,660,accepté,species,Polytrichum,piliferum,,,Hedw.,,
1313,762,661,synonyme,species,Polytrichum,affine,,,Funck,,
5537,762,661,synonyme,species,Polytrichum,alpestre,,,Hoppe,,
1309,762,661,synonyme,variety,Polytrichum,juniperinum,affine,,,(Funck) Brid.,
1310,762,661,synonyme,variety,Polytrichum,juniperinum,alpestre,,,(Hoppe) Röhl.,
1311,762,661,synonyme,variety,Polytrichum,juniperinum,gracilius,,,Wahlenb.,
5538,762,661,synonyme,subspecies,Polytrichum,juniperinum,strictum,,,(Menzies ex Brid.) Nyl. & Saelan,
1312,762,661,synonyme,variety,Polytrichum,juniperinum,strictum,,,(Menzies ex Brid.) Röhl.,
762,762,661,accepté,species,Polytrichum,strictum,,,Menzies ex Brid.,,
5539,763,662,synonyme,species,Polytrichum,algidum,,,I.Hagen & C.E.O.Jensen,,
2145,763,662,synonyme,subspecies,Polytrichum,commune,swartzii,,,(Hartm.) C.Hartm.,
763,763,662,accepté,species,Polytrichum,swartzii,,,Hartm.,,
5540,,,à déterminer,species,Madotheca,laevigata,,,(Schrad.) Dumort.,,
5541,,,à déterminer,species,Porella,arboris-vitae,,,(With.) Grolle,,
5542,,,à déterminer,species,Porella,laevigata,,,(Schrad.) Pfeiff.,,
198,198,170,accepté,species,Porella,pinnata,,,L.,,
5543,199,171,synonyme,species,Madotheca,platyphylla,,,(L.) Dumort.,,
199,199,171,accepté,species,Porella,platyphylla,,,(L.) Pfeiff.,,
5544,,,à déterminer,species,Madotheca,platyphylloidea,,,(Schwein.) Nees,,
1168,199,171,synonyme,species,Porella,platyphylloidea,,,(Schwein.) Lindb.,,
201,201,172,accepté,species,Prasanthus,suecicus,,,(Gottsche) Lindb.,,
1179,252,221,synonyme,species,Lophozia,grandiretis,,,(Lindb. ex Kaal.) Schiffn.,,
252,252,221,accepté,species,Schistochilopsis,grandiretis,,,(Lindb. ex Kaal.) Konstant.,,
292,3230,252,synonyme,species,Anomodon,attenuatus,,,(Hedw.) Huebener,,
3230,3230,252,accepté,species,Pseudanomodon,attenuatus,,,(Hedw.) Ignatov & Fedosov,,
5545,,,à déterminer,species,Isothecium,cristatum,,,(Hampe) H.Rob.,,
5546,,,à déterminer,species,Isothecium,eumyosuroides,,,Dixon,,
5547,,,à déterminer,subspecies,Isothecium,myosuroides,brevinerve,,,Kindb.,
5548,,,à déterminer,variety,Isothecium,myosuroides,filescens,,,(Renauld ex Boulay) Warnst.,
5549,,,à déterminer,species,Isothecium,myosuroides,,,Brid.,,
5550,,,à déterminer,variety,Eurhynchium,myosuroides,stoloniferum,,,(Brid.) Cardot,
5551,,,à déterminer,species,Isothecium,spiculiferum,,,(Mitt.) Macoun & Kindb.,,
5552,,,à déterminer,species,Isothecium,stoloniferum,,,Brid.,,
1749,3309,622,synonyme,species,Amblystegium,subtile,,,(Hedw.) B.S.G.,,
5553,3309,622,synonyme,species,Platydictya,subtile,,,(Hedw.) H.A.Crum,,
719,3309,622,synonyme,species,Platydictya,subtilis,,,(Hedw.) H.A.Crum,,
1944,3309,622,synonyme,species,Serpoleskea,subtilis,,,(Hedw.) Loeske,,
5554,619,539,synonyme,variety,Kiaeria,falcata,pumila,,,(Saut.) Podp.,
619,619,539,accepté,species,Kiaeria,falcata,,,(Hedw.) I. Hagen,,
1769,764,663,synonyme,species,Mnium,cinclidioides,,,Huebener,,
764,764,663,accepté,species,Pseudobryum,cinclidioides,,,(Huebener) T.J. Kop.,,
5555,771,667,synonyme,species,Amblystegium,hygrophilum,,,(Jur.) Schimp.,,
5556,771,667,synonyme,species,Amblystegium,radicale,,,(P.Beauv.) Mitt.,,
5557,771,667,synonyme,species,Amblystegium,radicale,,,(P.Beauv.) Schimp.,,
1780,771,667,synonyme,species,Amblystegium,saxatile,,,Schimp.,,
1779,771,667,synonyme,species,Campylium,radicale,,,(P.Beauv.) Grout,,
771,771,667,accepté,species,Pseudocampylium,radicale,,,(P. Beauv.) Vanderp. & Hedenäs,,
1653,2224,510,synonyme,variety,Hygrohypnum,eugyrium,mackayi,,,(Schimp.) Broth.,
586,2224,510,synonyme,species,Hygrohypnum,eugyrium,,,(Schimp.) Loeske,,
607,2223,528,synonyme,species,Hypnum,fauriei,,,Cardot,,
2218,2221,528,synonyme,species,Hypnum,crinale,,,Schleich. ex Rabenh.,,
2219,2221,528,synonyme,species,Hypnum,fertile,,,Sendtn.,,
2220,2221,528,synonyme,species,Hypnum,fertile,,,(Sendtn.) Rabenh.,,
2221,2221,528,accepté,species,Pseudohygrohypnum,fertile,,,(Sendtn.) Jan Ku?era & Ignatov,,
5558,3310,516,synonyme,subspecies,Hygrohypnum,eugyrium,subeugyrium,,,(Renauld & Cardot) Grout,
592,3310,516,synonyme,species,Hygrohypnum,subeugyrium,,,(Renauld & Cardot) Broth.,,
5559,3310,516,synonyme,species,Hypnum,subeugyrium,,,Renauld & Cardot,,
5560,,,à déterminer,species,Pseudoleskea,catenulata,,,(Brid. ex Schrad.) Schimp.,,
5561,,,à déterminer,species,Pseudoleskeella,catenulata,,,(Brid. ex Schrad.) Kindb.,,
5562,777,672,synonyme,species,Anomodon,subrigidulus,,,Kindb.,,
5563,777,672,synonyme,variety,Leskea,nervosa,nigrescens,,,(Kindb.) Best,
1784,777,672,synonyme,species,Leskea,nervosa,,,(Brid.) Myrin,,
5564,777,672,synonyme,variety,Leskeella,nervosa,flagellifera,,,(Kindb.) Wijk & Margad.,
1785,777,672,synonyme,species,Leskeella,nervosa,,,(Brid.) Loeske,,
777,777,672,accepté,species,Pseudoleskeella,nervosa,,,(Brid.) Nyholm,,
5565,,,à déterminer,species,Heterocladium,papillosum,,,(Lindb.) Lindb.,,
5566,,,à déterminer,species,Pseudoleskea,papillosa,,,(Lindb.) A.Jaeger,,
5567,,,à déterminer,species,Pseudoleskeella,papillosa,,,(Lindb.) Kindb.,,
779,779,673,accepté,species,Pseudoleskeella,rupestris,,,(Berggr.) Hedenäs & L. Söderstr.,,
782,779,673,synonyme,species,Pseudoleskeella,sibirica,,,(Arnell) P.S.Wilson & D.H.Norris,,
5568,3513,674,synonyme,variety,Leskea,tectorum,flagellifera,,,Best,
5569,3513,674,synonyme,species,Leskea,tectorum,,,(Funck ex Brid.) Lindb.,,
5570,3513,674,synonyme,species,Leskeella,tectorum,,,(Funck ex Brid.) I.Hagen,,
5571,3513,674,synonyme,species,Leskeella,williamsii,,,(Best) Grout,,
5572,3513,674,synonyme,species,Pseudoleskea,tectorum,,,(Funck ex Brid.) Schimp.,,
3514,3513,674,synonyme,species,Pseudoleskeella,tectorum,,,(Funck ex Brid.) Kindb. ex Broth.,,non
3513,3513,674,accepté,species,Pseudoleskeella,tectorum,,,(Funck ex Brid.) Kindb.,,oui
5573,,,à déterminer,species,Moerckia,blyttii,,,(Mørch) Brockm.,,
5574,,,à déterminer,species,Pseudoscleropodium,purum,,,(Hedw.) M.Fleisch.,,
5575,,,à déterminer,species,Hypnum,procerrimum,,,Molendo,,
5576,785,676,synonyme,species,Isopterygium,elegans,,,(Brid.) Lindb.,,
785,785,676,accepté,species,Pseudotaxiphyllum,elegans,,,(Brid.) Z. Iwats.,,
5577,3028,675,synonyme,species,Isopterygium,subfalcatum,,,(Austin) A.Jaeger,,
1917,1917,229,accepté,species,Pseudotritomaria,heterophylla,,,(R.M.Schust.) Konstant. & Vilnet,,
264,1917,229,synonyme,species,Tritomaria,heterophylla,,,R.M. Schust.,,
786,786,677,accepté,species,Psilopilum,cavifolium,,,(Wilson) I. Hagen,,
5578,787,678,synonyme,species,Psilopilum,glabratum,,,Holz.,,
787,787,678,accepté,species,Psilopilum,laevigatum,,,(Wahlenb.) Lindb.,,
5579,788,679,synonyme,variety,Pterigynandrum,filiforme,majus,,,(De Not.) De Not.,
5580,788,679,synonyme,variety,Pterigynandrum,filiforme,minus,,,Lesq. & James,
788,788,679,accepté,species,Pterigynandrum,filiforme,,,Hedw.,,
789,789,680,accepté,species,Pterygoneurum,ovatum,,,(Hedw.) Dixon,,
5581,,,à déterminer,species,Ptilidium,californicum,,,(Austin) Underw. & O.F.Cook,,
204,204,175,accepté,species,Ptilidium,ciliare,,,(L.) Hampe,,
205,205,176,accepté,species,Ptilidium,pulcherrimum,,,(Weber) Vain.,,oui
3447,205,176,synonyme,species,Ptilidium,pulcherrimum,,,(Weber) Hampe,,non
1794,790,681,synonyme,species,Hypnum,crista-castrensis,,,Hedw.,,
790,790,681,accepté,species,Ptilium,crista-castrensis,,,(Hedw.) De Not.,,
345,345,302,accepté,species,Bryum,archangelicum,,,Bruch & Schimp.,,
3556,345,302,synonyme,species,Bryum,stenotrichum,,,C.Muell.,,
1519,345,302,synonyme,species,Ptychostomum,archangelicum,,,(Bruch & Schimp.) J.R.Spence,,
349,349,303,accepté,species,Bryum,arcticum,,,(R. Br.) Bruch & Schimp.,,
5582,349,303,synonyme,species,Bryum,brownii,,,Bruch & Schimp.,,
5583,349,303,synonyme,variety,Bryum,purpurascens,autumnale,,,(Limpr.) C.E.O.Jensen,
5584,349,303,synonyme,subspecies,Bryum,purpurascens,autumnale,,,(Limpr.) J.J.Amann,
1521,349,303,synonyme,species,Ptychostomum,arcticum,,,(R.Br.) J.R.Spence,,
3557,349,303,synonyme,species,Ptychostomum,arcticum,,,(R.Br.) J.R.Spence ex Holyoak & N.Pedersen,,
5585,,,à déterminer,species,Bryum,acutum,,,Lindb.,,
352,352,305,accepté,species,Bryum,bimum,,,(Schreb.) Turner,,
353,352,305,synonyme,variety,Bryum,pseudotriquetrum,bimum,,,(Schreb.) Lilj.,
1523,352,305,synonyme,subspecies,Bryum,pseudotriquetrum,bimum,,,(Schreb.) Hartm.,
1524,352,305,synonyme,species,Ptychostomum,bimum,,,(Schreb.) J.R.Spence,,
357,357,309,accepté,species,Bryum,calophyllum,,,R. Br.,,
1526,357,309,synonyme,species,Ptychostomum,calophyllum,,,(R.Br.) J.R.Spence,,
1555,384,333,synonyme,species,Bryum,cernuum,,,(Hedw.) Bruch & Schimp.,,
384,384,333,accepté,species,Bryum,uliginosum,,,(Brid.) Bruch & Schimp.,,
2238,343,301,synonyme,species,Bryum,algovicum,,,C.Müll.,,non
2191,2191,1063,accepté,variety,Bryum,algovicum,algovicum,,Sendtn. ex Müll. Hal.,,
2192,2192,1064,accepté,variety,Bryum,algovicum,rutheanum,,Sendtn. ex Müll. Hal.,(Warnst.) Crundw,
343,343,301,accepté,species,Bryum,algovicum,,,Sendtn. ex Müll. Hal.,,oui
2193,343,301,synonyme,variety,Bryum,angustirete,compactum,,,(Hornsch.) Wijk & Margad.,
1511,343,301,synonyme,species,Bryum,angustirete,,,Kindb.,,
2194,343,301,synonyme,species,Bryum,camptoneurum,,,Cardot & Thér.,,
2195,343,301,synonyme,species,Ptychostomum,compactum,,,Hornsch.,,
1512,343,301,synonyme,species,Ptychostomum,pendulum,,,Hornsch.,,
359,359,311,accepté,species,Bryum,creberrimum,,,Taylor,,
5586,359,311,synonyme,species,Bryum,cuspidatum,,,(Bruch & Schimp.) Schimp.,,
360,359,311,synonyme,variety,Bryum,lisae,cuspidatum,,,(Bruch & Schimp.) Margad.,
1529,359,311,synonyme,species,Ptychostomum,creberrimum,,,(Taylor) J.R.Spence & H.P.Ramsay,,
361,361,312,accepté,species,Bryum,cryophilum,,,Mårtensson,,
1531,361,312,synonyme,species,Ptychostomum,cryophilum,,,(Mårtensson) J.R.Spence,,
362,362,313,accepté,species,Bryum,cyclophyllum,,,(Schwägr.) Bruch & Schimp.,,oui
3463,362,313,synonyme,species,Bryum,cyclophyllum,,,(Schwaegr.) B.S.G.,,non
1532,362,313,synonyme,species,Bryum,tortifolium,,,Brid.,,
1533,362,313,synonyme,species,Ptychostomum,cyclophyllum,,,(Schwägr.) J.R.Spence,,
346,345,302,synonyme,species,Bryum,amblyodon,,,Müll.Hal.,,
5587,345,302,synonyme,species,Bryum,imbricatum,,,(Schwägr.) Bruch & Schimp.,,
5588,345,302,synonyme,variety,Bryum,inclinatum,graefianum,,,(Schlieph.) Podp.,
3462,345,302,synonyme,species,Bryum,inclinatum,,,(Sw. ex Brid.) Blandow,,
1517,345,302,synonyme,species,Bryum,stenotrichum,,,Müll.Hal.,,
1518,345,302,synonyme,species,Ptychostomum,inclinatum,,,(Sw. ex Brid.) J.R.Spence,,
2162,2161,,synonyme,subspecies,Bryum,intermedium,microstegium,,(Brid.) Blandow,(Bruch & Schimp.) Podp.,
2161,2161,,accepté,species,Bryum,intermedium,,,(Brid.) Blandow,,
5589,2161,,synonyme,species,Bryum,microstegium,,,Bruch & Schimp.,,
2163,2161,,synonyme,species,Ptychostomum,intermedium,,,(Brid.) J.R.Spence,,
370,370,320,accepté,species,Bryum,knowltonii,,,Barnes,,
1543,370,320,synonyme,species,Ptychostomum,knowltonii,,,(Barnes) J.R.Spence,,
5590,1884,885,synonyme,species,Bryum,cirrhatum,,,Hoppe & Hornsch.,,
1884,1884,885,accepté,species,Bryum,lonchocaulon,,,Müll.Hal.,,
3005,3004,1117,synonyme,species,Bryum,labradorense,,,H.Philib.,,
3002,3004,1117,synonyme,variety,Bryum,longisetum,labradorense,,,(H.Philib.) C.E.O.Jensen,
373,3004,1117,synonyme,variety,Bryum,longisetum,labradorense,,,(H.Philib.) G.Roth,
3004,3004,1117,accepté,species,Bryum,longisetum,,,Blandow ex Schwägr.,,
1546,3004,1117,synonyme,species,Ptychostomum,longisetum,,,(Blandow ex Schwägr.) J.R.Spence,,
375,375,324,accepté,species,Bryum,marratii,,,Hook. & Wilson,,
1547,375,324,synonyme,species,Ptychostomum,marratii,,,(Hook. & Wilson) J.R.Spence,,
5591,377,326,synonyme,species,Bryum,aeneum,,,Blytt ex B.S.G.,,
5592,377,326,synonyme,variety,Bryum,pallens,pallens,,,,
377,377,326,accepté,species,Bryum,pallens,,,Sw.,,oui
1548,377,326,synonyme,species,Ptychostomum,pallens,,,(Sw.) J.R.Spence,,
5593,378,327,synonyme,variety,Bryum,pallescens,insigne,,,H.Philib.,
378,378,327,accepté,species,Bryum,pallescens,,,Schleich. ex Schwägr.,,oui
3465,378,327,synonyme,species,Bryum,pallescens,,,Schleich.,,non
1549,378,327,synonyme,species,Ptychostomum,pallescens,,,(Schleich. ex Schwägr.) J.R.Spence,,
5594,379,328,synonyme,form,Bryum,pseudotriquetrum,aristulatum,,,Podp.,
5595,379,328,synonyme,variety,Bryum,pseudotriquetrum,compactum,,,Bruch & Schimp.,
379,379,328,accepté,species,Bryum,pseudotriquetrum,,,"(Hedw.) G. Gaertn., B. Mey. & Scherb.",,oui
3466,379,328,synonyme,species,Bryum,pseudotriquetrum,,,(Hedw.) P.Gaertn. et al.,,non
3558,379,328,synonyme,species,Ptychostomum,pseudotriquetrum,,,(Hedw.) J.R.Spence & H.P.Ramsay ex Holyoak & N.Pedersen,,
1550,379,328,synonyme,species,Ptychostomum,pseudotriquetrum,,,(Hedw.) J.R.Spence & H.P.Ramsay,,
1520,349,303,synonyme,species,Bryum,purpurascens,,,(R.Br.) Bruch & Schimp.,,
5596,381,330,synonyme,species,Bryum,lapponicum,,,Kaurin,,
381,381,330,accepté,species,Bryum,salinum,,,I. Hagen ex Limpr.,,
5597,,,à déterminer,species,Bryum,schleicheri,,,Schwägr.,,
5598,,,à déterminer,species,Bryum,schleicheri,,,DC.,,
5599,,,à déterminer,variety,Bryum,turbinatum,angustatum,,,(Schimp.) Podp.,
5600,,,à déterminer,variety,Bryum,turbinatum,schleicheri,,,(DC.) Fürnr.,
5601,,,à déterminer,species,Ptychostomum,schleicheri,,,(DC.) J.R.Spence,,
5602,,,à déterminer,species,Bryum,ovatum,,,Jur.,,
5603,383,332,synonyme,subspecies,Bryum,erythrophylloides,gaspeanum,,,(Kindb.) Kindb.,
383,383,332,accepté,species,Bryum,turbinatum,,,(Hedw.) Turner,,
1554,383,332,synonyme,species,Ptychostomum,turbinatum,,,(Hedw.) J.R.Spence,,
3467,3467,336,accepté,species,Bryum,warneum,,,(Schwägr. ex Steud.) Brid.,,oui
1561,3467,336,synonyme,species,Ptychostomum,warneum,,,(Schwägr. ex Steud.) J.R.Spence,,
5604,3468,337,synonyme,species,Bryum,duvalii,,,Voit,,
3468,3468,337,accepté,species,Bryum,weigelii,,,Biehler,,oui
1562,3468,337,synonyme,species,Ptychostomum,weigelii,,,(Biehler) J.R.Spence,,
5605,390,338,synonyme,species,Bryum,longii,,,E.B.Bartram,,
3469,390,338,synonyme,species,Bryum,wrightii,,,Sull. & Lesq.,,non
1563,390,338,synonyme,species,Ptychostomum,wrightii,,,(Sull. & Lesq.) J.R.Spence,,
791,791,682,accepté,species,Pylaisia,intricata,,,(Hedw.) Schimp.,,
1795,791,682,synonyme,species,Pylaisiella,intricata,,,(Hedw.) Grout,,
5606,793,683,synonyme,species,Pylaisia,ontariensis,,,Müll.Hal. & Kindb.,,
793,793,683,accepté,species,Pylaisia,polyantha,,,(Hedw.) Schimp.,,
1798,793,683,synonyme,species,Pylaisia,subdenticulata,,,Schimp.,,
1797,793,683,synonyme,species,Pylaisiella,polyantha,,,(Hedw.) Grout,,
5607,1947,684,synonyme,species,Pylaisia,schimperi,,,Cardot,,
1947,1947,684,accepté,species,Pylaisia,selwynii,,,Kindb.,,
1799,1947,684,synonyme,species,Pylaisiella,selwynii,,,"(Kindb.) H.A.Crum, Steere & L.E.Anderson",,
5608,,,à déterminer,species,Brotherella,tenuirostris,,,(Bruch & Schimp. ex Sull.) Broth.,,
5609,,,à déterminer,species,Pylaisiadelpha,tenuirostris,,,(Bruch & Schimp. ex Sull.) W.R.Buck,,
5610,,,à déterminer,species,Pyrrhobryum,spiniforme,,,(Hedw.) Mitt.,,
801,801,687,accepté,subspecies,Racomitrium,canescens,canescens,,(Hedw.) Brid.,,
5611,811,692,synonyme,species,Racomitrium,hypnoides,,,Lindb.,,
811,811,692,accepté,species,Racomitrium,lanuginosum,,,(Hedw.) Brid.,,
5612,811,692,synonyme,species,Rhacomitrium,lanuginosis,,,(Hedw.) Brid.,,
5613,811,692,synonyme,species,Rhacomitrium,lanuginosum,,,(Hedw.) Brid.,,
5614,,,à déterminer,species,Racopilum,tomentosum,,,(Hedw.) Brid.,,
5615,,,à déterminer,species,Radula,bolanderi,,,Gottsche,,
206,206,177,accepté,species,Radula,complanata,,,(L.) Dumort.,,
3231,3231,0,accepté,species,Radula,obconica,,,Sull.,,
820,820,697,accepté,species,Rauiella,scita,,,(P. Beauv.) Reimers,,
1801,820,697,synonyme,species,Thuidium,scitum,,,(P.Beauv.) Austin,,
207,207,178,accepté,species,Reboulia,hemisphaerica,,,(L.) Raddi,,
3069,3069,1068,accepté,subspecies,Reboulia,hemisphaerica,hemisphaerica,,(L.) Raddi,,
715,3232,618,synonyme,species,Plagiothecium,piliferum,,,(Sw.) Schimp.,,
3232,3232,618,accepté,species,Rectithecium,piliferum,,,(Sw.) Hedenäs & Huttunen,,
5616,,,à déterminer,species,Rhabdoweisia,crenulata,,,(Mitt.) H.Jameson,,
3517,3517,698,accepté,species,Rhabdoweisia,crispata,,,(Dicks.) Lindb.,,oui
1331,3517,698,synonyme,species,Rhabdoweisia,denticulata,,,Bruch & Schimp.,,
5617,,,à déterminer,species,Rhabdoweisia,fugax,,,(Hedw.) Bruch & Schimp.,,
1802,823,699,synonyme,species,Mnium,andrewsianum,,,Steere,,
823,823,699,accepté,species,Rhizomnium,andrewsianum,,,(Steere) T.J. Kop.,,
824,824,700,accepté,species,Rhizomnium,appalachianum,,,T.J. Kop.,,
1807,828,704,synonyme,subspecies,Rhizomnium,punctatum,chlorophyllosum,,,(Kindb.) T.J.Kop.,
1804,825,701,synonyme,species,Mnium,gracile,,,(T.J.Kop.) H.A.Crum & L.E.Anderson,,
825,825,701,accepté,species,Rhizomnium,gracile,,,T.J. Kop.,,
5618,826,702,synonyme,variety,Mnium,punctatum,elatum,,,Schimp.,
826,826,702,accepté,species,Rhizomnium,magnifolium,,,(Horik.) T.J. Kop.,,
1805,826,702,synonyme,species,Rhizomnium,perssonii,,,T.J.Kop.,,
5619,826,702,synonyme,variety,Rhizomnium,punctatum,elatum,,,(Schimp.) T.J.Kop.,
1806,827,703,synonyme,species,Mnium,pseudopunctatum,,,Bruch & Schimp.,,
5620,827,703,synonyme,species,Mnium,subglobosum,,,Bruch & Schimp.,,
827,827,703,accepté,species,Rhizomnium,pseudopunctatum,,,(Bruch & Schimp.) T.J. Kop.,,
1808,828,704,synonyme,species,Mnium,punctatum,,,Hedw.,,
828,828,704,accepté,species,Rhizomnium,punctatum,,,(Hedw.) T.J. Kop.,,
3518,829,705,synonyme,species,Rhodobryum,ontariense,,,(Kindb.) Paris,,non
829,829,705,accepté,species,Rhodobryum,ontariense,,,(Kindb.) Kindb.,,oui
5621,,,à déterminer,species,Bryum,roseum,,,(Hedw.) Crome,,
5622,,,à déterminer,species,Rhodobryum,roseum,,,(Hedw.) Limpr.,,
5623,,,à déterminer,variety,Eurhynchium,tenellum,meridionale,,,(Boulay) Dixon,
830,3519,706,synonyme,species,Rhynchostegium,aquaticum,,,A. Jaeger,,non
5624,,,à déterminer,species,Eurhynchium,megapolitanum,,,(Blandow ex F.Weber & D.Mohr) Milde,,
5625,,,à déterminer,species,Eurhynchium,riparioides,,,(Hedw.) P.W.Richards,,
5626,,,à déterminer,species,Eurhynchium,rusciforme,,,(Weiss ex Brid.) Milde,,
5627,,,à déterminer,species,Hypnum,rusciforme,,,Weiss ex Brid.,,
5628,,,à déterminer,species,Oxyrrhynchium,rusciforme,,,(Weiss ex Brid.) Warnst.,,
5629,,,à déterminer,species,Platyhypnidium,riparioides,,,(Hedw.) Dixon,,
5630,,,à déterminer,variety,Platyhypnidium,rusciforme,inundatum,,,(Brid.) Riehm.,
5631,,,à déterminer,species,Rhynchostegium,riparioides,,,(Hedw.) Cardot,,
5632,,,à déterminer,species,Rhynchostegium,rusciforme,,,(Weiss ex Brid.) Schimp.,,
5633,,,à déterminer,species,Torrentaria,riparioides,,,(Hedw.) Ochyra,,
1811,3520,707,synonyme,species,Brachythecium,serrulatum,,,(Hedw.) H.Rob.,,
1809,3520,707,synonyme,species,Eurhynchium,serrulatum,,,(Hedw.) Kindb.,,
831,3520,707,synonyme,species,Rhynchostegium,serrulatum,,,(Hedw.) A. Jaeger,,non
1810,3520,707,synonyme,species,Steerecleus,serrulatus,,,(Hedw.) H.Rob.,,
833,833,708,accepté,species,Rhytidiadelphus,loreus,,,(Hedw.) Warnst.,,
2173,2173,709,complexe,complexe,Rhytidiadelphus,squarrosus,,sensu lato,(Hedw.) Warnst.,,oui
2174,2174,,accepté,species,Rhytidiadelphus,squarrosus,,sensu stricto,(Hedw.) Warnst.,,non
834,834,709,accepté,species,Rhytidiadelphus,subpinnatus,,,(Lindb.) T.J. Kop.,,
5634,3521,711,synonyme,species,Hylocomium,rugosum,,,(Hedw.) De Not.,,
836,3521,711,synonyme,species,Rhytidium,rugosum,,,(Hedw.) Kindb.,,non
208,208,179,accepté,species,Riccardia,chamedryfolia,,,(With.) Grolle,,
5635,209,180,synonyme,species,Aneura,latifrons,,,Lindb.,,
209,209,180,accepté,species,Riccardia,latifrons,,,(Lindb.) Lindb.,,
5636,,,à déterminer,subspecies,Riccardia,latifrons,arctica,,,R.M.Schust. & Damsh.,
210,210,181,accepté,species,Riccardia,multifida,,,(L.) Gray,,
211,211,182,accepté,species,Riccardia,palmata,,,(Hedw.) Carruth.,,
1925,1925,886,accepté,species,Riccia,beyrichiana,,,Hampe ex Lehm.,,
212,212,183,accepté,species,Riccia,bifurca,,,Hoffm.,,
5637,,,à déterminer,species,Riccia,canaliculata,,,Hoffm.,,
213,213,184,accepté,species,Riccia,cavernosa,,,Hoffm.,,
214,214,185,accepté,species,Riccia,fluitans,,,L.,,
5638,214,185,synonyme,species,Ricciella,fluitans,,,(L.) A.Braun,,
215,215,186,accepté,species,Riccia,frostii,,,Austin,,
3113,3113,1113,accepté,species,Riccia,huebeneriana,,,Lindenb.,,
5639,3113,1113,synonyme,species,Ricciella,huebeneriana,,,(Lindenb.) Dumort.,,
216,216,187,accepté,subspecies,Riccia,huebeneriana,sullivantii,,Lindenb.,(Austin) R.M. Schust.,
1171,216,187,synonyme,species,Riccia,sullivantii,,,Austin,,
3448,217,188,synonyme,species,Riccia,rhenana,,,Lorb.,,non
217,217,188,accepté,species,Riccia,rhenana,,,Lorb. ex Müll. Frib.,,oui
218,218,189,accepté,species,Riccia,sorocarpa,,,Bisch.,,
5640,219,190,synonyme,species,Riccia,natans,,,L.,,
219,219,190,accepté,species,Ricciocarpos,natans,,,(L.) Corda,,
5641,3233,534,synonyme,species,Hypnum,plicatile,,,(Mitt.) Lesq. & James,,
614,3233,534,synonyme,species,Hypnum,revolutum,,,(Mitt.) Lindb.,,
3233,3233,534,accepté,species,Roaldia,revoluta,,,(Mitt.) P.E.A.S. Câmara & Carv.-Silva,,oui
5642,,,à déterminer,species,Bryum,pseudoacidodontium,,,Müll.Hal.,,
5643,358,310,synonyme,variety,Bryum,capillare,cuspidatum,,,Schimp.,
358,358,310,accepté,species,Bryum,capillare,,,Hedw.,,
1527,358,310,synonyme,species,Rosulabryum,capillare,,,(Hedw.) J.R.Spence,,
5644,,,à déterminer,variety,Bryum,capillare,barbatum,,,(C.E.O.Jensen) Podp.,
5645,,,à déterminer,species,Bryum,ferchelii,,,Funck,,
1539,3464,316,synonyme,species,Bryum,stirtonii,,,Schimp.,,
5646,,,à déterminer,variety,Bryum,capillare,flaccidum,,,(Brid.) Bruch & Schimp.,
5647,,,à déterminer,species,Bryum,flaccidum,,,Brid.,,
5648,,,à déterminer,species,Rosulabryum,flaccidum,,,(Brid.) J.R.Spence,,
371,3255,321,synonyme,species,Bryum,laevifilum,,,Syed,,
380,380,329,accepté,species,Bryum,rubens,,,Mitt.,,
1551,380,329,synonyme,species,Rosulabryum,rubens,,,(Mitt.) J.R.Spence,,
2106,1187,230,synonyme,species,Sphenolobus,politus,,,(Nees) Steph.,,
5649,837,712,synonyme,species,Didymodon,trifarius,,,(Hedw.) Röhl.,,
837,837,712,accepté,species,Saelania,glaucescens,,,(Hedw.) Broth.,,
5650,838,713,synonyme,variety,Drepanocladus,uncinatus,alpinus,,,(Renauld) Warnst.,
838,838,713,accepté,species,Sanionia,orthothecioides,,,(Lindb.) Loeske,,
5651,840,714,synonyme,variety,Drepanocladus,uncinatus,gracilescens,,,(Schimp.) Warnst.,
1813,840,714,synonyme,variety,Drepanocladus,uncinatus,plumosus,,,(Schimp.) Warnst.,
5652,840,714,synonyme,variety,Drepanocladus,uncinatus,plumulosus,,,(Schimp.) Warnst.,
1814,840,714,synonyme,variety,Drepanocladus,uncinatus,subjulaceus,,,(Schimp.) Warnst.,
5653,840,714,synonyme,variety,Drepanocladus,uncinatus,uncinatus,,,,
1816,840,714,synonyme,species,Drepanocladus,uncinatus,,,(Hedw.) Warnst.,,
5654,840,714,synonyme,species,Hypnum,aduncum,,,Venturi,,
5655,840,714,synonyme,species,Hypnum,uncinatum,,,Hedw.,,
5656,840,714,synonyme,variety,Sanionia,uncinata,uncinata,,,,
840,840,714,accepté,species,Sanionia,uncinata,,,(Hedw.) Loeske,,
5657,1818,715,synonyme,form,Drepanocladus,aduncus,tenuis,,,(Limpr.) C.E.O.Jensen,
1597,495,430,synonyme,variety,Drepanocladus,aduncus,tenuis,,,(Limpr.) G.Roth,
5658,1818,715,synonyme,variety,Drepanocladus,exannulatus,alpinus,,,(Grav.) Wijk & Margad.,
5659,1818,715,synonyme,variety,Drepanocladus,exannulatus,brachydictyon,,,(Renauld) G.Roth,
5660,1818,715,synonyme,variety,Drepanocladus,exannulatus,rotae,,,(De Not.) Loeske,
5661,1818,715,synonyme,form,Drepanocladus,exannulatus,submersus,,,(Mönk.) Mönk.,
1819,1818,715,synonyme,species,Drepanocladus,exannulatus,,,(Schimp.) Warnst.,,
5662,1818,715,synonyme,species,Drepanocladus,tenuis,,,(Limpr.) Warnst.,,
5663,1818,715,synonyme,variety,Hypnum,fluitans,brachydictyon,,,Renauld,
5664,1818,715,synonyme,species,Rhynchostegium,pseudostramineum,,,Mitt.,,
842,1818,715,synonyme,species,Sarmentypnum,exannulatum,,,(Schimp.) Hedenäs,,
5665,1818,715,synonyme,variety,Warnstorfia,exannulata,exannulata,,,,
5666,1818,715,synonyme,variety,Warnstorfia,exannulata,purpurascens,,,(Schimp.) Tuom. & T.J.Kop.,
1818,1818,715,accepté,species,Warnstorfia,exannulata,,,(Schimp.) Loeske,,
5667,3564,716,synonyme,variety,Calliergon,sarmentosum,fallaciosum,,,(Milde) G.Roth,
5668,3564,716,synonyme,variety,Calliergon,sarmentosum,fontinaloides,,,(Berggr.) G.Roth,
5669,3564,716,synonyme,variety,Calliergon,sarmentosum,subpinnatum,,,Warnst.,
1821,3564,716,synonyme,species,Calliergon,sarmentosum,,,(Wahlenb.) Kindb.,,
5670,3564,716,synonyme,species,Sarmenthypnum,sarmentosum,,,(Wahlenb.) Tuom. & T.J.Kop.,,
845,3564,716,synonyme,species,Sarmentypnum,sarmentosum,,,(Wahlenb.) Tuom. & T.J. Kop.,,
1822,3564,716,synonyme,species,Warnstorfia,sarmentosa,,,(Wahlenb.) Hedenäs,,non
3234,,0,synonyme,species,Sarmentypnum,trichophyllum,,,(Warnst.) Hedenäs,,
1824,1823,717,synonyme,species,Drepanocladus,tundrae,,,(Arnell) Loeske,,
848,1823,717,synonyme,species,Sarmentypnum,tundrae,,,(Arnell) Hedenäs,,
1823,1823,717,accepté,species,Warnstorfia,tundrae,,,(Arnell) Loeske,,
220,220,191,accepté,species,Sauteria,alpina,,,(Nees) Nees,,
221,221,192,accepté,species,Scapania,apiculata,,,Spruce,,
5671,,,à déterminer,species,Scapania,calcicola,,,(Arnell & J.Perss.) Ingham,,
5890,224,195,synonyme,variety,Scapania,carinthiaca,carinthiaca,,J.B. Jack ex Lindb.,,
3449,224,195,synonyme,species,Scapania,carinthiaca,,,(Gottsche & Rabenh.) J.B.Jack ex Lindb.,,non
225,225,196,accepté,species,Scapania,crassiretis,,,Bryhn,,
226,226,197,accepté,species,Scapania,curta,,,(Mart.) Dumort.,,
5672,227,198,synonyme,species,Scapania,bartlingii,,,(Hampe ex Nees) Nees,,
227,227,198,accepté,species,Scapania,cuspiduligera,,,(Nees) Müll. Frib.,,oui
3450,227,198,synonyme,species,Scapania,cuspiduligera,,,(Nees) K.Müll.,,non
5891,5891,199,accepté,variety,Scapania,glaucocephala,glaucocephala,,(Taylor) Austin,,
228,228,199,accepté,species,Scapania,glaucocephala,,,(Taylor) Austin,,
229,229,200,accepté,species,Scapania,gymnostomophila,,,Kaal.,,
230,3408,201,synonyme,species,Scapania,hyperborea,,,Jørg.,,non
3114,3114,1114,accepté,species,Scapania,irrigua,,,(Nees) Nees,,
231,231,202,accepté,subspecies,Scapania,irrigua,irrigua,,(Nees) Nees,,
232,232,203,accepté,subspecies,Scapania,irrigua,rufescens,,(Nees) Nees,(Loeske) R.M. Schust.,
233,233,204,accepté,species,Scapania,kaurinii,,,Ryan,,
234,234,205,accepté,species,Scapania,ligulifolia,,,R.M. Schust.,,
235,235,206,accepté,species,Scapania,mucronata,,,H. Buch,,
236,236,207,accepté,species,Scapania,nemorea,,,(L.) Grolle,,
1175,236,207,synonyme,species,Scapania,nemorosa,,,(L.) Dumort.,,
238,238,208,accepté,species,Scapania,obcordata,,,(Berggr.) S.W. Arnell,,
5673,,,à déterminer,species,Scapania,obscura,,,(Arnell & C.E.O.Jensen) Schiffn.,,
3115,3115,1115,accepté,species,Scapania,paludicola,,,Loeske & Müll.Frib.,,
239,239,209,accepté,variety,Scapania,paludicola,paludicola,,Loeske & Müll.Frib.,,
241,241,211,accepté,species,Scapania,paludosa,,,(Müll. Frib.) Müll. Frib.,,oui
2234,241,211,synonyme,species,Scapania,paludosa,,,(K.Müll.) K.Müll.,,non
1176,242,212,synonyme,subspecies,Scapania,mucronata,praetervisa,,,(Meyl.) R.M.Schust.,
242,242,212,accepté,species,Scapania,praetervisa,,,Meyl.,,
1931,1931,895,accepté,species,Scapania,pseudocalcicola,,,R.M. Schust.,,
244,244,214,accepté,species,Scapania,serrulata,,,R.M. Schust.,,
2175,2175,,accepté,species,Scapania,simmonsii,,,Bryhn & Kaal.,,
3235,3235,215,accepté,species,Scapania,spitsbergensis,,,(Lindb.) Müll. Frib.,,
245,3235,215,synonyme,species,Scapania,spitzbergensis,,,(Lindb.) K.Müller,,
246,246,216,accepté,species,Scapania,subalpina,,,(Nees ex Lindenb.) Dumort.,,
247,247,217,accepté,species,Scapania,uliginosa,,,(Lindenb.) Dumort.,,
248,248,218,accepté,species,Scapania,umbrosa,,,(Schrad.) Dumort.,,
5674,249,219,synonyme,variety,Scapania,undulata,purpurea,,,"(Nees) Gottsche, Lindenb. & Nees",
249,249,219,accepté,species,Scapania,undulata,,,(L.) Dumort.,,
1332,851,718,synonyme,species,Grimmia,agassizii,,,(Sull. & Lesq.) A.Jaeger,,
5675,851,718,synonyme,species,Grimmia,alpicola,,,Hedw.,,
5676,851,718,synonyme,subspecies,Grimmia,apocarpa,alpicola,,,(Hedw.) C.Hartm.,
5677,851,718,synonyme,variety,Grimmia,apocarpa,alpicola,,,(Hedw.) Röhl.,
851,851,718,accepté,species,Schistidium,agassizii,,,Sull. & Lesq.,,
5678,851,718,synonyme,species,Schistidium,alpicola,,,(Hedw.) Limpr.,,
5679,,,à déterminer,species,Schistidium,ambiguum,,,Sull.,,
2176,2176,729,accepté,species,Schistidium,andreaeopsis,,,(Müll.Hal.) Laz.,,
5680,852,719,synonyme,variety,Grimmia,apocarpa,gracilis,,,F.Weber & D.Mohr ex Nees et al.,
1333,852,719,synonyme,species,Grimmia,apocarpa,,,Hedw.,,
5681,852,719,synonyme,subspecies,Schistidium,apocarpum,bracteolatum,,,H.H.Blom,
852,852,719,accepté,species,Schistidium,apocarpum,,,(Hedw.) Bruch & Schimp.,,oui
3522,852,719,synonyme,species,Schistidium,apocarpum,,,"(Hedw.) B.S.G., 1845",,non
853,853,720,accepté,species,Schistidium,atrichum,,,(Müll. Hal. & Kindb.) W.A. Weber,,
854,854,721,accepté,species,Schistidium,boreale,,,Poelt,,
1334,855,722,synonyme,variety,Grimmia,apocarpa,canadensis,,,Dupr.,
1335,855,722,synonyme,subspecies,Schistidium,apocarpum,canadense,,,(Dupr.) H.H.Blom ex B.H.Allen & Pursell,
3552,855,722,synonyme,subspecies,Schistidium,apocarpum,canadense,,,(Dupr.) H.H.Blom,
855,855,722,accepté,species,Schistidium,canadense,,,(Dupr.) Ignatova & H.H. Blom,,
5682,2178,,synonyme,species,Grimmia,conferta,,,Funck,,
5683,2178,,synonyme,subspecies,Schistidium,apocarpum,confertum,,,(Funck) Loeske,
2178,2178,,accepté,species,Schistidium,confertum,,,(Funck) Bruch & Schimp.,,
857,857,723,accepté,species,Schistidium,crassipilum,,,H.H. Blom,,
3236,3236,902,accepté,species,Schistidium,crassithecium,,,H.H. Blom ex B.H. Allen,,
5684,,,à déterminer,species,Schistidium,crenatum,,,H.H.Blom,,
858,858,724,accepté,species,Schistidium,cryptocarpum,,,Mogensen & H.H. Blom,,
1339,859,725,synonyme,species,Grimmia,dupretii,,,Thér.,,
1337,859,725,synonyme,variety,Schistidium,apocarpum,dupretii,,,(Thér.) Wijk & Margad.,
859,859,725,accepté,species,Schistidium,dupretii,,,(Thér.) W.A. Weber,,
860,860,726,accepté,species,Schistidium,flexipile,,,(Lindb. ex Broth.) G. Roth,,
861,861,727,accepté,species,Schistidium,frigidum,,,H.H. Blom,,
862,862,728,accepté,species,Schistidium,grandirete,,,H.H. Blom,,
2177,2177,729,accepté,species,Schistidium,holmenianum,,,Steere & Brassard,,
2179,2179,,accepté,species,Schistidium,lancifolium,,,(Kindb.) H.H.Blom,,
864,864,730,accepté,species,Schistidium,liliputanum,,,(Müll. Hal.) Deguchi,,
1340,3523,731,synonyme,species,Grimmia,maritima,,,Sm. ex R.Scott,,
3524,3523,731,synonyme,species,Schistidium,maritimum,,,(Sm. ex R.Scott) Bruch & Schimp.,,non
866,866,732,accepté,species,Schistidium,papillosum,,,Culm.,,
5685,3237,889,synonyme,variety,Grimmia,alpicola,latifolia,,,(J.E.Zetterst.) H.A.Möller,
5686,3237,1122,synonyme,subspecies,Schistidium,platyphyllum,platyphyllum,,,,
3237,3237,1122,accepté,species,Schistidium,platyphyllum,,,(Mitt.) Perss.,,
5687,3237,889,synonyme,subspecies,Schistidium,rivulare,latifolium,,,(J.E.Zetterst.) B.Bremer,
5688,3237,889,synonyme,variety,Schistidium,rivulare,latifolium,,,(J.E.Zetterst.) H.A.Crum & L.E.Anderson,
5689,,,à déterminer,species,Schistidium,poeltii,,,H.H.Blom,,
867,867,733,accepté,species,Schistidium,pulchrum,,,H.H. Blom,,
5690,868,734,synonyme,form,Grimmia,alpicola,papillosa,,,G.N.Jones,
1341,868,734,synonyme,variety,Grimmia,alpicola,rivularis,,,(Brid.) Wahlenb.,
5691,868,734,synonyme,species,Grimmia,rivularis,,,Brid.,,
5692,868,734,synonyme,variety,Schistidium,apocarpum,rivulare,,,(Brid.) Bruch & Schimp.,
5693,868,734,synonyme,variety,Schistidium,rivulare,rivulare,,,,
868,868,734,accepté,species,Schistidium,rivulare,,,(Brid.) Podp.,,
869,869,735,accepté,species,Schistidium,robustum,,,(Nees & Hornsch.) H.H. Blom,,
5694,2180,,synonyme,variety,Grimmia,apocarpa,stricta,,,(Turner) Hook. & Taylor,
2180,2180,,accepté,species,Schistidium,strictum,,,(Turner) Loeske ex Mårtensson,,
559,3322,485,synonyme,species,Grimmia,teretinervis,,,Limpr.,,
5695,870,736,synonyme,variety,Grimmia,apocarpa,gracilis,,,Röhl.,
5696,870,736,synonyme,subspecies,Schistidium,apocarpum,gracile,,,(Röhl.) Meyl.,
5697,870,736,synonyme,variety,Schistidium,apocarpum,gracile,,,(Röhl.) Bruch & Schimp.,
5698,870,736,synonyme,species,Schistidium,gracile,,,(Röhl.) Limpr.,,
870,870,736,accepté,species,Schistidium,trichodon,,,(Brid.) Poelt,,
871,871,737,accepté,species,Schistidium,venetum,,,H.H. Blom,,
872,872,738,accepté,species,Schistidium,viride,,,H.H.Blom & Darigo,,
1180,254,222,synonyme,species,Lophozia,incisa,,,(Schrad.) Dumort.,,
5699,873,739,synonyme,species,Schistostega,osmundacea,,,(Dicks.) F.Weber & D.Mohr,,
873,873,739,accepté,species,Schistostega,pennata,,,(Hedw.) F. Weber & D. Mohr,,
15,15,11,accepté,species,Anastrophyllum,sphenoloboides,,,R.M. Schust.,,
31,1869,26,synonyme,species,Barbilophozia,kunzeana,,,(Huebener) Müll. Frib.,,non
3424,1869,26,synonyme,species,Barbilophozia,kunzeana,,,(Huebener) K.Mueller,,oui
3425,1869,26,synonyme,species,Barbilophozia,kunzeana,,,(Hüb.) Gams,,non
1064,1869,26,synonyme,species,Lophozia,kunzeana,,,(Huebener) A.Evans,,
1065,1869,26,synonyme,species,Orthocaulis,kunzeanus,,,(Huebener) H.Buch,,
1869,1869,26,accepté,species,Schljakovia,kunzeana,,,(Huebener) Konstant. & Vilnet,,
33,3238,28,synonyme,species,Barbilophozia,quadriloba,,,(Lindb.) Loeske,,
1068,3238,28,synonyme,species,Lophozia,quadriloba,,,(Lindb.) A.Evans,,
3238,3238,28,accepté,species,Schljakovianthus,quadrilobus,,,(Lindb.) Konstant. & Vilnet,,
1825,874,740,synonyme,species,Schwetschkeopsis,denticulata,,,(Sull.) Broth.,,
5700,,,à déterminer,species,Brachythecium,brotheri,,,Paris,,
320,1489,280,synonyme,species,Brachythecium,curtum,,,(Lindb.) Limpr.,,
1489,1489,280,accepté,species,Sciuro-hypnum,curtum,,,(Lindb.) Ignatov,,
323,1491,283,synonyme,species,Brachythecium,glaciale,,,Schimp.,,
1491,1491,283,accepté,species,Sciuro-hypnum,glaciale,,,(Schimp.) Ignatov & Huttunen,,
326,1496,285,synonyme,species,Brachythecium,latifolium,,,Kindb.,,
1494,1496,285,synonyme,species,Brachythecium,nelsonii,,,Grout,,
1496,1496,285,accepté,species,Sciuro-hypnum,latifolium,,,(Kindb.) Ignatov & Huttunen,,
5701,,,à déterminer,species,Brachythecium,oedipodium,,,(Mitt.) A.Jaeger,,
5702,,,à déterminer,subspecies,Brachythecium,starkii,oedipodium,,,(Mitt.) Renauld & Cardot,
5703,,,à déterminer,species,Sciuro-hypnum,oedipodium,,,(Mitt.) Ignatov & Huttunen,,
1498,1497,286,synonyme,species,Brachythecium,flagellare,,,(Hedw.) Jenn.,,
327,1497,286,synonyme,species,Brachythecium,plumosum,,,(Hedw.) Schimp.,,
1497,1497,286,accepté,species,Sciuro-hypnum,plumosum,,,(Hedw.) Ignatov & Huttunen,,
3459,1500,287,synonyme,species,Brachythecium,populeum,,,"(Hedw.) B.S.G., 1853",,
328,1500,287,synonyme,species,Brachythecium,populeum,,,(Hedw.) Schimp.,,
1500,1500,287,accepté,species,Sciuro-hypnum,populeum,,,(Hedw.) Ignatov & Huttunen,,
5704,1501,288,synonyme,species,Brachythecium,bestii,,,Grout,,
5705,1501,288,synonyme,variety,Brachythecium,reflexum,pacificum,,,Renauld & Cardot,
5706,1501,288,synonyme,variety,Brachythecium,reflexum,reflexum,,,,
329,1501,288,synonyme,species,Brachythecium,reflexum,,,(Starke) Schimp.,,
1501,1501,288,accepté,species,Sciuro-hypnum,reflexum,,,(Starke) Ignatov & Huttunen,,
333,1502,292,synonyme,species,Brachythecium,starkei,,,(Brid.) Schimp.,,
1502,1502,292,accepté,species,Sciuro-hypnum,starkei,,,(Brid.) Ignatov & Huttunen,,
5707,875,741,synonyme,species,Drepanocladus,cossonii,,,(Schimp.) Loeske,,
1829,875,741,synonyme,species,Drepanocladus,intermedius,,,(Lindb.) Warnst.,,
5708,875,741,synonyme,variety,Drepanocladus,revolvens,cossonii,,,(Schimp.) Podp.,
1826,875,741,synonyme,variety,Drepanocladus,revolvens,intermedius,,,(Lindb.) L.R.Wilson,
3565,875,741,synonyme,variety,Drepanocladus,revolvens,intermedius,,,(Lindb.) Grout,
1827,875,741,synonyme,species,Hypnum,cossonii,,,Schimp.,,
5709,875,741,synonyme,species,Hypnum,intermedium,,,Lindb.,,
1828,875,741,synonyme,species,Limprichtia,cossonii,,,"(Schimp.) L.E.Anderson, H.A.Crum & W.R.Buck",,
875,875,741,accepté,species,Scorpidium,cossonii,,,(Schimp.) Hedenäs,,
1832,878,742,synonyme,species,Drepanocladus,revolvens,,,(Sw.) Warnst.,,
5710,878,742,synonyme,variety,Hypnum,intermedium,revolvens,,,(Sw.) Sanio,
1830,878,742,synonyme,species,Hypnum,revolvens,,,Sw. ex Anon.,,
1831,878,742,synonyme,species,Limprichtia,revolvens,,,(Sw.) Loeske,,
878,878,742,accepté,species,Scorpidium,revolvens,,,(Sw.) Rubers,,
5711,880,743,synonyme,species,Drepanocladus,scorpioides,,,(Hedw.) Warnst.,,
5712,880,743,synonyme,species,Hypnum,scorpioides,,,Hedw.,,
880,880,743,accepté,species,Scorpidium,scorpioides,,,(Hedw.) Limpr.,,
5713,,,à déterminer,species,Scouleria,aquatica,,,Hook.,,
3525,3525,744,accepté,species,Seligeria,brevifolia,,,(Lindb.) Lindb. & Arnell,,oui
882,882,745,accepté,species,Seligeria,calcarea,,,(Hedw.) Bruch & Schimp.,,oui
3526,882,745,synonyme,species,Seligeria,calcarea,,,(Hedw.) B.S.G.,,non
885,885,748,accepté,species,Seligeria,donniana,,,(Sm.) Müll. Hal.,,
886,886,749,accepté,species,Seligeria,oelandica,,,C.E.O. Jensen & Medelius,,
5714,,,à déterminer,variety,Seligeria,tristichoides,patula,,,(Lindb.) Broth.,
3239,3239,0,accepté,species,Seligeria,pusilla,,,(Hedw.) Bruch & Schimp.,,
5715,,,à déterminer,species,Seligeria,tristicha,,,(Brid.) Bruch & Schimp.,,
5716,888,751,synonyme,variety,Seligeria,tristichoides,tristichoides,,,,
888,888,751,accepté,species,Seligeria,tristichoides,,,Kindb.,,
5717,,,à déterminer,species,Sematophyllum,marylandicum,,,(A.Jaeger) E.Britton,,
1747,1943,619,synonyme,species,Amblystegiella,confervoides,,,(Brid.) Loeske,,
716,1943,619,synonyme,species,Platydictya,confervoides,,,(Brid.) H.A. Crum,,
1943,1943,619,accepté,species,Serpoleskea,confervoides,,,(Brid.) Loeske,,
718,3323,621,synonyme,species,Platydictya,minutissima,,,(Sull. & Lesq.) H.A.Crum,,
115,1909,100,synonyme,species,Jungermannia,confertissima,,,Nees,,
3442,1127,109,synonyme,species,Jungermannia,sphaerocarpa,,,Of American Authors,,non
116,1107,101,synonyme,species,Jungermannia,crenuliformis,,,Austin,,
1107,1107,101,accepté,species,Solenostoma,crenuliforme,,,(Austin) Steph.,,
118,1113,103,synonyme,species,Jungermannia,gracillima,,,Sm.,,
3542,1113,103,synonyme,species,Plectocolea,crenulata,,,(Mitt.) A.Evans,,
3543,1113,103,synonyme,species,Plectocolea,crenulata,,,Mitt.,,
5718,1113,103,synonyme,species,Solenostoma,crenulatum,,,Mitt.,,
1113,1113,103,accepté,species,Solenostoma,gracillimum,,,(Sm.) R.M.Schust.,,
119,1115,104,synonyme,species,Jungermannia,hyalina,,,Lyell,,
1114,1115,104,synonyme,species,Plectocolea,hyalina,,,(Lyell) Mitt.,,
1115,1115,104,accepté,species,Solenostoma,hyalinum,,,(Lyell) Mitt.,,
121,1119,106,synonyme,species,Jungermannia,obovata,,,Nees,,oui
3569,1119,106,synonyme,species,Jungermannia,subelliptica,,,(Lindb. ex Heeg) Levier,,non
125,1119,106,synonyme,species,Jungermannia,subelliptica,,,(Lindb. ex Kaal.) Lev.,,oui
1118,1119,106,synonyme,species,Plectocolea,obovata,,,(Nees) Lindb.,,
5719,1127,109,synonyme,species,Jungermannia,jenseniana,,,Grolle,,
124,1127,109,synonyme,species,Jungermannia,sphaerocarpa,,,Hook.,,oui
5720,,,à déterminer,species,Sphagnum,cucullatum,,,Warnst.,,
889,889,752,accepté,species,Sphagnum,affine,,,Renauld & Cardot,,
1344,889,752,synonyme,variety,Sphagnum,imbricatum,affine,,,(Renauld & Cardot) Warnst.,
1418,928,791,synonyme,species,Sphagnum,andersonianum,,,R.E.Andrus,,
890,890,753,accepté,species,Sphagnum,angermanicum,,,Melin,,
891,2181,754,synonyme,species,Sphagnum,angustifolium,,,(Russow) C.E.O. Jensen,,non
1353,2181,754,synonyme,species,Sphagnum,parvifolium,,,(Sendtn. ex Warnst.) Warnst.,,
2182,2181,754,synonyme,variety,Sphagnum,recurvum,angustifolium,,,(Russow) Warnst.,
1351,2181,754,synonyme,variety,Sphagnum,recurvum,tenue,,,H.Klinggr.,
892,892,755,accepté,species,Sphagnum,annulatum,,,H. Lindb. ex Warnst.,,
893,893,756,accepté,species,Sphagnum,aongstroemii,,,C. Hartm.,,
894,894,757,accepté,species,Sphagnum,arcticum,,,Flatberg & Frisvoll,,
5721,,,à déterminer,species,Sphagnum,atlanticum,,,R.E.Andrus,,
895,895,758,accepté,species,Sphagnum,austinii,,,Sull.,,
896,896,759,accepté,species,Sphagnum,balticum,,,(Russow) C.E.O. Jensen,,
5722,,,à déterminer,species,Sphagnum,bartlettianum,,,Warnst.,,
3240,3240,908,accepté,species,Sphagnum,beothuk,,,R.E. Andrus,,
5723,897,760,synonyme,variety,Sphagnum,acutifolium,flavescens,,,Warnst.,
5724,897,760,synonyme,variety,Sphagnum,acutifolium,pallescens,,,Warnst.,
5725,897,760,synonyme,variety,Sphagnum,acutifolium,rubrum,,,Bayrh.,
5726,897,760,synonyme,variety,Sphagnum,acutifolium,versicolor,,,Warnst.,
5727,897,760,synonyme,variety,Sphagnum,acutifolium,viride,,,Warnst.,
1359,897,760,synonyme,species,Sphagnum,acutifolium,,,Schrad.,,
1360,897,760,synonyme,species,Sphagnum,capillaceum,,,(Weiss) Schrank,,
897,897,760,accepté,species,Sphagnum,capillifolium,,,(Ehrh.) Hedw.,,
5728,897,760,synonyme,variety,Sphagnum,nemoreum,alpinum,,,(Milde) Wijk & Margad.,
5729,897,760,synonyme,variety,Sphagnum,nemoreum,elegans,,,(Braithw.) Wijk & Margad.,
1358,897,760,synonyme,species,Sphagnum,nemoreum,,,Scop.,,
898,898,761,accepté,species,Sphagnum,centrale,,,C.E.O. Jensen,,
5730,898,761,synonyme,variety,Sphagnum,subbicolor,carneum,,,(Warnst.) Wijk & Margad.,
5731,899,762,synonyme,variety,Sphagnum,compactum,brachycladum,,,(Röll) Bott.,
1363,899,762,synonyme,variety,Sphagnum,compactum,imbricatum,,,Warnst.,
5732,899,762,synonyme,variety,Sphagnum,compactum,squarrosum,,,(Russow) Warnst.,
899,899,762,accepté,species,Sphagnum,compactum,,,DC.,,
5733,899,762,synonyme,variety,Sphagnum,rigidum,subsquarrosum,,,(Warnst.) Renauld & Cardot,
1364,899,762,synonyme,species,Sphagnum,rigidum,,,(Nees & Hornsch.) Hampe,,
900,900,763,accepté,species,Sphagnum,concinnum,,,(Berggr.) Flatberg,,
5734,900,763,synonyme,variety,Sphagnum,fimbriatum,arcticum,,,C.E.O.Jensen,
5735,900,763,synonyme,variety,Sphagnum,fimbriatum,concinnum,,,(Berggr.) Warnst.,
1365,900,763,synonyme,subspecies,Sphagnum,fimbriatum,concinnum,,,(Berggr.) Flatberg & Frisvoll,
901,901,764,accepté,species,Sphagnum,contortum,,,Schultz,,
5736,901,764,synonyme,variety,Sphagnum,subsecundum,contortum,,,(Schultz) Huebener,
5737,902,765,synonyme,variety,Sphagnum,cuspidatum,hypnoides,,,A.Braun ex Bruch,
1366,902,765,synonyme,variety,Sphagnum,cuspidatum,plumosum,,,Nees & Hornsch.,
1367,902,765,synonyme,variety,Sphagnum,cuspidatum,plumulosum,,,Schimp.,
5738,902,765,synonyme,variety,Sphagnum,cuspidatum,submersum,,,Schimp.,
902,902,765,accepté,species,Sphagnum,cuspidatum,,,Ehrh. ex Hoffm.,,oui
3527,902,765,synonyme,species,Sphagnum,cuspidatum,,,Renauld,,non
5739,,,à déterminer,variety,Sphagnum,cuspidatum,viride,,,(Flatberg) Lönnell & K.Hassel,
5740,,,à déterminer,species,Sphagnum,viride,,,Flatberg,,
5741,,,à déterminer,species,Sphagnum,auriculatum,,,Schimp.,,
5742,,,à déterminer,species,Sphagnum,denticulatum,,,Brid.,,
5743,,,à déterminer,variety,Sphagnum,subsecundum,rufescens,,,(Nees & Hornsch.) Aberg,
5744,,,à déterminer,variety,Sphagnum,subsecundum,rufescens,,,(Nees & Hornsch.) Huebener,
5745,903,766,synonyme,species,Sphagnum,brevifolium,,,(Lindb. ex Braithw.) Röll,,
2183,903,766,synonyme,variety,Sphagnum,fallax,brevifolium,,,(Lindb. ex Braithw.) Lönnell & K.Hassel,
2113,903,766,synonyme,variety,Sphagnum,fallax,isoviitae,,,(Flatberg) Lönnell & K.Hassel,
5746,,,à déterminer,variety,Sphagnum,fimbriatum,fimbriatum,,,,
5747,904,767,synonyme,subspecies,Sphagnum,fimbriatum,fimbriatum,,,,
5748,904,767,synonyme,variety,Sphagnum,fimbriatum,tenue,,,Grav. ex Röll,
904,904,767,accepté,species,Sphagnum,fimbriatum,,,Wilson,,
905,905,768,accepté,species,Sphagnum,flavicomans,,,(Cardot) Warnst.,,
1380,905,768,synonyme,variety,Sphagnum,plumulosum,flavicomans,,,(Cardot) A.L.Andrews,
1381,905,768,synonyme,variety,Sphagnum,subnitens,flavicomans,,,(Cardot) Warnst.,
1389,906,769,synonyme,species,Sphagnum,amblyphyllum,,,(Russow) Zick.,,
906,906,769,accepté,species,Sphagnum,flexuosum,,,Dozy & Molk.,,
1388,906,769,synonyme,subspecies,Sphagnum,recurvum,amblyphyllum,,,Russow,
1391,907,770,synonyme,variety,Sphagnum,fuscum,fuscescens,,,Warnst.,
5749,907,770,synonyme,variety,Sphagnum,fuscum,pallescens,,,Russow ex Warnst.,
5750,907,770,synonyme,variety,Sphagnum,fuscum,virescens,,,Russow ex Warnst.,
907,907,770,accepté,species,Sphagnum,fuscum,,,(Schimp.) H. Klinggr.,,
1392,907,770,synonyme,species,Sphagnum,tenuifolium,,,Warnst.,,
5751,908,771,synonyme,variety,Sphagnum,girgensohnii,hygrophilum,,,Russow,
5752,908,771,synonyme,variety,Sphagnum,girgensohnii,molle,,,Grav. ex Warnst.,
5753,908,771,synonyme,variety,Sphagnum,girgensohnii,stachyodes,,,Russow,
5754,908,771,synonyme,variety,Sphagnum,girgensohnii,strictum,,,Russow,
5755,908,771,synonyme,variety,Sphagnum,girgensohnii,xerophilum,,,Russow ex C.E.O.Jensen,
908,908,771,accepté,species,Sphagnum,girgensohnii,,,Russow,,
3537,941,804,synonyme,species,Sphagnum,warnstorfii,,,Roll,,non
5756,,,à déterminer,species,Sphagnum,henryense,,,Warnst.,,
5757,,,à déterminer,species,Sphagnum,imbricatum,,,Hornsch. ex Russow,,
1952,1952,899,accepté,species,Sphagnum,incundum,,,Flatberg & K. Hassel,,
5758,,,à déterminer,variety,Sphagnum,auriculatum,inundatum,,,(Russow) M.O.Hill,
5759,,,à déterminer,species,Sphagnum,inundatum,,,Russow,,
5760,,,à déterminer,variety,Sphagnum,subsecundum,inundatum,,,(Russow) C.E.O.Jensen,
1393,909,772,synonyme,variety,Sphagnum,annulatum,porosum,,,(Schlieph. & Warnst.) Maass & Isov.,
909,909,772,accepté,species,Sphagnum,jensenii,,,H. Lindb.,,
3528,3528,773,accepté,species,Sphagnum,lenense,,,H. Lindb.,,oui
3529,3528,773,synonyme,species,Sphagnum,lenense,,,H.Lindb. ex Pohle,,non
910,3528,773,synonyme,species,Sphagnum,lenense,,,H. Lindb. ex L.I. Savicz,,non
1394,3528,773,synonyme,variety,Sphagnum,lindbergii,microphyllum,,,Warnst.,
911,911,774,accepté,species,Sphagnum,lescurii,,,Sull.,,
5761,912,775,synonyme,variety,Sphagnum,lindbergii,macrophyllum,,,Warnst.,
5762,912,775,synonyme,variety,Sphagnum,lindbergii,mesophyllum,,,Warnst.,
912,912,775,accepté,species,Sphagnum,lindbergii,,,Schimp.,,oui
3530,912,775,synonyme,species,Sphagnum,lindbergii,,,Schimp. ex Lindb.,,non
5763,3241,0,synonyme,variety,Sphagnum,macrophyllum,burinense,,,Maass,
5764,3241,0,synonyme,variety,Sphagnum,macrophyllum,macrophyllum,,,,
3241,3241,0,accepté,species,Sphagnum,macrophyllum,,,Bernh. ex Brid.,,
5765,,,à déterminer,species,Sphagnum,mcqueenii,,,R.E.Andrus,,
5766,,,à déterminer,species,Sphagnum,mendocinum,,,Sull. & Lesq.,,
3531,3531,779,accepté,species,Sphagnum,mirum,,,Flatberg & Thingsgaard,,oui
5767,,,à déterminer,species,Sphagnum,mississippiense,,,R.E.Andrus,,
5768,,,à déterminer,species,Sphagnum,missouricum,,,Warnst. & Cardot,,
3541,1029,875,synonyme,species,Sphagnum,molle,,,(Kara-Mursa) Verbizk.,,non
5769,1029,875,synonyme,species,Sphagnum,labradorense,,,Warnst.,,
1029,1029,875,accepté,species,Sphagnum,molle,,,Sull.,,oui
5770,,,à déterminer,species,Sphagnum,novozelandicum,,,Mitt.,,
917,917,780,accepté,species,Sphagnum,obtusum,,,Warnst.,,
918,918,781,accepté,species,Sphagnum,olafii,,,Flatberg,,
919,919,782,accepté,species,Sphagnum,orientale,,,L.I. Savicz,,
922,922,785,accepté,species,Sphagnum,perfoliatum,,,L.I. Savicz,,
1397,920,783,synonyme,species,Sphagnum,cymbifolium,,,(Ehrh.) Hedw.,,
5771,920,783,synonyme,variety,Sphagnum,palustre,squarrosulum,,,Bott.,
920,920,783,accepté,species,Sphagnum,palustre,,,L.,,
5772,921,784,synonyme,variety,Sphagnum,papillosum,confertum,,,Braithw.,
1399,921,784,synonyme,variety,Sphagnum,papillosum,laeve,,,Warnst.,
5773,921,784,synonyme,variety,Sphagnum,papillosum,riparium,,,Grav.,
921,921,784,accepté,species,Sphagnum,papillosum,,,Lindb.,,
1401,921,784,synonyme,species,Sphagnum,waghornei,,,Warnst.,,
5774,,,à déterminer,species,Sphagnum,vitjianum,,,Schimp.,,
923,923,786,accepté,species,Sphagnum,platyphyllum,,,(Lindb. ex Braithw.) Sull. ex Warnst.,,
1402,923,786,synonyme,variety,Sphagnum,subsecundum,platyphyllum,,,(Lindb. ex Braithw.) Cardot,
924,3532,787,synonyme,species,Sphagnum,pulchrum,,,(Lindb.) Warnst.,,non
5775,925,788,synonyme,species,Sphagnum,pylaei,,,Brid.,,
1405,925,788,synonyme,variety,Sphagnum,pylaesii,austinii,,,(Husn.) Warnst.,
1407,925,788,synonyme,variety,Sphagnum,pylaesii,ramosum,,,Warnst.,
925,925,788,accepté,species,Sphagnum,pylaesii,,,Brid.,,
5776,3533,789,synonyme,variety,Sphagnum,quinquefarium,roseum,,,Warnst.,
5777,3533,789,synonyme,variety,Sphagnum,quinquefarium,versicolor,,,(Russow) Warnst.,
926,3533,789,synonyme,species,Sphagnum,quinquefarium,,,(Lindb.) Warnst.,,non
2184,2185,,synonyme,variety,Sphagnum,recurvum,recurvum,,,,
2186,2186,1062,complexe,complexe,Sphagnum,recurvum,,sensu lato,P. Beauv.,,oui
2185,2185,,accepté,species,Sphagnum,recurvum,,sensu stricto,P. Beauv.,,non
927,927,790,accepté,species,Sphagnum,riparium,,,Ångstr.,,
5778,928,791,synonyme,variety,Sphagnum,acutifolium,rubellum,,,(Wilson) Russow,
1416,928,791,synonyme,variety,Sphagnum,capillaceum,tenellum,,,(Schimp.) A.L.Andrews,
1414,928,791,synonyme,variety,Sphagnum,capillifolium,tenellum,,(Ehrh.) Hedw.,(Schimp.) H.A.Crum,
5779,928,791,synonyme,variety,Sphagnum,rubellum,pallescens,,,C.E.O.Jensen,
5780,928,791,synonyme,variety,Sphagnum,rubellum,purpurascens,,,(Warnst.) Horrell,
5781,928,791,synonyme,variety,Sphagnum,rubellum,tenellum,,,(Schimp.) Breidl.,
5782,928,791,synonyme,variety,Sphagnum,rubellum,versicolor,,,(Warnst.) Warnst.,
928,928,791,accepté,species,Sphagnum,rubellum,,,Wilson,,
5783,928,791,synonyme,variety,Sphagnum,tenellum,rubellum,,,(Wilson) H.Klinggr.,
929,929,792,accepté,species,Sphagnum,rubiginosum,,,Flatberg,,
5784,930,793,synonyme,variety,Sphagnum,robustum,girgensohnioides,,,(Russow) Cardot,
5785,930,793,synonyme,variety,Sphagnum,robustum,gracilescens,,,Röll,
5786,930,793,synonyme,variety,Sphagnum,robustum,rhodochroum,,,(Russow) Cardot,
1420,930,793,synonyme,species,Sphagnum,robustum,,,(Warnst.) Röll,,
5787,930,793,synonyme,variety,Sphagnum,russowii,girgensohnioides,,,Russow,
5788,930,793,synonyme,variety,Sphagnum,russowii,poecilum,,,Russow,
5789,930,793,synonyme,form,Sphagnum,russowii,virescens,,,(Russow) Warnst.,
930,930,793,accepté,species,Sphagnum,russowii,,,Warnst.,,
3242,3242,0,accepté,species,Sphagnum,splendens,,,Maass,,
5790,931,794,synonyme,variety,Sphagnum,squarrosum,imbricatum,,,Schimp.,
5791,931,794,synonyme,variety,Sphagnum,squarrosum,semi-squarrosum,,,Russow,
5792,931,794,synonyme,variety,Sphagnum,squarrosum,spectabile,,,Russow,
5793,931,794,synonyme,variety,Sphagnum,squarrosum,subsquarrosum,,,Russow,
931,931,794,accepté,species,Sphagnum,squarrosum,,,Crome,,
932,932,795,accepté,species,Sphagnum,steerei,,,R.E. Andrus,,
5794,1953,900,synonyme,species,Sphagnum,garberi,,,Lesq. & James,,
1953,1953,900,accepté,species,Sphagnum,strictum,,,Sull.,,
1423,933,796,synonyme,species,Sphagnum,nitidum,,,Warnst.,,
933,933,796,accepté,species,Sphagnum,subfulvum,,,Sjörs,,
5795,,,à déterminer,subspecies,Sphagnum,subfulvum,subfulvum,,,,
5796,,,à déterminer,variety,Sphagnum,acutifolium,purpurascens,,,Warnst.,
5797,,,à déterminer,species,Sphagnum,plumulosum,,,Röll,,
5798,,,à déterminer,species,Sphagnum,subnitens,,,Russow & Warnst.,,
5799,,,à déterminer,subspecies,Sphagnum,subnitens,ferrugineum,,,Flatberg,
5800,934,797,synonyme,variety,Sphagnum,subsecundum,microphyllum,,,Warnst.,
5801,934,797,synonyme,variety,Sphagnum,subsecundum,subsecundum,,,,
5802,934,797,synonyme,variety,Sphagnum,subsecundum,tenellum,,,Warnst.,
934,934,797,accepté,species,Sphagnum,subsecundum,,,Nees,,
5803,,,à déterminer,species,Sphagnum,subtile,,,(Russow) Warnst.,,
5804,,,à déterminer,species,Sphagnum,talbotianum,,,R.E.Andrus,,
5805,3534,798,synonyme,variety,Sphagnum,tenellum,robustum,,,(Warnst.) Husn.,
5806,3534,798,synonyme,variety,Sphagnum,tenellum,rufescens,,,Grav. ex C.E.O.Jensen,
3534,3534,798,accepté,species,Sphagnum,tenellum,,,(Brid.) Bory,,oui
3535,3534,798,synonyme,species,Sphagnum,tenellum,,,(Brid.) Pers. ex Brid.,,non
1426,936,760,synonyme,variety,Sphagnum,capillifolium,tenerum,,(Ehrh.) Hedw.,(Sull. & Lesq.) H.A.Crum,
5807,936,760,synonyme,species,Sphagnum,purpuratum,,,Müll.Hal. ex Warnst.,,
936,936,760,accepté,species,Sphagnum,tenerum,,,Sull. & Lesq.,,
5808,937,800,synonyme,variety,Sphagnum,teres,compactum,,,Warnst.,
5809,937,800,synonyme,variety,Sphagnum,teres,squarrosulum,,,(Schimp.) Warnst.,
3536,937,800,synonyme,species,Sphagnum,teres,,,(Schimp.) Ångstr. ex C. Hartm.,,non
937,937,800,accepté,species,Sphagnum,teres,,,(Schimp.) Ångstr.,,oui
5810,,,à déterminer,species,Sphagnum,tescorum,,,Flatberg,,
1430,938,801,synonyme,variety,Sphagnum,cuspidatum,torreyi,,,Braithw.,
938,938,801,accepté,species,Sphagnum,torreyanum,,,Sull.,,
939,939,802,accepté,species,Sphagnum,tundrae,,,Flatberg,,
940,940,803,accepté,species,Sphagnum,venustum,,,Flatberg,,
1433,941,804,synonyme,species,Sphagnum,warnstorfianum,,,Du Rietz,,
5811,941,804,synonyme,variety,Sphagnum,warnstorfii,purpurascens,,,Russow,
5812,941,804,synonyme,variety,Sphagnum,warnstorfii,versicolor,,,Russow,
5813,941,804,synonyme,variety,Sphagnum,warnstorfii,viride,,,Russow,
941,941,804,accepté,species,Sphagnum,warnstorfii,,,Russow,,oui
942,942,805,accepté,species,Sphagnum,wulfianum,,,Girg.,,
5814,1046,9,synonyme,form,Anastrophyllum,minutum,cuspidatum,,,(Kaal.) R.M.Schust.,
5815,1046,9,synonyme,variety,Anastrophyllum,minutum,grandis,,,(Gottsche ex Lindb.) R.M.Schust.,
1045,1046,9,synonyme,variety,Anastrophyllum,minutum,weberi,,,(Mart.) Kartt.,
13,1046,9,synonyme,species,Anastrophyllum,minutum,,,(Schreb. ex Cranz) R.M.Schust.,,
5816,1046,9,synonyme,species,Eremonotus,minutus,,,(Schreb. ex Cranz) R.M.Schust.,,
5817,1046,9,synonyme,variety,Sphenolobus,minutus,grandis,,,(Gottsche ex Lindb.) Frye & L.Clark,
3131,1046,9,synonyme,species,Sphenolobus,minutus,,,(Schreb. ex Cranz) Berggr.,,non
14,1047,10,synonyme,species,Anastrophyllum,saxicola,,,(Schrad.) R.M. Schust.,,
1047,1047,10,accepté,species,Sphenolobus,saxicola,,,(Schrad.) Steph.,,
943,943,806,accepté,species,Splachnum,ampullaceum,,,Hedw.,,
944,944,807,accepté,species,Splachnum,luteum,,,Hedw.,,
945,945,808,accepté,species,Splachnum,pensylvanicum,,,(Brid.) Grout ex H.A. Crum,,
5818,945,808,synonyme,species,Tetraplodon,australis,,,Sull. & Lesq.,,
5819,945,808,synonyme,species,Tetraplodon,pensylvanicus,,,(Brid.) Sayre,,
946,946,809,accepté,species,Splachnum,rubrum,,,Hedw.,,
1436,947,810,synonyme,species,Splachnum,ovatum,,,Dicks. ex Hedw.,,
947,947,810,accepté,species,Splachnum,sphaericum,,,Hedw.,,
948,948,811,accepté,species,Splachnum,vasculosum,,,Hedw.,,
3030,3030,812,accepté,species,Stegonia,latifolia,,sensu stricto,(Schwägr.) Venturi ex Broth.,,non
949,3030,812,synonyme,variety,Stegonia,latifolia,latifolia,,(Schwägr.) Venturi ex Broth.,,
3029,3032,813,synonyme,variety,Stegonia,latifolia,pilifera,,(Schwägr.) Venturi ex Broth.,(Brid.) Broth.,
602,3324,523,synonyme,species,Hypnum,callichroum,,,Brid.,,
5820,,,à déterminer,species,Hypnum,hamulosum,,,Schimp.,,
336,3243,295,synonyme,species,Breidleria,pratensis,,,(W.D.J. Koch ex Spruce) Loeske,,
1506,3243,295,synonyme,species,Hypnum,pratense,,,W.D.J.Koch ex Spruce,,
3555,3243,295,synonyme,species,Hypnum,pratense,,,(Spruce) W.D.J.Koch ex Hartm.,,
5821,3243,295,synonyme,species,Hypnum,pseudopratense,,,Kindb.,,
3243,3243,295,accepté,species,Stereodon,pratensis,,,(W.D.J. Koch ex Spruce) Warnst.,,
5822,,,à déterminer,species,Hypnum,subimponens,,,Lesq.,,
3025,3025,1032,accepté,variety,Warnstorfia,straminea,patens,,(Dicks. ex Brid.) W.R. Buck & Goffinet,(Lindb.) W.R. Buck & Goffinet,
3026,3026,1033,accepté,variety,Warnstorfia,straminea,straminea,,(Dicks. ex Brid.) W.R. Buck & Goffinet,,
3024,3022,814,synonyme,variety,Calliergon,stramineum,nivale,,(Dicks. ex Brid.) Kindb.,(Lorentz) G.Roth,
1437,3022,814,synonyme,species,Calliergon,stramineum,,,(Dicks. ex Brid.) Kindb.,,
3023,3022,814,synonyme,species,Hypnum,stramineum,,,Dicks. ex Brid.,,
951,3022,814,synonyme,species,Straminergon,stramineum,,,(Dicks. ex Brid.) Hedenäs,,
3044,3044,1037,accepté,variety,Streblotrichum,convolutum,convolutum,,(Hedw.) P. Beauv.,,
3045,3045,,accepté,variety,Streblotrichum,convolutum,eustegium,,(Hedw.) P. Beauv.,(Cardot & Thér.) W.R. Buck & Goffinet,
3046,3046,,accepté,variety,Streblotrichum,convolutum,gallinula,,(Hedw.) P. Beauv.,(R.H. Zander) R.H. Buck & Goffinet,
311,311,271,synonyme,species,Barbula,convoluta,,,Hedw.,,
3043,3043,271,accepté,species,Streblotrichum,convolutum,,,(Hedw.) P. Beauv.,,
5823,,,à déterminer,species,Symblepharis,elongata,,,"(I.Hagen) Fedosov, M.Stech & Ignatov",,
3441,1119,106,synonyme,species,Jungermannia,obovata,,,Hook.f. & Taylor,,non
5824,,,à déterminer,species,Syntrichia,fragilis,,,(Taylor) Ochyra,,
5825,,,à déterminer,species,Tortula,fragilis,,,Taylor,,
5826,,,à déterminer,species,Syntrichia,intermedia,,,Brid.,,
5827,,,à déterminer,species,Syntrichia,montana,,,Nees,,
5828,,,à déterminer,variety,Tortula,ruralis,crinita,,,De Not.,
3051,3051,1038,accepté,variety,Syntrichia,norvegica,norvegica,,F.Weber,,
3050,3050,1039,accepté,variety,Syntrichia,norvegica,cainii,,F.Weber,(H.A. Crum & L.E. Anderson) W.A. Kramer,
3048,953,815,synonyme,species,Barbula,brachyangia,,,Müll.Hal. & Kindb.,,
953,953,815,accepté,species,Syntrichia,norvegica,,,F. Weber,,
1438,953,815,synonyme,species,Tortula,norvegica,,,(F.Weber) Lindb.,,
3049,953,815,synonyme,variety,Tortula,ruralis,alpina,,,Wahlenb.,
3052,3052,1040,accepté,subspecies,Syntrichia,ruralis,ruralis,,(Hedw.) F. Weber & D. Mohr,,
3053,3053,,accepté,subspecies,Syntrichia,ruralis,hirsuta,,(Hedw.) F. Weber & D. Mohr,(Venturi) Düll,
3054,3054,,accepté,subspecies,Syntrichia,ruralis,subpapillosissima,,(Hedw.) F. Weber & D. Mohr,(Bizot & R.B. Pierrot ex W.A. Krasmer) W.A. Kramer,
955,955,816,accepté,species,Syntrichia,ruralis,,,(Hedw.) F. Weber & D. Mohr,,
1439,955,816,synonyme,species,Tortula,ruralis,,,"(Hedw.) G.Gaertn., B.Mey. & Scherb.",,
5829,,,à déterminer,species,Syntrichia,virescens,,,(De Not.) Ochyra,,
1103,1854,97,synonyme,variety,Jamesoniella,autumnalis,heterostipa,,,(A.Evans) Frye & L.Clark,
112,1854,97,synonyme,species,Jamesoniella,autumnalis,,,(DC.) Steph.,,
1854,1854,97,accepté,species,Syzygiella,autumnalis,,,"(DC.) K.Feldberg, Vá?a, Hentschel & Heinrichs",,
5830,957,817,synonyme,species,Hypnum,deplanatum,,,Bruch & Schimp. ex Sull.,,
1833,957,817,synonyme,species,Plagiothecium,deplanatum,,,(Bruch & Schimp. ex Sull.) Spruce,,
957,957,817,accepté,species,Taxiphyllum,deplanatum,,,(Bruch & Schimp. ex Sull.) M. Fleisch.,,
958,958,818,accepté,species,Tayloria,acuminata,,,Hornsch.,,
959,959,819,accepté,species,Tayloria,lingulata,,,(Dicks.) Lindb.,,
960,960,820,accepté,species,Tayloria,serrata,,,(Hedw.) Bruch & Schimp.,,
961,961,821,accepté,species,Tayloria,splachnoides,,,(Schleich. ex Schwägr.) Hook.,,
1440,960,820,synonyme,variety,Tayloria,serrata,tenuis,,,(Dicks.) Bruch & Schimp.,
5831,,,à déterminer,species,Tayloria,tenuis,,,(Dicks.) Schimp.,,
1186,260,225,synonyme,species,Chandonanthus,setiformis,,,(Ehrh.) Lindb.,,
5832,260,225,synonyme,species,Temnoma,setiforme,,,(Ehrh.) M.Howe,,
1184,260,225,synonyme,species,Temnoma,setiformis,,,(Ehrh.) M.Howe,,
260,260,225,accepté,species,Tetralophozia,setiformis,,,(Ehrh.) Schljakov,,
962,962,822,accepté,species,Tetraphis,geniculata,,,Girg. ex Milde,,
3037,3037,1035,accepté,variety,Tetraphis,pellucida,pellucida,,Hedw.,,
963,963,823,accepté,species,Tetraphis,pellucida,,,Hedw.,,
3038,3038,1036,accepté,variety,Tetraphis,pellucida,trachypoda,,Hedw.,(Kindb.) Harpel,
964,3327,824,synonyme,species,Tetraplodon,angustatus,,,(Hedw.) Bruch & Schimp.,,
5833,3328,825,synonyme,species,Splachnum,mnioides,,,Hedw.,,
5834,3328,825,synonyme,species,Tetraplodon,bryoides,,,Lindb.,,
965,3328,825,synonyme,species,Tetraplodon,mnioides,,,(Hedw.) Bruch & Schimp.,,
3538,3328,825,synonyme,species,Tetraplodon,mnioides,,,"(Hedw.) B.S.G., 1844",,
966,3329,826,synonyme,species,Tetraplodon,pallidus,,,I. Hagen,,
5835,,,à déterminer,variety,Tetraplodon,mnioides,paradoxus,,,(R.Br.) C.E.O.Jensen,
1442,3330,827,synonyme,variety,Tetraplodon,mnioides,cavifolius,,,Schimp.,
967,3330,827,synonyme,species,Tetraplodon,urceolatus,,,(Hedw.) Bruch & Schimp.,,
5836,969,828,synonyme,variety,Tetrodontium,brownianum,brownianum,,,,
969,969,828,accepté,species,Tetrodontium,brownianum,,,(Dicks.) Schwägr.,,
5837,970,829,synonyme,variety,Tetrodontium,brownianum,ovatum,,,(Funck) Wijk & Margad.,
970,970,829,accepté,species,Tetrodontium,ovatum,,,(Funck) Schwägr.,,
971,971,830,accepté,species,Tetrodontium,repandum,,,(Funck) Schwägr.,,
1444,3325,831,synonyme,species,Porotrichum,alleghaniense,,,(Müll.Hal.) Grout,,
5838,3325,831,synonyme,species,Thamnium,alleghaniense,,,(Müll.Hal.) A.Jaeger,,
972,3325,831,synonyme,species,Thamnobryum,alleghaniense,,,(Müll. Hal.) Nieuwl.,,
973,973,832,accepté,species,Thelia,asprella,,,(Schimp.) Sull.,,
974,974,833,accepté,species,Thelia,hirtella,,,(Hedw.) Sull.,,
975,975,834,accepté,species,Thuidium,assimile,,,(Mitt.) A. Jaeger,,
1834,975,834,synonyme,variety,Thuidium,delicatulum,radicans,,,"(Kindb.) H.A.Crum, Steere & L.E.Anderson",
5839,977,835,synonyme,variety,Thuidium,delicatulum,delicatulum,,,,
977,977,835,accepté,species,Thuidium,delicatulum,,,(Hedw.) Schimp.,,oui
3539,977,835,synonyme,species,Thuidium,delicatulum,,,(Hedw.) Mitt.,,non
5840,977,835,synonyme,variety,Thuidium,recognitum,delicatulum,,,(Hedw.) Warnst.,
5841,978,836,synonyme,species,Hypnum,recognitum,,,Hedw.,,
978,978,836,accepté,species,Thuidium,recognitum,,,(Hedw.) Lindb.,,
5842,,,à déterminer,species,Thuidium,tamariscinum,,,(Hedw.) Schimp.,,
986,986,843,accepté,species,Tomentypnum,falcifolium,,,(Renauld ex Nichols) Tuom.,,
5843,987,844,synonyme,species,Camptothecium,nitens,,,(Hedw.) Schimp.,,
5844,987,844,synonyme,species,Homalothecium,nitens,,,(Hedw.) H.Rob.,,
5845,987,844,synonyme,species,Tomenthypnum,nitens,,,(Hedw.) Loeske,,
987,987,844,accepté,species,Tomentypnum,nitens,,,(Hedw.) Loeske,,
988,988,845,accepté,species,Tortella,arctica,,,(Arnell) Crundw. & Nyholm,,
5846,988,845,synonyme,variety,Tortella,tortuosa,arctica,,,(Arnell) Broth.,
1466,3326,860,synonyme,species,Trichostomum,cuspidatissimum,,,Cardot & Thér.,,
5847,989,846,synonyme,species,Barbula,fragilis,,,(Drumm.) Schimp.,,
989,989,846,accepté,species,Tortella,fragilis,,,(Drumm.) Limpr.,,
990,990,847,accepté,species,Tortella,humilis,,,(Hedw.) Jenn.,,
991,991,848,accepté,species,Tortella,inclinata,,,(R. Hedw.) Limpr.,,
2187,2187,,accepté,species,Tortella,nitida,,,(Lindb.) Broth.,,
2188,2187,,synonyme,variety,Tortella,tortuosa,fragilifolia,,(Jur.) Limpr.,(Jur.) Limpr.,
1009,3326,860,synonyme,species,Trichostomum,arcticum,,,Kaal.,,
5848,2226,849,synonyme,variety,Tortella,tortuosa,dicranoidea,,(Fergusson) Limpr.,(Fergusson) Limpr.,
2226,2226,849,accepté,species,Tortella,tortuosa,,,(Schrad. ex Hedw.) Limpr.,,oui
5849,2226,849,synonyme,species,Tortula,tortuosa,,,Schrad. ex Hedw.,,
691,1286,596,synonyme,species,Phascum,cuspidatum,,,Schreb. ex Hedw.,,
1286,1286,596,accepté,species,Tortula,acaulon,,,(With.) R.H. Zander,,
5850,993,850,synonyme,species,Desmatodon,camptothecius,,,Kindb.,,
5851,993,850,synonyme,variety,Desmatodon,cernuus,xanthopus,,,Kindb.,
994,993,850,synonyme,species,Desmatodon,cernuus,,,(Huebener) Bruch & Schimp.,,
993,993,850,accepté,species,Tortula,cernua,,,(Huebener) Lindb.,,
1460,995,851,synonyme,variety,Desmatodon,latifolius,muticus,,,(Brid.) Brid.,
996,995,851,synonyme,species,Desmatodon,latifolius,,,(Hedw.) Brid.,,
5852,995,851,synonyme,species,Tortula,euryphylla,,,R.H.Zander,,
995,995,851,accepté,species,Tortula,hoppeana,,,(Schultz) Ochyra,,
1461,997,852,synonyme,species,Desmatodon,leucostoma,,,(R.Br.) Berggr.,,
5853,997,852,synonyme,species,Desmatodon,suberectus,,,(Drumm.) Limpr.,,
997,997,852,accepté,species,Tortula,leucostoma,,,(R. Br.) Hook. & Grev.,,
999,999,853,accepté,species,Tortula,mucronifolia,,,Schwägr.,,
5854,,,à déterminer,species,Tortula,muralis,,,Hedw.,,
1000,1000,854,accepté,species,Tortula,nevadensis,,,(Cardot & Thér.) R.H. Zander,,
5855,3244,0,synonyme,species,Desmatodon,obtusifolius,,,(Schwägr.) Schimp.,,
5856,3244,0,synonyme,species,Desmatodon,subtorquescens,,,Müll.Hal. & Kindb.,,
3244,3244,0,accepté,species,Tortula,obtusifolia,,,(Schwägr.) Mathieu,,
1462,3540,855,synonyme,species,Desmatodon,porteri,,,James,,
1001,3540,855,synonyme,species,Tortula,porteri,,,(James) Broth.,,non
1463,1003,856,synonyme,species,Desmatodon,systylius,,,Schimp.,,
1003,1003,856,accepté,species,Tortula,systylia,,,(Schimp.) Lindb.,,
1464,1005,857,synonyme,species,Pottia,truncata,,,(Hedw.) Bruch & Schimp.,,
5857,1005,857,synonyme,species,Pottia,truncatula,,,(With.) Buse,,
1005,1005,857,accepté,species,Tortula,truncata,,,(Hedw.) Mitt.,,
1007,1007,858,accepté,species,Trematodon,ambiguus,,,(Hedw.) Hornsch.,,
261,261,226,accepté,species,Trichocolea,tomentella,,,(Ehrh.) Dumort.,,
1008,1008,859,accepté,species,Trichodon,cylindricus,,,(Hedw.) Schimp.,,
3245,3245,0,accepté,species,Trichostomum,crispulum,,,Bruch,,
5858,3116,1116,synonyme,species,Lophozia,lyonii,,,(Taylor) Steph.,,
5859,3116,1116,synonyme,species,Lophozia,quinquedentata,,,(Huds.) Cogn.,,
5860,3116,1116,synonyme,species,Trilophozia,quinquedentata,,,(Huds.) Bakalin,,
268,268,233,accepté,subspecies,Tritomaria,quinquedentata,turgida,,(Huds.) H. Buch,(Lindb.) Damsh.,
3116,3116,1116,accepté,species,Tritomaria,quinquedentata,,,(Huds.) H.Buch,,
267,267,232,accepté,subspecies,Tritomaria,quinquedentata,quinquedentata,,(Huds.) H. Buch,,
5861,262,227,synonyme,species,Jungermannia,exsecta,,,Schmidel ex Schrad.,,
5862,262,227,synonyme,species,Lophozia,exsecta,,,(Schmidel) Dumort.,,
5863,262,227,synonyme,species,Scapania,exsecta,,,(Schmidel) Austin,,
5864,262,227,synonyme,species,Sphenolobus,exsectus,,,(Schmidel) Steph.,,
262,262,227,accepté,species,Tritomaria,exsecta,,,(Schmidel) Schiffn. ex Loeske,,oui
3451,262,227,synonyme,species,Tritomaria,exsecta,,,(Schmidel) Schiffn.,,non
5865,263,228,synonyme,species,Sphenolobus,exsectiformis,,,(Breidl.) Steph.,,
263,263,228,accepté,species,Tritomaria,exsectiformis,,,(Breidl.) Schiffn. ex Loeske,,
269,3409,234,synonyme,species,Tritomaria,scitula,,,(Taylor) Jørg.,,non
5866,,,à déterminer,species,Hypnum,circinale,,,Hook.,,
5867,,,à déterminer,species,Plagiothecium,delicatulum,,,Broth.,,
5868,,,à déterminer,species,Barbula,vinealis,,,Brid.,,
5869,,,à déterminer,species,Didymodon,vinealis,,,(Brid.) R.H.Zander,,
5870,1017,868,synonyme,form,Drepanocladus,exannulatus,falcifolius,,,(Renauld) Grout,
5871,1017,868,synonyme,subspecies,Drepanocladus,fluitans,berggrenii,,,(C.E.O.Jensen) Broth.,
5872,1017,868,synonyme,variety,Drepanocladus,fluitans,falcatus,,,(Sanio ex Lange & C.E.O.Jensen) G.Roth,
5873,1017,868,synonyme,variety,Drepanocladus,fluitans,falcifolius,,,(Renauld) Thér.,
5874,1017,868,synonyme,variety,Drepanocladus,fluitans,fluitans,,,,
5875,1017,868,synonyme,variety,Drepanocladus,fluitans,gracilis,,,Warnst.,
5876,1017,868,synonyme,variety,Drepanocladus,fluitans,jeanbernatii,,,(Renauld) Warnst.,
5877,1017,868,synonyme,form,Drepanocladus,fluitans,setiformis,,,(Renauld) Mönk.,
5878,1017,868,synonyme,variety,Drepanocladus,fluitans,setiformis,,,(Renauld) Mönk.,
5879,1017,868,synonyme,variety,Drepanocladus,fluitans,uncatus,,,"H.A.Crum, Steere & L.E.Anderson",
1841,1017,868,synonyme,species,Drepanocladus,fluitans,,,(Hedw.) Warnst.,,
1840,1017,868,synonyme,species,Hypnum,fluitans,,,Hedw.,,
5880,1017,868,synonyme,variety,Warnstorfia,fluitans,falcata,,,(Sanio ex Lange & C.E.O.Jensen) H.A.Crum & L.E.Anderson,
5881,1017,868,synonyme,variety,Warnstorfia,fluitans,fluitans,,,,
1017,1017,868,accepté,species,Warnstorfia,fluitans,,,(Hedw.) Loeske,,
1842,1019,869,synonyme,species,Calliergidium,pseudostramineum,,,(Müll.Hal.) Grout,,
1843,1019,869,synonyme,species,Drepanocladus,pseudostramineus,,,(Müll.Hal.) G.Roth,,
1019,1019,869,accepté,species,Warnstorfia,pseudostraminea,,,(Müll. Hal.) Tuom. & T.J. Kop.,,
5882,5882,,accepté,species,Weissia,brachycarpa,,,(Nees & Hornsch.) Jur.,,
5883,,,à déterminer,species,Weissia,microstoma,,,(Hedw.) Müll.Hal.,,
1021,1021,870,accepté,species,Weissia,controversa,,,Hedw.,,
3553,1021,870,synonyme,species,Weissia,viridula,,,Hedw. ex Brid.,,
1469,1021,870,synonyme,species,Weissia,viridula,,,Hedw.,,
5884,1021,870,synonyme,species,Weissia,wolfii,,,Lesq. & James,,
5885,,,à déterminer,species,Astomum,ludovicianum,,,(Sull.) Sull.,,
5886,1022,871,synonyme,species,Astomum,muehlenbergianum,,,(Sw.) Grout,,
1470,1022,871,synonyme,species,Astomum,muhlenbergianum,,,(Sw.) Grout,,
1022,1022,871,accepté,species,Weissia,muhlenbergiana,,,(Sw.) W.D. Reese & B.A.E. Lemmon,,
1024,1024,872,accepté,species,Weissia,phascopsis,,,R.H. Zander,,
5887,,,à déterminer,species,Hymenostomum,rostellatum,,,(Brid.) Schimp.,,
5888,,,à déterminer,species,Weissia,rutilans,,,(Hedw.) Lindb.,,
5889,,,à déterminer,species,Zygodon,conoideus,,,(Dicks.) Hook. & Taylor,,
1026,1026,873,accepté,species,Zygodon,rupestris,,,Schimp. ex Lorentz,,
1844,1026,873,synonyme,variety,Zygodon,viridissimus,rupestris,,,Lindb. ex C.Hartm.,
1028,1028,874,accepté,species,Zygodon,viridissimus,,,(Dicks.) Brid.,,
272,3036,236,synonyme,variety,Acaulon,muticum,muticum,,(Schreb. ex Hedw.) Müll. Hal.,,oui
3036,3036,236,accepté,species,Acaulon,muticum,,sensu stricto,(Schreb. ex Hedw.) Müll. Hal.,,oui
3246,3246,0,accepté,species,Alleniella,complanata,,,"(Hedw.) S. Olsson, Enroth & D. Quandt",,
1745,1943,619,synonyme,form,Amblystegiella,confervoides,brevifolia,,,,
1748,717,620,synonyme,species,Amblystegiella,sprucei,,,(Bruch) Loeske,,
1750,3309,622,synonyme,species,Amblystegiella,subtilis,,,(Hedw.) Loeske,,
1580,420,362,synonyme,species,Amblystegium,americanum,,,Grout,,
1582,420,362,synonyme,species,Amblystegium compactum,,,,(Müll. Hal.) Aust.,,
3454,3454,243,accepté,species,Anacamptodon,splachnoides,,,(Brid.) Brid.,,oui
1043,1046,9,synonyme,form,Anastrophyllum,minutum,cuspidata,,,,
1044,1046,9,synonyme,variety,Anastrophyllum,minutum,grande,,,,
3247,3247,248,accepté,species,Andreaea,alpina,,,Hedw.,,
1189,3247,248,synonyme,species,Andreaea,hartmannii,,,Thed.,,
1188,283,246,synonyme,variety,Andreaea,rothii,crassinervia,,,,
1475,281,244,synonyme,variety,Andreaea,rupestris,alpestris,,,,
3248,3248,12,accepté,species,Aneura,sharpii,,,Inoue & N.G. Miller,,
3455,3455,251,accepté,species,Anomobryum,julaceum,,,"(G. Gaertn., B. Mey. & Scherb.) Schimp.",,oui
1632,1632,493,accepté,species,Anomodon,tristis,,,(Ces.) Sull. & Lesq.,,oui
1097,3403,76,synonyme,species,Anomomarsupella,cephaloziellioides,,,R.M. Schust.,,
2119,2119,1057,accepté,species,Aongstroemia,canadensis,,,(Mitt.) Siebel & Fedosov,,
2120,2120,1055,accepté,species,Aongstroemia,grevilleana,,,(Brid.) Müll. Hal.,,
2121,2121,1056,accepté,species,Aongstroemia,schreberiana,,,(Hedw.) Bonfim Santos & Fedosov,,
1287,3301,601,synonyme,species,Aphanorrhegma,patens,,,(Hedw.) Lindb.,,
1192,299,259,synonyme,species,Aplodon,wormskjoldii,,,variante orthographique invalide,,
1123,123,108,synonyme,species,Aplozia,pumila,,,(With.) Dumort.,,
3249,3249,532,accepté,species,Aquilonium,plicatulum,,,"(Lindb.) Hedenäs, Schlesak & D. Quandt",,
1193,300,260,synonyme,variety,Arctoa,fulvella,anderssonii,,,,
3250,3250,540,accepté,species,Arctoa,glacialis,,,"(Berggr.) Fedosov, Jan Ku?era & M. Stech.",,
1282,1282,541,accepté,species,Arctoa,starkei,,,(F. Weber & D. Mohr) Loeske,,
1036,2,2,synonyme,species,Aspiromitus,macounii,,,(M. Howe) R.M.Schust.,,
1034,1,1,synonyme,subspecies,Aspiromitus,punctatus,agrestis,,,,
1050,1906,18,synonyme,species,Asterella,ludwigii,,,"auct. pl., non (Schwaegr.) Underw.",,
1471,1024,872,synonyme,species,Astomum,phascoides,,,(Hook. ex Drumm.) Grout,,
303,3457,263,synonyme,species,Atrichum,altecristatum,,,(Renauld & Cardot) B.B. Smyth & L.C.D. Smyth,,non
1197,305,265,synonyme,variety,Atrichum,undulatum,edianum,,,,
1196,304,264,synonyme,species,Atrichum,xanthopelma,,,(Müll.Hal.) A. Jaeg.,,
1040,1871,6,synonyme,species,Barbilophozia,cavifolia,,,(H. Buch & S.W. Arnell) Stotler & Crand.-Stot.,,
1248,483,418,synonyme,species,Barbula,maschalogena,,,Renauld & Cardot,,
1247,3278,417,synonyme,species,Barbula,recurvifolia,,,Schimp.,,
3251,3251,746,accepté,species,Blindiadelphus,campylopodus,,,(Kindb.) Fedosov & Ignatov,,
3252,3252,747,accepté,species,Blindiadelphus,diversifolius,,,(Lindb.) Fedosov & Ignatov,,
3253,3253,750,accepté,species,Blindiadelphus,recurvatus,,,(Hedw.) Fedosov & Ignatov,,
1487,318,278,synonyme,variety,Brachythecium,albicans,occidentale,,,,
3254,3254,290,accepté,species,Brachythecium,capillaceum,,,(F. Weber & D. Mohr) Giacom.,,
1490,322,282,synonyme,form,Brachythecium,oxycladon,falcatum,,,,
1499,1500,287,synonyme,variety,Brachythecium,populeum,ovatum,,,,
1503,1502,292,synonyme,species,Brachythecium,starkii,,,,,
1509,1894,298,synonyme,variety,Bryhnia,graminicolor,holzingeri,,,,
1882,357,309,synonyme,species,Bryum,acutiforme,,,Limpr.,,
1757,729,631,synonyme,species,Bryum,annotinum,,,Hedw.,,
1557,386,334,synonyme,subspecies,Bryum,argenteum,veronense,,,,
347,345,302,synonyme,species,Bryum,biddlecomiae,,,Austin,,
1538,3464,316,synonyme,subspecies,Bryum,capillare,elegans,,,,
3464,3464,316,accepté,species,Bryum,elegans,,,Nees ex Brid.,,oui
367,367,317,accepté,species,Bryum,gemmiferum,,,R. Wilczek & Demaret,,
374,3004,1117,synonyme,variety,Bryum,longisetum,longisetum,,Blandow ex Schwägr.,,
1559,3467,336,synonyme,species,Bryum,mamillatum,,,Lindb.,,
3255,3255,321,accepté,species,Bryum,moravicum,,,Podp.,,
3256,3256,906,accepté,species,Bryum,oblongum,,,Lindb.,,
1530,361,312,synonyme,species,Bryum,obtusifolium,,,Lindb.,,
1560,3467,336,synonyme,species,Bryum,oelandicum,,,H. Philib.,,
1513,345,302,synonyme,variety,Bryum,stenotrichum,biddlecomiae,,,,
388,3467,336,synonyme,species,Bryum,warneum,,,(Röhl.) Brid.,,non
390,390,338,accepté,species,Bryum,wrightii,,,Sull.,,oui
1544,3255,321,synonyme,species,Bryum flaccidum,,,,"auct., non Brid.",,
3257,3257,535,accepté,species,Buckia,vaucheri,,,(Lesq.) D. Rios M.T. Gallego & J. Guerra,,
3258,3258,388,accepté,species,Calcidicranella,varia,,,"(Hedw.) Bonfim Santos, Fedosov & Jan Kucera",,
3259,3259,529,accepté,species,Callicladium,imponens,,,(Hedw.) Hedenäs,,oui
1565,393,341,synonyme,variety,Calliergon,cordifolium,latifolium,,,,
1567,394,342,synonyme,variety,Calliergon,giganteum,hystricosum,,,,
1568,394,342,synonyme,variety,Calliergon,giganteum,immersum,,,,
1570,3470,343,synonyme,species,Calliergon,obtusifolium,,,Karczm.,,
3260,3260,0,accepté,species,Calliergon,orbiculicordatum,,,(Renauld & Cardot) Broth.,,
1776,3212,666,synonyme,variety,Calliergon,turgescens,patens,,,,
1604,500,433,synonyme,species,Campyliadelphus,polgamus,,,(Schimp.)Kanda,,
1600,496,431,synonyme,species,Campylium,arcticum,,,(R.S. Williams) Broth.,,
3261,3261,522,accepté,species,Campylium,bambergeri,,,"(Schimp.) Hedenäs, Schlesak & D. Quandt",,
402,3472,347,synonyme,species,Campylium,stellatum,,,(Hedw.) C.E.O. Jensen,,non
3262,3262,349,accepté,species,Campylophyllopsis,hispidula,,,(Brid.) Ochyra,,
3263,3263,350,accepté,species,Campylophyllopsis,sommerfeltii,,,(Myrin) Ochyra,,
1967,1967,512,accepté,species,Campylophyllum,montanum,,,(Lindb.) B.H. Allen,,
1074,1907,47,synonyme,species,Cephalozia,affinis,,,Lindb. ex Steph.,,
1072,47,42,synonyme,subspecies,Cephalozia,bicuspidata,lammersiana,,,,
1077,55,50,synonyme,species,Cephalozia,divaricata,,,(Sm.)  Dumort.,,
1075,1907,47,synonyme,species,Cephalozia,multiflora,,,Spruce,,
1031,1031,54,accepté,species,Cephaloziella,arctogena,,,(R.M. Schust.) Konstant.,,
1919,1919,894,accepté,species,Cephaloziella,elegans,,,(Heeg) Schiffn.,,
1081,1081,54,accepté,variety,Cephaloziella,rubella,bifida,,(Nees) Warnst.,(Schmidel ex Hoffm.) Douin,
1080,1919,894,synonyme,variety,Cephaloziella,rubella,elegans,,(Nees) Warnst.,,
3098,3098,55,accepté,variety,Cephaloziella,rubella,sullivantii,,(Nees) Warnst.,(Austin) Müll. Frib.,oui
1082,61,56,synonyme,species,Cephaloziella,spinosa,,,Douin,,
1076,55,50,synonyme,species,Cephaloziella,starkei,,,(Funk) Schiffn.,,
1083,61,56,synonyme,species,Cephaloziella,subdentata,,,Warnst.,,
1206,413,355,synonyme,species,Ceratodon,conicus,,,(Hampe) Lindb.,,
1204,413,355,synonyme,form,Ceratodon,purpureus,aristatus,,,,
1205,413,355,synonyme,variety,Ceratodon,purpureus,aristatus,,,,
1203,412,354,synonyme,variety,Ceratodon,purpureus,rotundifolius,,,,
1089,1087,59,synonyme,species,Chiloscyphus,cuspidatus,,,(Nees) J.J. Engel & R.M. Schust.,,
1090,1087,59,synonyme,species,Chiloscyphus,latifolius,,,(Nees) J.J. Engel & R.M. Schust.,,
3402,3402,62,accepté,variety,Chiloscyphus,pallescens,fragilis,,(Ehrh. ex Hoffm.) Dumort.,(A. Roth) Müll. Frib.,oui
70,70,63,accepté,variety,Chiloscyphus,polyanthos,polyanthos,,(L.) Corda,,
420,420,362,accepté,species,Conardia,compacta,,,(Hook.) H. Rob.,,oui
80,80,70,complexe,complexe,Conocephalum,conicum,,sensu lato,(L.) Dumort.,,oui
1032,1032,877,accepté,species,Cryptocolea,imbricata,,,,,
1585,3474,366,synonyme,species,Ctenidium,malacodes,,,"auct., non Mitt.",,
424,3474,366,synonyme,species,Ctenidium,subrectifolium,,,(Brid.) G. Pedano ex W.R. Buck & B.H. Allen,,non
428,3209,368,synonyme,species,Cynodontium,polycarpum,,,,,
1459,995,851,synonyme,variety,Desmatodon,latifolius,latifolius,,,,
1457,993,850,synonyme,species,Desmatodon,randii,,,(Ken.) Laz.,,
435,435,375,accepté,species,Dichelyma,capillaceum,,,(With.) Myrin,,oui
1217,439,379,synonyme,species,Dichodontium,flavescens,,,(Dicks.) Lindb.,,
1220,3268,383,synonyme,species,Dichodontium,palustre,,,(Dicks.) M. Stech,,
1216,439,379,synonyme,variety,Dichodontium,pellucidum,flavescens,,,,
1221,2119,1057,synonyme,variety,Dicranella,schreberi,elata,,,,
1219,3268,383,synonyme,species,Dicranella,squarrosa,,,(Schrad.) Schimp.,,
3264,3264,381,accepté,species,Dicranellopsis,crispa,,,"(Hedw.) Bonfim Santos, Siebel & Fedosov",,
3265,3265,387,accepté,species,Dicranellopsis,subulata,,,"(Hedw.) Bonfim Santos, Siebel & Fedosov",,oui
3266,3265,387,synonyme,species,Dicranellopsis,subulata,,,"(Hedw.) Bonfim Santos, Siebel & Fedosov,",,non
1223,449,389,synonyme,species,Dicranodontium,longirostre,,,(F. Weber & D. Mohr) Bruch & Schimp.,,
1281,3250,540,synonyme,species,Dicranum,arcticum,,,Schimp.,,
1225,453,393,synonyme,variety,Dicranum,muehlenbeckii,cirratum,,,,
1237,475,412,synonyme,species,Dicranum,schraderi,,,Wahlenb.,,
3267,3267,0,accepté,species,Didymodon,icmadophilus,,,(Schimp. ex Müll. Hal.) K. Saito,,
1249,483,418,synonyme,species,Didymodon,michiganensis,,,(Steere) K. Saito,,
1201,342,300,synonyme,variety,Didymodon,recurvirostris,dentatus,,,,
3268,3268,383,accepté,species,Diobelonella,palustris,,,(Dicks.) Ochyra,,
1095,83,73,synonyme,variety,Diplophyllum,apiculatum,obtusatum,,(A. Evans) Steph.,R.M. Schust.,
1465,1008,859,synonyme,species,Ditrichum,cylindricum,,,(Hedw.) Grout,,
1636,575,499,synonyme,species,Dolichotheca,striatella,,,(Brid.) Loeske,,
3269,3211,533,synonyme,species,Drepanium,recurvatum,,,"(Lindb. & Arnell) C.E.O,. Jensen",,
1596,495,430,synonyme,variety,Drepanocladus,aduncus,polycarpon,,,,
1598,495,430,synonyme,variety,Drepanocladus,aduncus,typicus,,,,
1772,766,664,synonyme,species,Drepanocladus,latifolius,,,(Lindb. & Arnell) Warnst.,,
1770,766,664,synonyme,variety,Drepanocladus,lycopodioides,brevifolius,,,,
1812,838,713,synonyme,species,Drepanocladus,orthothecioides,,,(Lindb.) G. Roth.,,
1820,1818,715,synonyme,species,Drepanocladus,purpuracens,,,(Schimp.) Loeske,,
3081,3081,665,accepté,species,Drepanocladus,trifarius,,,(F. Weber & D. Mohr) Broth. ex Paris,,oui
1815,840,714,synonyme,variety,Drepanocladus,uncinatus,typicus,,,,
3484,3484,434,accepté,species,Drummondia,prorepens,,,(Hedw.) Trevis.,,oui
1258,543,471,synonyme,species,Dryptodon,atratus,,,(Miel. ex Hornsch.) Limpr.,,
3270,3270,0,accepté,species,Dryptodon,hartmannii,,,(Schimp.) Limpr.,,
3271,3271,480,accepté,species,Dryptodon,muehlenbeckii,,,(Schimp.) Loeske,,
3272,3272,486,accepté,species,Dryptodon,torquatus,,,(Hook.) Brid.,,
3273,3273,487,accepté,species,Dryptodon,trichophyllus,,,(Grev.) Brid.,,
504,504,436,accepté,subspecies,Encalypta,affinis,macounii,,R. Hedw.,(Austin) D.G. Horton,
1605,513,445,synonyme,variety,Entodon,seductrix,lanceolatus,,,,
1606,513,445,synonyme,variety,Entodon,seductrix,minor,,,,
3403,3403,76,accepté,species,Eremonotus,myriocarpus,,,(Carrington) Lindb. & Kaal. ex Pearson,,oui
1669,622,542,synonyme,variety,Eurhynchium,praelongum,stockesii,,,,
1607,518,450,synonyme,variety,Eurhynchium,strigosum,robustum,,,,
1608,518,450,synonyme,variety,Eurhynchium,strigosum var.,praecox,,,,
1051,24,19,synonyme,species,Fimbriaria,tenella,,,Nees,,
1254,520,451,synonyme,variety,Fissidens,adianthoides,immarginatus,,,,
3274,3274,887,accepté,species,Fissidens,grandifrons,,,Brid.,,
491,491,426,accepté,species,Flexitrichum,gracile,,,(Mitt.) Ignatov & Fedosov,,
1625,536,466,synonyme,species,Fontinalis,cardotii,,,(Renauld) Cardot,,
1623,536,466,synonyme,species,Fontinalis,eatoni,,,Sull. & Lesq.,,
1624,536,466,synonyme,species,Fontinalis,frostii,,,Sull.,,
1618,535,465,synonyme,variety,Fontinalis,lescurii,cymbifolia,,,,
1621,536,466,synonyme,variety,Fontinalis,lescurii,ramosior,,,,
1626,536,466,synonyme,species,Fontinalis,lescurii,,,Sull.,,
1622,536,466,synonyme,subspecies,Fontinalis,novae-angliae,cardotii,,,,
1619,536,466,synonyme,variety,Fontinalis,novae-angliae,heterophylla,,,,
1620,536,466,synonyme,variety,Fontinalis,novae-angliae,latifolia,,,,
1617,535,465,synonyme,variety,Fontinalis,novae-angliae,lorenziae,,,,
3275,3275,903,accepté,species,Fossombronia,alaskana,,,Steere & Inoue,,
3404,3404,78,accepté,species,Fossombronia,wondraczekii,,,(Corda) Dumort.,,oui
3276,3276,1119,accepté,species,Frullania,inflata,,,Gottsche,,
3065,3065,1044,accepté,variety,Fuscocephaloziopsis,albescens,albescens,,(Hook.) Vá?a & L. Söderstr.,,
3066,3066,1045,accepté,variety,Fuscocephaloziopsis,albescens,islandica,,(Hook.) Vá?a & L. Söderstr.,(Nees) Vá?a & L. Söderstr.,
1860,1860,43,accepté,subspecies,Fuscocephaloziopsis,catenulata,catenulata,,(Huebener) Vá?a & L. Söderstr.,,
3067,3067,1046,accepté,species,Fuscocephaloziopsis,catenulata,,,(Huebener) Vá?a & L. Söderstr.,,
1861,1861,1047,accepté,subspecies,Fuscocephaloziopsis,connivens,connivens,,(Dicks.) Vá?a & L. Söderstr.,,
3068,3068,44,accepté,species,Fuscocephaloziopsis,connivens,,,(Dicks.) Vá?a & L. Söderstr.,,
1864,3216,1120,synonyme,variety,Fuscocephaloziopsis,macrostachya,macrostachya,,,,
3277,3277,416,accepté,species,Geheebia,fallax,,,(Hedw.) R.H. Zander,,
3278,3278,417,accepté,species,Geheebia,ferruginea,,,(Schimp. ex Besch.) R.H. Zander,,
3279,3279,420,accepté,species,Geheebia,tophacea,,,(Brid.) R.H. Zander,,
1536,364,315,synonyme,species,Gemmabryum,bicolor,,,(Dicks.) J.R. Spence,,
1534,363,314,synonyme,species,Gemmabryum,demaretianum,,,(Arts) J.R. Spence,,
1541,367,317,synonyme,species,Gemmabryum,gemmiferum,,,(R. Wilczek & Demaret) J.R. Spence,,
1542,369,319,synonyme,species,Gemmabryum,klinggraeffii,,,(Schimper) J.R. Spence & H.P. Ramsay,,
1553,382,331,synonyme,species,Gemmabryum,tenuisetum,,,(Limpr.) J.R. Spence & H.P. Ramsay,,
1558,387,335,synonyme,species,Gemmabryum,violaceum,,,(A.C. Crundw. & Nyholm) J.R. Spence,,
1338,859,725,synonyme,variety,Grimma,apocarpa,dupretii,,,,
1264,551,478,synonyme,species,Grimmia,affinis,,,Hornsch.,,
1271,557,484,synonyme,variety,Grimmia,alpestris,sessitana,,,,
1336,859,725,synonyme,variety,Grimmia,alpicola,dupretii,,,,
1263,551,478,synonyme,subspecies,Grimmia,arctophila,labradorica,,,,
1207,422,364,synonyme,species,Grimmia,cribosa,,,Hedw.,,
3485,3485,476,accepté,species,Grimmia,funalis,,,(Schwägr.) Bruch ex De Not.,,oui
548,3485,476,synonyme,species,Grimmia,funalis,,,(Schwägr.) Bruch & Schimp.,,non
3280,,0,synonyme,species,Grimmia,hartmannii,,,Schimp.,,
1269,3271,480,synonyme,species,Grimmia,hermannii,,,H.A. Crum,,
1343,872,738,synonyme,species,Grimmia,latifolia,,,"Brid., nom. illeg. non (Schwägr.) F. Weber & D. Mohr",,
1342,868,734,synonyme,subspecies,Grimmia,pseudorivularis,lancifolia,,,,
1261,545,473,synonyme,species,Grimmia,sudetica,,,Spreng. ex Schkuhr,,
1268,3271,480,synonyme,subspecies,Grimmia,trichophylla,muehlenbeckii,,,,
3487,3487,488,accepté,species,Grimmia,unicolor,,,Hook. ex Grev.,,oui
1154,1154,142,accepté,species,Gymnomitrion,brevissimum,,,(Dumort.) Warnst.,,
107,107,92,accepté,species,Gymnomitrion,obtusum,,,Lindb.,,oui
1905,1905,16,accepté,species,Gymnomitrion,revolutum,,,(Nees) H. Philib.,,
1277,598,520,synonyme,variety,Gymnostomum,recurvirostrum,latifolium,,,,
1278,598,520,synonyme,variety,Gymnostomum,recurvirostrum,scabrum,,,,
567,3488,492,synonyme,species,Haplocladium,microphyllum,,,(Hedw.) Broth.,,non
3096,3096,496,accepté,species,Helodium,elodioides,,,(Renauld & Cardot) B.H. Allen,,
2232,2228,497,synonyme,species,Helodium,paludosum,,,(A. Jaeger) Austin ex C.F. Parker,,
1411,925,788,synonyme,species,Hemitheca,pylaesii,,,Brid.,,
3281,3281,501,accepté,species,Heterocladiella,dimorpha,,,(Brid.) Ignatov & Fedosov,,
1914,1946,220,synonyme,species,Heterogemma,capitata,,,(Hook.) Konstant. & Vilnet,,
1916,1945,224,synonyme,species,Heterogemma,laxa,,,(Lindb.) Konstant. & Vilnet,,
1706,663,576,synonyme,species,Holmgrenia,intricata,,,(Hartm.) Lindb.,,
3282,3220,415,synonyme,species,Husnotiella,asperifolia,,,"(Mitt.) J.A. Jiménez & M.J. Cano, J. Syst. Evol. 60(2): 298.",,non
3283,3221,507,synonyme,species,Hygrohypnella,bestii,,,(Renauld & Bryhn) Ignatov & Ignatova,,
3284,3284,514,accepté,species,Hygrohypnella,polaris,,,(Lindb.) Ignatov & Ignatova,,
1656,1967,512,synonyme,species,Hygrohypnum,eumontanum,,,"H.A. Crum, Steere & L.E. Anderson",,
1654,587,511,synonyme,variety,Hygrohypnum,luridum,julaceum,,,,
1655,587,511,synonyme,species,Hygrohypnum,pseudomontanum,,,(Kindb.) Grout,,
1659,597,519,synonyme,variety,Hylocomium,splendens,obtusifolium,,,,
3047,3047,490,accepté,species,Hymenostylium,gracillimum,,,(Nees & Hornsch.) Köckinger & Jan Ku?era,,
600,600,521,accepté,species,Hypnum,andoi,,,A.J.E. Sm.,,
1771,766,664,synonyme,species,Hypnum,brevifolium,,,Lindb.,,
1817,1818,715,synonyme,species,Hypnum,exannulatum,,,Schimp.,,
3285,3285,526,accepté,species,Hypnum,resupinatum,,,Taylor,,
3286,3286,537,accepté,species,Isopterygiella,pulchella,,,(Hedw.) Ignatov & Ignatova,,
1792,785,676,synonyme,species,Isopterygium,borrerianum,,,(Spruce) Lindb.,,
1793,785,676,synonyme,species,Isopterygium,elegans ,,,Brid. (Lindb.),,
3287,3287,0,accepté,species,Jubula,pennsylvanica,,,(Steph.) A. Evans,,
1058,27,22,synonyme,species,Jungermannia,barbata,,,Schreb.,,
3288,3288,102,accepté,species,Jungermannia,eucordifolia,,,Schljakov,,
1101,102,88,synonyme,species,Jungermannia,inflata,,,Huds.,,
1878,123,108,synonyme,species,Jungermannia,karl-muelleri,,,Grolle,,
1067,32,27,synonyme,species,Jungermannia,lycopodioides,,,Wallr.,,
1125,123,108,synonyme,species,Jungermannia,oblongifolia,,,Hook. f. & Taylor,,
1121,122,107,synonyme,species,Jungermannia,schiffneri,,,(Loitl.) A. Evans,,
1185,260,225,synonyme,species,Jungermannia,setiformis,,,Ehrh.,,
1126,1127,109,synonyme,variety,Jungermannia,sphaerocarpa,nana,,,,
3289,3289,0,accepté,species,Kurzia,sylvatica,,,(A. Evans.) Grolle,,
133,1892,115,synonyme,variety,Leiocolea,heterocolpos,harpanthoides,,,,
1143,1872,127,synonyme,species,Leiocolea,obtusa,,,(Lindb.) H. Buch,,
1138,1893,117,synonyme,species,Leiocolea,schultzii,,,Jörg.,,
3290,3290,909,accepté,subspecies,Lejeunea,lamacerina,geminata,,(Steph.) Schiffn.,Schust.,
1677,626,544,synonyme,species,Leptodictyum,brevipes,,,(Cardot & Thér.) Broth.,,
1673,626,544,synonyme,variety,Leptodictyum,riparium,abbreviatum,,,,
1674,626,544,synonyme,variety,Leptodictyum,riparium,brachyphyllum,,,,
1678,626,544,synonyme,species,Leptodictyum,vacillans,,,(Sullivant) Broth.,,
1252,492,427,synonyme,species,Leptotrichum,vaginans,,,(Sull.) Molendo,,
1781,1781,668,accepté,species,Lescuraea,patens,,,Lindb.,,
3070,3070,669,accepté,variety,Lescuraea,radicosa,compacta,,(Mitt.) Mönk.,(Best) E. Lawton,
3071,3071,670,accepté,variety,Lescuraea,radicosa,radicosa,,(Mitt.) Mönk.,,
1681,630,548,synonyme,species,Leskea,arenicola,,,Best,,
1680,630,548,synonyme,variety,Leskea,polycarpa,paludosa,,,,
667,3226,580,synonyme,species,Lewinskya,,,,"(Schwägr. ex Hook. & Grev.) F. Lara, Garilleti & Goffinet",,non
1685,635,551,synonyme,species,Lindbergia,austinii,,,(Sull.) Broth.,,
1684,635,551,synonyme,variety,Lindbergia,brachyptera,austinii,,,,
3084,3084,0,accepté,species,Loeskeobryum,brevirostre,,,(Brid.) Schimp.,,oui
3027,3027,675,accepté,species,Longiella,distichacea,,,(Mitt.) J.T. Wynns,,
1084,1087,59,synonyme,variety,Lophocolea,bidentata,cuspidata,,,,
1085,1087,59,synonyme,variety,Lophocolea,bidentata,latifolia,,,,
65,1087,59,synonyme,variety,Lophocolea,bidentata,rivularis,,,,
1088,1087,59,synonyme,species,Lophocolea,cuspidata,,,(Nees.) Limpr.,,
1181,1945,224,synonyme,subspecies,Lophozia,capitata,laxa,,,,
1039,1871,6,synonyme,species,Lophozia,cavifolia,,,(H. Buch. & S.W. Arnell) R.M. Schust.,,
1145,2049,129,synonyme,species,Lophozia,groenlandica,,,auct. amer.,,
1984,3291,910,synonyme,species,Lophozia,latifolia,,,R.M. Schust,,
1985,3291,910,synonyme,species,Lophozia,propagulifera,,,non (Nees) Schiffn.,,
3072,3072,0,accepté,variety,Lophoziopsis,excisa,elegans,,(Dicks.) Konstant. & Vilnet,(R.M. Schust.) Konstant. & Vilnet,
3073,3073,1050,accepté,variety,Lophoziopsis,excisa,excisa,,(Dicks.) Konstant. & Vilnet,,
3291,3291,910,accepté,species,Lophoziopsis,latifolia,,,(R.M. Schust.) Köckinger,,
1911,1911,126,accepté,species,Lophoziopsis,longidens,,,(Lindb.) Konstant. & Vilnet,,
1849,1849,880,accepté,species,Lunularia,cruciata,,,(L.) Dumort. ex Lindb.,,oui
1906,1906,18,accepté,species,Mannia,gracilis,,,(F. Weber) D.B. Schill & D.G. Long,,
3292,3292,0,accepté,species,Mannia,triandra,,,(Scop.) Grolle,,
3405,3405,137,accepté,subspecies,Marchantia,polymorpha,montivagans,,L.,Bischl. & Boisselier,oui
3406,3406,139,accepté,subspecies,Marchantia,polymorpha,ruderalis,,L.,Bischl. & Boisselier,oui
1940,1940,173,accepté,subspecies,Marchantia,quadrata,quadrata,,Scop.,,
169,169,143,accepté,species,Marsupella,condensata,,,(Ångstr. ex C. Hartm.) Lindb. ex Kaal.,,oui
170,3227,144,synonyme,variety,Marsupella,emarginata,emarginata,,,,
1153,165,140,synonyme,species,Marsupella,groenlandica,,,C. Jens.,,
1156,172,146,synonyme,variety,Marsupella,sphacelata,erythrorhiza ,,(Giesecke ex Lindenb.) Dumort.,,
3293,3293,113,accepté,species,Mesoptychia,bantriensis,,,(Hook.) L. Söderstr. & Vá?a,,
1892,1892,115,accepté,variety,Mesoptychia,heterocolpos,harpanthoides,,(Thed. ex Hartm.) L. Söderstr. & Vá?a,(Bryhn et Kaal.) L. Söderstr. & Vá?a,
1891,1891,116,accepté,variety,Mesoptychia,heterocolpos,heterocolpos,,(Thed. ex Hartm.) L. Söderstr. & Vá?a,,
3294,3294,17,accepté,species,Metzgeria,pubescens,,,(Schranck) Raddi,,
0,176,149,synonyme,species,Metzgeria,setigera,,,(L.) Corda,,
1913,176,149,synonyme,species,Metzgeria,setigera,,,R.M. Schust. ex Crand.-Stotl. & L.Söderstr.,,
644,3496,558,synonyme,species,Mielichhoferia,elongata,,,(Hoppe & Hornsch.) Nees & Hornsch.,,non
1698,3496,558,synonyme,variety,Mielichhoferia,mielichhoferiana,elongata,,,,
1588,434,374,synonyme,species,Mnium,hymenophyllum,,,Bruch Schimp.,,
1732,709,612,synonyme,species,Mnium,longirostre,,,Brid.,,
649,649,562,accepté,species,Mnium,marginatum,,,(Dicks. ex With.) P. Beauv.,,oui
1482,309,269,synonyme,species,Mnium,palustre,,,Hedw.,,
1803,824,700,synonyme,variety,Mnium,punctatum,appalachianum,,,,
1700,647,561,synonyme,species,Mnium,riparium,,,Mitt.,,
178,178,151,accepté,species,Moerckia,blyttii,,,(Mørch) Brockm.,,
1703,655,568,synonyme,species,Myurella,apiculata,,,(Sommerf.) Schimp.,,
804,3515,688,synonyme,subspecies,Niphotrichum,canescens,latifolium,,,,
1320,805,689,synonyme,species,Niphotrichum,elongatum,,,(Ehrh. ex Frisvoll) Bednarek-Ochyra & Ochyra,,
3502,3501,581,synonyme,species,Nyholmiella,obtusifolia,,,(Schrad. ex Brid.) Holmen & E. Warncke,,non
3407,3407,158,accepté,species,Odontoschisma,denudatum,,,(Nees) Dumort.,,oui
658,3499,571,synonyme,species,Oligotrichum,hercynicum,,,(Hedw.) Lam. & DC.,,non
1213,431,371,synonyme,species,Oncophorus,strumulosus,,,(Müller Hal. & Kindb.) Britton,,
1871,1871,6,accepté,species,Orthocaulis,cavifolius,,,H. Buch & S.W. Arnell,,
1069,3238,28,synonyme,species,Orthocaulis,quadrilobus,,,(Lindb.) H. Buch.,,
1238,476,413,synonyme,species,Orthodicranum,viride,,,(Sull. & Lesq.) G. Roth.,,
3295,703,606,synonyme,species,Orthomnion,ciliare,,,(Müll. Hal.) T.J. Kop. & Y. Sun,,
3296,704,607,synonyme,species,Orthomnion,curvatulum,,,(Lindb.) T.J. Kop. & Y. Sun,,
3297,705,608,synonyme,species,Orthomnion,cuspidatum,,,(Hedw.) T.J. Kop. & Y. Sun,,
3298,706,609,synonyme,species,Orthomnion,drummondii,,,(Bruch & Schimp.) T.J. Kop. & Y. Sun,,
3299,707,610,synonyme,species,Orthomnion,ellipticum,,,(Brid.) T.J. Kop. & Y. Sun,,
2216,708,611,synonyme,species,Orthomnion,medium,,,(Bruch & Schimp.) T.J. Kop. & Y. Sun,,
3300,709,612,synonyme,species,Orthomnion,rostratum,,,(Schrad.) T.J. Kop. & Y. Sun,,
1707,666,579,synonyme,variety,Orthotrichum,anomalum,saxatile,,,,
1668,622,542,synonyme,variety,Oxyrrhynchium,praelongum,stokesii,,,,
1716,3503,593,synonyme,variety,Paraleucobryum,longifolium,subalpinum,,,,
3503,3503,593,accepté,species,Paraleucobryum,longifolium,,,(Ehrh. ex Hedw.) Péterfi,,oui
688,3504,595,synonyme,species,Pelekium,pygmaeum,,,(Schimp.) A. Touw,,non
1161,1949,162,synonyme,species,Pellia,fabbroniana,,,Raddi.,,
1162,1950,164,synonyme,species,Pellia,fabbroniana,,,auct.,,
1285,1286,596,synonyme,variety,Phascum,cuspidatum,americanum,,,,
3301,3301,601,accepté,species,Physcomitrium,patens,,,(Hedw.) Mitt.,,
3302,3302,258,accepté,species,Physcomitrium,serratum,,,(Wilson & Hook.) Müll. Hal.,,oui
3303,3302,258,synonyme,species,Physcomitrium,serratum,,,(Hook. & Wilson) Müll. Hal.,,non
702,3507,605,synonyme,species,Plagiobryum,zieri,,,(Hedw.) Lindb.,,non
1166,193,166,synonyme,variety,Plagiochila,asplenioides,subarctica,,(L.) Dumort.,,
1164,193,166,synonyme,form,Plagiochila,porelloides,subarctica,,,,
704,704,607,accepté,species,Plagiomnium,curvatulum,,,(Lindb.) Schljakov,,
1725,704,607,synonyme,subspecies,Plagiomnium,medium,curvatulum,,(Bruch & Schimp.) T.J. Kop.,,
1743,713,616,synonyme,form,Plagiothecium,curvifolium,albescens,,,,
1742,713,616,synonyme,form,Plagiothecium,curvifolium,gracile,,,,
1740,713,616,synonyme,variety,Plagiothecium,denticulatum,aptychus,,,,
1734,712,615,synonyme,variety,Plagiothecium,denticulatum,donii,,,,
1735,712,615,synonyme,variety,Plagiothecium,denticulatum,majus,,,,
1737,712,615,synonyme,form,Plagiothecium,denticulatum,propaguliferum,,,,
1791,785,676,synonyme,species,Plagiothecium,elegans,,,(Brid.) Schimp.,,
1741,713,616,synonyme,form,Plagiothecium,laetum,propaguliferum,,,,
1744,714,617,synonyme,form,Plagiothecium,latebricola,gemmascens,,,,
1665,3286,537,synonyme,variety,Plagiothecium,pulchellum,nitidulum,,,,
1736,712,615,synonyme,form,Plagiothecium,ruthei,phyllorhizans,,,,
3304,3304,506,accepté,species,Platyhypnum,alpestre,,,(Hedw.) Ochyra,,
3305,3305,508,accepté,species,Platyhypnum,cochleariifolium,,,(Venturi) Ochyra,,
3306,3306,509,accepté,species,Platyhypnum,duriusculum,,,(De Not.) Ochyra,,
3307,3307,515,accepté,species,Platyhypnum,smithii,,,(Sw.) Ochyra,,
1108,1107,101,synonyme,species,Plectocolea,crenuliformis,,,Mitt.,,
1929,1119,106,synonyme,species,Plectocolea,subelliptica,,,,,
1855,3066,1045,synonyme,variety,Pleurocladula,albescens,islandica,,,,
726,3508,628,synonyme,species,Pogonatum,pensilvanicum,,,(Bartram ex Hedw.) P. Beauv.,,non
1753,3508,628,synonyme,species,Pogonatum,tenue,,,Rau & Herv.,,
1758,3006,363,synonyme,species,Pohlia,acuminata,,,Hoppe & Hornsch.,,
1756,729,631,synonyme,variety,Pohlia,annotina,loeskei,,,,
1760,736,638,synonyme,species,Pohlia,gracilis,,,Hoppe & Hornsch.,,
3009,3009,637,accepté,species,Pohlia,greenii,,,Brid.,,
742,3510,644,synonyme,species,Pohlia,proligera,,,(Kindb.) Lindb. ex Arnell,,non
1764,740,642,synonyme,species,Pohlia,rutilans,,,Broth.,,
1765,740,642,synonyme,species,Pohlia,schimperi,,,(Müll. Hal.) A.L. Andrews,,
1761,736,638,synonyme,species,Pohlia,schleicheri,,,H.A. Crum,,
2131,2131,648,accepté,species,Polytrichastrum,fragile,,,(Bryhn) Schljakov,,
2135,2135,649,accepté,species,Polytrichastrum,septentrionale,,,"(Sw. ex Brid.) E.I. Ivanova, N.E. Bell & Ignatov",,oui
2133,2135,649,synonyme,species,Polytrichastrum,septentrionale,,,"(Brid.) E.I. Ivanova, N.E. Bell & Ignatov",,non
3308,3229,1121,synonyme,species,Polytrichastrum,sexangulare,,,(Brid.) G.L. Sm.,,non
1294,2132,1058,synonyme,species,Polytrichum,alpinum,,,(Brid.) Wahl.,,non
1302,2140,655,synonyme,variety,Polytrichum,commune,canadense,,,,
755,2140,655,synonyme,variety,Polytrichum,commune,commune,,,,
1304,758,658,synonyme,variety,Polytrichum,commune,diminutum,,,,
1305,758,658,synonyme,variety,Polytrichum,commune,jensenii,,,,
1314,763,662,synonyme,variety,Polytrichum,commune,swartzii,,,,
1306,758,658,synonyme,variety,Polytrichum,commune,yukonense,,,,
2150,2150,650,accepté,species,Polytrichum,densifolium,,,Wilson ex Mitt.,,
1308,760,659,synonyme,variety,Polytrichum,juniperinum,alpinum,,,,
1299,3229,654,synonyme,species,Polytrichum,norvegicum,,,auct. non Hedw.,,
1301,2135,649,synonyme,species,Polytrichum,septentrionale,,,"auct. p.p., non Brid.",,
1307,758,658,synonyme,species,Polytrichum,yukonense,,,Cardot & Thériot,,
3309,3309,622,accepté,species,Pseudoamblystegium,subtile,,,(Hedw.) Vanderp. & Hedenäs,,
765,766,664,synonyme,species,Pseudocalliergon,brevifolium,,,,,
2222,2222,510,accepté,species,Pseudohygrohypnum,appalachianum,,,"Brinda, Fedosov & Ignatova",,
2223,2223,528,accepté,species,Pseudohygrohypnum,fauriei,,,(Cardot) Jan Ku?era & Ignatov,,
2224,2224,510,accepté,species,Pseudohygrohypnum,eugyrium,,,(Schimp.) Kanda,,
3310,3310,516,accepté,species,Pseudohygrohypnum,subeugyrium,,,(Renauld & Cardot) Ignatov & Ignatova,,oui
3311,3310,516,synonyme,species,Pseudohygrohypnum,subeugyrium,,,(Renauld & Cardot) Igbnatov & Ignatova,,non
1679,627,545,synonyme,species,Pseudoleskea,frigida,,,(Kindb.) Sharp,,
780,779,673,synonyme,variety,Pseudoleskeella,catenulata,acuminata,,,,
1787,779,673,synonyme,species,Pseudoleskeella,catenulata,,,(Culm.) J.J. Amann,,
781,779,673,synonyme,variety,Pseudoleskeella,nervosa,sibirica,,,,
783,3513,674,synonyme,species,Pseudoleskeella,tectorum,,,(A. Braun ex Brid.) Broth.,,non
1789,3513,674,synonyme,species,Pseudoleskeella,williamsii,,,"(Best) H.A. Crum, Steere & L.E. Anderson",,
3028,3028,675,accepté,species,Pseudotaxiphyllum,subfalcatum,,,"(Austin) X.Q. Li, Q. Zuo & Y.F. Wang",,
1883,357,309,synonyme,species,Ptychostomum,acutiforme,,,(Limpr.) J.R. Spence,,
1556,384,333,synonyme,species,Ptychostomum,cernuum,,,(Hedw.) Hornsch.,,
1885,1884,885,synonyme,species,Ptychostomum,lonchocaulon,,,(Müll. Hal.) J.R. Spence,,
1552,381,330,synonyme,species,Ptychostomum,salinum,,,(I.Hagen ex Limpr.) J.R. Spence,,
1981,1947,684,synonyme,species,Pylaisia,condensata,,,(Mitt.) A. Jaeger,,
1796,793,683,synonyme,variety,Pylaisia,polyantha,pseudoplatygyria,,,,
1800,1947,684,synonyme,species,Pylaisia,selwini,,,variante orthographique invalide,,
803,3515,688,synonyme,subspecies,Racomitrium,canescens,latifolium,,(Hedw.) Brid.,(Lange & C.E.O. Jensen) Frisvoll,non
809,3516,691,synonyme,species,Racomitrium,fasciculare,,,(Hedw.) Brid.,,non
1316,818,686,synonyme,subspecies,Racomitrium,heterostichum,affinis,,,,
812,2170,693,synonyme,species,Racomitrium,microcarpum,,,(Hedw.) Brid.,,
3312,3312,0,accepté,species,Radula,tenax,,,Lindb.,,
3313,3313,0,accepté,subspecies,Reboulia,hemisphaerica,australis,,(L.) Raddi,R.M. Schust.,
822,3517,698,synonyme,species,Rhabdoweisia,crispata,,,(Dicks. ex With.) Lindb.,,non
3314,3314,386,accepté,species,Rhizogemma,staphylina,,,"(H. Whitehouse) Bonfim Santos, Siebel & Fedosov",,
3519,3519,706,accepté,species,Rhynchostegium,aquaticum,,,Spruce,,oui
3520,3520,707,accepté,species,Rhynchostegium,serrulatum,,,(Hedw.) Austin,,oui
3521,3521,711,accepté,species,Rhytidium,rugosum,,,(Hedw.) Austin ex C.F. Parker,,oui
3315,3315,907,accepté,species,Riccardia,vitrea,,,Furuki,,
1169,212,183,synonyme,species,Riccia,arvensis,,,Austin,,
1170,213,184,synonyme,species,Riccia,crystallina,,,auct. pro parte non L.,,
3316,3316,0,accepté,species,Riccia,hirta,,,(Austin) Underw.,,
1172,219,190,synonyme,species,Ricciocarpus,natans,,,variante orthographique invalide,,
3317,3317,0,accepté,species,Roaldia,dolomitica,,,"(Milde) Hedenäs, Schlesak & D. Quandt",,
3318,3233,534,synonyme,species,Roaldia,revoluta,,,(Mitt.) P.E.A.S. Câmara & M. Carvalho-Silva,,non
1540,3464,316,synonyme,species,Rosulabryum,elegans,,,(Nees) Ochyra,,
1545,3255,321,synonyme,species,Rosulabryum,laevifilum,,,(Syed) Ochyra,,
3319,3319,384,accepté,species,Ruficaulis,rufescens,,,(Dicks.) Bonfim Santos & Fedosov,,oui
3320,3319,384,synonyme,species,Ruficaulis,rufescens,,,"(Dicks.) Bonfim Santos & Fedosov,",,non
224,224,195,accepté,species,Scapania,carinthiaca,,,J.B. Jack ex Lindb.,,oui
3408,3408,201,accepté,species,Scapania,hyperborea,,,Jörg.,,oui
240,240,210,accepté,variety,Scapania,paludicola,viridigemma,,Loeske & Müll.Frib.,R.M. Schust.,
3321,3321,0,accepté,species,Scapania,simmondsii,,,Bryhn & Kaal.,,
1174,228,199,synonyme,species,Scapaniella,glaucocephala,,,(Taylor) A. Evans,,
3523,3523,731,accepté,species,Schistidium,maritimum,,,(Turner ex R. Scott) Bruch & Schimp.,,oui
865,3523,731,synonyme,species,Schistidium,maritimum,,,(Turner ex Robt. Scott) Bruch & Schimp.,,non
3322,3322,485,accepté,species,Schistidium,teretinerve,,,(Limpr.) Limpr.,,
258,1945,224,synonyme,species,Schistochilopsis,laxa,,,,,
1874,15,11,synonyme,species,Schizophyllopsis,sphenoloboides,,,(R.M.Schust.) Vá?a et L.Söderstr.,,
1969,15,11,synonyme,species,Schizophyllopsis,sphenoloboides,,,(R.M. Schust.) Vá?a & L. Söderstr.,,
1873,15,11,synonyme,species,Schizophyllum,sphenoloboides,,,(R.M. Schust.) Vá?a & L. Söderstr.,,
1870,3238,28,synonyme,species,Schljakovianthus,quadriloba,,,(Lindb.) Konstant. & Vilnet,,
874,874,740,accepté,species,Schwetschkeopsis,fabronia,,,(Schwägr.) Broth.,,
1495,1496,285,synonyme,species,Sciuro-hypnum,nelsonii,,,(Grout) Ochyra & Zarnowiec,,
1775,3081,665,synonyme,species,Scorpidium,trifarium,,,(F. Weber & D. Mohr) H.K.G. Paul,,
881,3525,744,synonyme,species,Seligeria,brevifolia,,,(Lindb.) Lindb.,,non
3323,3323,621,accepté,species,Serpoleskea,minutissima,,,(Sull. & Lesq.) W.R. Buck & B.H. Allen,,
1633,575,499,synonyme,species,Sharpiella,striatella,,,(Brid.) Z. Iwats.,,
1637,576,500,synonyme,species,Sharpiella,turfacea,,,(Lindb.) Z. Iwats.,,
1105,1908,99,synonyme,species,Solenostoma,caespiticium,,,(Lindb.) Steph.,,
1909,1909,100,accepté,species,Solenostoma,confertissimum,,,(Nees) Schljakov,,
1112,1113,103,synonyme,species,Solenostoma,crenulata,,,Mitt.,,
1119,1119,106,accepté,species,Solenostoma,obovatum,,,(Nees) C.Massal.,,
1120,122,107,synonyme,subspecies,Solenostoma,pumilum,polaris,,,,
1122,123,108,synonyme,subspecies,Solenostoma,pumilum,pumilum,,,,
1106,1909,100,synonyme,variety,Solenostoma,pusillum,vinaceum,,,,
1127,1127,109,accepté,species,Solenostoma,sphaerocarpum,,,(Hook.) Steph.,,
1927,1119,106,synonyme,species,Solenostoma,subellipticum,,,,,
1379,905,768,synonyme,variety,Sphagnum,acutifolium,flavicomans,,,,
1390,907,770,synonyme,variety,Sphagnum,acutifolium,fuscum,,,,
1412,3533,789,synonyme,variety,Sphagnum,acutifolium,quinquefarium,,,,
1419,930,793,synonyme,variety,Sphagnum,acutifolium,robustum,,,,
1415,928,791,synonyme,variety,Sphagnum,acutifolium,tenellum,,,,
1348,2181,754,synonyme,variety,Sphagnum,amblyphyllum,parviflorum,,,,
2181,2181,754,accepté,species,Sphagnum,angustifolium,,,(C.E.O. Jensen ex Russow) C.E.O. Jensen,,oui
1378,904,767,synonyme,species,Sphagnum,bolanderi,,,Warnst.,,
1427,936,799,synonyme,variety,Sphagnum,capillaceum,tenerum,,,,
1403,923,786,synonyme,variety,Sphagnum,contortum,platyphyllum,,,,
1424,934,797,synonyme,species,Sphagnum,crispum,,,R.E. Andrus,,
1429,938,801,synonyme,variety,Sphagnum,cuspidatum,miquelonense,,,,
1354,895,758,synonyme,variety,Sphagnum,cymbifolium,austinii,,,,
1355,895,758,synonyme,subspecies,Sphagnum,cymbifolium,austinii,,,,
1398,921,784,synonyme,variety,Sphagnum,cymbifolium,papillosum,,,,
1352,2181,754,synonyme,variety,Sphagnum,fallax,angustifolium,,,,
1387,906,769,synonyme,variety,Sphagnum,fallax,flexuosum,,,,
1368,902,765,synonyme,species,Sphagnum,faxonii,,,Warnst.,,
1384,906,769,synonyme,variety,Sphagnum,flexuosum,ramosissimum,,,,
1385,906,769,synonyme,variety,Sphagnum,flexuosum,recurvum,,,,
1349,2181,754,synonyme,variety,Sphagnum,flexuosum,tenue,,,,
1404,923,786,synonyme,species,Sphagnum,grasslii,,,H.A. Crum,,
1346,889,752,synonyme,subspecies,Sphagnum,imbricatum,affine,,,,
1422,932,795,synonyme,variety,Sphagnum,imbricatum,arcticum,,,,
1356,895,758,synonyme,subspecies,Sphagnum,imbricatum,austinii,,,,
1345,889,752,synonyme,variety,Sphagnum,imbricatum,laeve,,,,
1432,938,801,synonyme,species,Sphagnum,kearneyi,,,Warnst.,,
1431,938,801,synonyme,variety,Sphagnum,laxifolium,miquelonense,,,,
916,3531,779,synonyme,species,Sphagnum,mirum,,,Flatberg & Thingsg.,,non
1425,3534,798,synonyme,species,Sphagnum,molluscum,,,Bruch,,
1347,890,753,synonyme,variety,Sphagnum,nemoreum,angermanicum,,,,
1361,898,761,synonyme,subspecies,Sphagnum,palustre,intermedium,,,,
1400,921,784,synonyme,variety,Sphagnum,papillosum,sublaeve,,,,
3532,3532,787,accepté,species,Sphagnum,pulchrum,,,(Lindb. ex Braithw.) Warnst.,,oui
1406,925,788,synonyme,variety,Sphagnum,pylaesii,prostratum,,,,
3533,3533,789,accepté,species,Sphagnum,quinquefarium,,,(Lindb. ex Braithw.) Warnst.,,oui
1386,906,769,synonyme,variety,Sphagnum,recurvum,amblyphyllum,,,,
1357,896,759,synonyme,subspecies,Sphagnum,recurvum,balticum,,,,
1350,2181,754,synonyme,variety,Sphagnum,recurvum,parvifolium,,,,
1417,928,791,synonyme,variety,Sphagnum,rubellum,rubescens,,,,
1413,3533,789,synonyme,species,Sphagnum,schofieldii,,,H.A. Crum,,
1408,925,788,synonyme,variety,Sphagnum,sedoides,austinii,,,,
1409,925,788,synonyme,variety,Sphagnum,sedoides,prostratum,,,,
1410,925,788,synonyme,species,Sphagnum,sedoides,,,Brid.,,
1421,931,794,synonyme,species,Sphagnum,semisquarrosum,,,(Russow) Lepage,,
1362,898,761,synonyme,species,Sphagnum,subbicolor,,,Hampe,,
1382,905,768,synonyme,variety,Sphagnum,subnitens,obscurum,,,,
1383,905,768,synonyme,variety,Sphagnum,subnitens,viride,,,,
1428,937,800,synonyme,variety,Sphagnum,teres,imbricatum,,,,
1369,902,765,synonyme,species,Sphagnum,virginianum,,,Warnst.,,
1042,1930,7,synonyme,species,Sphenolobus,hellerianus,,,(Nees ex Lindenb.) Steph.,,
1046,1046,9,accepté,species,Sphenolobus,minutus,,,(Schreb.) Berggr.,,oui
1434,945,808,synonyme,species,Splachnum,pennsylvanicum,,,variante orthographique invalide,,
3031,3031,1034,complexe,complexe,Stegonia,latifolia,,sensu lato Faubert,(Schwägr.) Venturi ex Broth.,,oui
950,3032,813,synonyme,variety,Stegonia,latifolia,pilifera,,(Schwägr.) Venturi ex Broth.,(Dicks.) Broth.,
3032,3032,813,accepté,species,Stegonia,pilifera,,,(Brid.) H.A. Crum & L.E. Anderson,,
3324,3324,523,accepté,species,Stereodon,callichrous,,,Lindb.,,
1670,622,542,synonyme,variety,Stokesiella,praelonga,stokesii,,,,
1199,1199,271,synonyme,species,Streblotrichum,convoluta,,,(Hedw.) P. Beauv.,,
1259,543,471,synonyme,species,Streptocolea,atrata,,,(Miel. ex Hornsh.) Ochyra & Zarnowiec,,
1441,3330,827,synonyme,variety,Tetraplodon,bryoides,cavifolius,,,,
968,3330,827,synonyme,variety,Tetraplodon,mnioides,urceolatus,,,,
1435,945,808,synonyme,species,Tetraplodon,pennsylvanicus,,,(Brid.) Sayre,,
3325,3325,831,accepté,species,Thamnobryum,subserratum,,,(Hook. ex Harv.) Nog. & Z. Iwats.,,
1835,975,834,synonyme,species,Thuidium,philibertii,,,Limpr.,,
1719,3504,595,synonyme,species,Thuidium,pygmaeum,,,Schimp.,,
1456,991,848,synonyme,species,Tortella,inclinatula,,,Müll. Hal. & Kindb.,,
3326,3326,860,accepté,species,Tortella,spitsbergensis,,,"(Bizot & Thér.) O. Werner, Köckinger & Ros",,
992,2226,849,synonyme,species,Tortella,tortuosa,,,(Hedw.) Limpr.,,non
1455,988,845,synonyme,variety,Tortella, tortuosa,arctica,,,,
1241,478,414,synonyme,species,Tortula,acuta,,,Brid,,
1242,478,414,synonyme,species,Tortula,gracilis,,,Schleich. ex Hook. & Grev.,,
1898,1898,890,accepté,species,Tortula,laureri,,,(Schultz) Lindb.,,
3540,3540,855,accepté,species,Tortula,porteri,,,(James) R.H. Zander,,oui
1468,3206,861,synonyme,species,Trichostomum,cylindricum,,,(Brid.) Müll. Hal.,,
1945,1945,224,accepté,species,Tritomaria,laxa,,,(Lindb.) Stotler & Crand.-Stotl.,,
3409,3409,234,accepté,species,Tritomaria,scitula,,,(Taylor) Jörg.,,oui
3327,3327,824,accepté,species,Voitia,angustata,,,(Hedw.) W.R. Buck & Goffinet,,
3328,3328,825,accepté,species,Voitia,mnioides,,,(Hedw.) W.R. Buck & Goffinet,,
3329,3329,826,accepté,species,Voitia,pallida,,,(I. Hagen) W.R. Buck & Goffinet,,
3330,3330,827,accepté,species,Voitia,urceolata,,,(Hedw.) W.R. Buck & Goffinet,,
3331,3331,552,accepté,species,Warnstorfia,badia,,,(Hartm.) W.R. Buck & Goffinet,,
3564,3564,716,accepté,species,Warnstorfia,sarmentosa,,,(Wahlenb.) Tuom. & T.J. Kop.,,oui
3022,3022,814,accepté,species,Warnstorfia,straminea,,,(Dicks. ex Brid.) W.R. Buck & Goffinet,,
3332,3332,0,accepté,species,Warnstorfia,trichophylla,,,(Warnst.) Tuom. & T.J. Kop.,,
3333,3333,553,accepté,species,Warnstorfia,wickesiae,,,(Grout) W.R. Buck & Goffinet,,
2117,2117,,accepté,species,Platyhypnum,molle,,,(Hedw.) Loeske,,
4001,4001,,accepté,genus,Aloina,,,,Kindb.,,
4002,4002,,accepté,genus,Amblystegium,,,,Schimp.,,
4003,4003,,accepté,genus,Anastrophyllum,,,,(Spruce) Steph.,,
4004,4004,,accepté,genus,Andreaea,,,,Hedw.,,
4005,4005,,accepté,genus,Aneura,,,,Dumort.,,
4006,4006,,accepté,genus,Anomobryum,,,,Schimp.,,
4007,4007,,accepté,genus,Anomodon,,,,Hook. & Taylor,,
4009,,,à déterminer,genus,Archidium,,,,Brid.,,
4010,4010,,accepté,genus,Asterella,,,,P.Beauv.,,
4011,4011,,accepté,genus,Atrichum,,,,P.Beauv.,,
4012,4012,,accepté,genus,Aulacomnium,,,,Schwägr.,,
4013,4013,,accepté,genus,Barbilophozia,,,,Loeske,,
4014,4014,,accepté,genus,Barbula,,,,Hedw.,,
4015,4015,,accepté,genus,Bartramia,,,,Hedw.,,
4016,4016,,accepté,genus,Bazzania,,,,Gray,,
4017,4017,,accepté,genus,Blepharostoma,,,,(Dumort.) Dumort.,,
4018,4018,,accepté,genus,Blindia,,,,Bruch & Schimp.,,
4019,4019,,accepté,genus,Brachythecium,,,,Schimp.,,
4020,,,à déterminer,genus,Brotherella,,,,Loeske ex M.Fleisch.,,
4021,,,à déterminer,genus,Bryhnia,,,,Kaurin,,
4022,4022,,accepté,genus,Bryoerythrophyllum,,,,P.C.Chen,,
4024,4024,,accepté,genus,Bryum,,,,Hedw.,,
4025,,,à déterminer,genus,Bucklandiella,,,,Roiv.,,
4026,4026,,accepté,genus,Callicladium,,,,H.A.Crum,,
4027,4027,,accepté,genus,Calliergon,,,,(Sull.) Kindb.,,
4028,4028,,accepté,genus,Calliergonella,,,,Loeske,,
4029,4029,,accepté,genus,Calypogeia,,,,Raddi,,
4030,4030,,accepté,genus,Campylium,,,,(Sull.) Mitt.,,
4031,4031,,accepté,genus,Campylophyllum,,,,(Schimp.) M.Fleisch.,,
4032,4032,,accepté,genus,Catoscopium,,,,Brid.,,
4033,4033,,accepté,genus,Cephalozia,,,,(Dumort.) Dumort.,,
4034,4034,,accepté,genus,Cephaloziella,,,,(Spruce) Schiffn.,,
4035,4035,,accepté,genus,Ceratodon,,,,Brid.,,
4036,,,à déterminer,genus,Chandonanthus,,,,Mitt.,,
4037,4037,,accepté,genus,Chiloscyphus,,,,Corda,,
4038,,,à déterminer,genus,Chorisodontium,,,,(Mitt.) Broth.,,
4039,4039,,accepté,genus,Cinclidium,,,,Sw.,,
4040,4040,,accepté,genus,Climacium,,,,F.Weber & D.Mohr,,
4041,4041,,accepté,genus,Conostomum,,,,Sw. ex F.Weber & D.Mohr,,
4042,4042,,accepté,genus,Cratoneuron,,,,(Sull.) Spruce,,
4043,4043,,accepté,genus,Cynodontium,,,,Bruch & Schimp.,,
4045,4045,,accepté,genus,Dichelyma,,,,Myrin,,
4046,4046,,accepté,genus,Dichodontium,,,,Schimp.,,
4047,4047,,accepté,genus,Dicranella,,,,(Müll.Hal.) Schimp.,,
4048,4048,,accepté,genus,Dicranodontium,,,,Bruch & Schimp.,,
4049,,,à déterminer,genus,Dicranoweisia,,,,Lindb. ex Milde,,
4050,4050,,accepté,genus,Dicranum,,,,Hedw.,,
4051,4051,,accepté,genus,Didymodon,,,,(Griff.) Paris,,oui
4052,4052,,accepté,genus,Didymodon,,,,Hedw.,,oui
4053,4053,,accepté,genus,Diphyscium,,,,D.Mohr,,
4054,4054,,accepté,genus,Distichium,,,,,,
4055,4055,,accepté,genus,Ditrichum,,,,Timm ex Hampe,,
4056,4056,,accepté,genus,Drepanocladus,,,,(Müll.Hal.) G.Roth,,
4057,4057,,accepté,genus,Elodium,,,,(Sull.) Austin,,
4058,,,à déterminer,genus,Emphanisporites,,,,"D.C.McGregor, 1961",,
4059,4059,,accepté,genus,Encalypta,,,,Hedw.,,
4060,4060,,accepté,genus,Entodon,,,,Müll.Hal.,,
4061,4061,,accepté,genus,Ephemerum,,,,Hampe,,
4062,,,à déterminer,genus,Eurhynchium,,,,Schimp.,,
4063,4063,,accepté,genus,Fissidens,,,,Hedw.,,
4064,4064,,accepté,genus,Fontinalis,,,,Hedw.,,
4065,4065,,accepté,genus,Fossombronia,,,,Raddi,,
4066,4066,,accepté,genus,Frullania,,,,Raddi,,
4067,4067,,accepté,genus,Funaria,,,,Hedw.,,
4068,4068,,accepté,genus,Geocalyx,,,,Nees,,
4069,4069,,accepté,genus,Grimmia,,,,Hedw.,,
4070,4070,,accepté,genus,Gymnocolea,,,,(Dumort.) Dumort.,,
4071,4071,,accepté,genus,Gymnostomum,,,,Nees & Hornsch.,,
4072,4072,,accepté,genus,Harpanthus,,,,Nees,,
4073,4073,,accepté,genus,Hedwigia,,,,P.Beauv.,,
4074,4074,,accepté,genus,Helodium,,,,Warnst.,,
4075,4075,,accepté,genus,Herzogiella,,,,Broth.,,
4076,,,à déterminer,genus,Heterophyllum,,,,,,
4077,4077,,accepté,genus,Homalia,,,,Brid.,,
4078,,,à déterminer,genus,Homaliadelphus,,,,Dixon & P.de la Varde,,
4079,4079,,accepté,genus,Husnotiella,,,,Cardot,,
4080,4080,,accepté,genus,Hygroamblystegium,,,,Loeske,,
4081,4081,,accepté,genus,Hygrohypnum,,,,Lindb.,,
4082,4082,,accepté,genus,Hylocomiastrum,,,,M.Fleisch. ex Broth.,,
4083,4083,,accepté,genus,Hylocomium,,,,Schimp.,,
4084,,,à déterminer,genus,Hymenophyton,,,,Dumort.,,
4085,4085,,accepté,genus,Hymenostylium,,,,Brid.,,
4086,4086,,accepté,genus,Hypnum,,,,Hedw.,,
4087,,,à déterminer,genus,Jamesoniella,,,,(Spruce) F.Lees,,
4088,4088,,accepté,genus,Jungermannia,,,,L.,,
4089,4089,,accepté,genus,Kiaeria,,,,I.Hagen,,
4090,4090,,accepté,genus,Lejeunea,,,,Lib.,,
4091,4091,,accepté,genus,Lepidozia,,,,(Dumort.) Dumort.,,
4092,4092,,accepté,genus,Leptobryum,,,,(Schimp.) Wilson,,
4093,4093,,accepté,genus,Leptodictyum,,,,(Schimp.) Warnst.,,
4094,4094,,accepté,genus,Lescuraea,,,,Schimp.,,
4095,4095,,accepté,genus,Leskea,,,,Hedw.,,
4096,,,à déterminer,genus,Leskeella,,,,(Limpr.) Loeske,,
4097,4097,,accepté,genus,Leucobryum,,,,Hampe,,
4098,4098,,accepté,genus,Leucodon,,,,Schwägr.,,
4099,4099,,accepté,genus,Lindbergia,,,,Kindb.,,
4100,,,à déterminer,genus,Loeskypnum,,,,H.K.G.Paul,,
4101,4101,,accepté,genus,Lophocolea,,,,(Dumort.) Dumort.,,
4102,4102,,accepté,genus,Lophozia,,,,(Dumort.) Dumort.,,
4103,4103,,accepté,genus,Marchantia,,,,L.,,
4104,4104,,accepté,genus,Marsupella,,,,Dumort.,,
4105,4105,,accepté,genus,Meesia,,,,Hedw.,,
4106,4106,,accepté,genus,Metzgeria,,,,Raddi,,
4108,4108,,accepté,genus,Mielichhoferia,,,,Hornsch.,,
4109,4109,,accepté,genus,Mnium,,,,Hedw.,,
4110,4110,,accepté,genus,Moerckia,,,,Gottsche,,
4111,4111,,accepté,genus,Mylia,,,,Gray,,
4112,4112,,accepté,genus,Myurella,,,,Schimp.,,
4113,4113,,accepté,genus,Nardia,,,,Gray,,
4114,4114,,accepté,genus,Neckera,,,,Hedw.,,
4115,,,à déterminer,genus,Niphotrichum,,,,(Bedn.-Ochyra) Bedn.-Ochyra & Ochyra,,
4116,4116,,accepté,genus,Nowellia,,,,Mitt.,,
4117,4117,,accepté,genus,Odontoschisma,,,,(Dumort.) Dumort.,,
4118,4118,,accepté,genus,Oligotrichum,,,,DC.,,
4119,4119,,accepté,genus,Oncophorus,,,,(Brid.) Brid.,,
4120,,,à déterminer,genus,Orthomnion,,,,Wilson,,
4121,4121,,accepté,genus,Orthothecium,,,,Schimp.,,
4122,4122,,accepté,genus,Orthotrichum,,,,Hedw.,,
4123,4123,,accepté,genus,Paraleucobryum,,,,(Lindb. ex Limpr.) Loeske,,
4124,4124,,accepté,genus,Pellia,,,,Raddi,,
4125,4125,,accepté,genus,Philonotis,,,,Brid.,,
4126,4126,,accepté,genus,Physcomitrium,,,,(Brid.) Brid.,,
4127,4127,,accepté,genus,Plagiochila,,,,(Dumort.) Dumort.,,
4128,4128,,accepté,genus,Plagiomnium,,,,T.J.Kop.,,
4129,4129,,accepté,genus,Plagiothecium,,,,Schimp.,,
4130,4130,,accepté,genus,Platydictya,,,,Berk.,,
4131,4131,,accepté,genus,Platygyrium,,,,Schimp.,,
4133,4133,,accepté,genus,Pleurozium,,,,Mitt.,,
4134,4134,,accepté,genus,Pogonatum,,,,P.Beauv.,,
4135,4135,,accepté,genus,Pohlia,,,,Hedw.,,
4136,4136,,accepté,genus,Polytrichastrum,,,,G.L.Sm.,,
4137,4137,,accepté,genus,Polytrichum,,,,Hedw.,,
4138,4138,,accepté,genus,Porella,,,,L.,,
4139,,,à déterminer,genus,Porotrichum,,,,(Brid.) Hampe,,
4140,,,à déterminer,genus,Pottia,,,,Ehrh. ex Fürnr.,,
4142,4142,,accepté,genus,Pseudobryum,,,,(Kindb.) T.J.Kop.,,
4144,4144,,accepté,genus,Pseudocampylium,,,,Vanderp. & Hedenäs,,
4145,,,à déterminer,genus,Pseudoleskea,,,,Schimp.,,
4146,4146,,accepté,genus,Pseudoleskeella,,,,Kindb.,,
4147,4147,,accepté,genus,Ptilidium,,,,Nees,,
4148,4148,,accepté,genus,Ptilium,,,,(Sull.) De Not.,,
4149,,,à déterminer,genus,Ptychostomum,,,,Hornsch.,,
4150,4150,,accepté,genus,Pylaisia,,,,Schimp.,,
4152,4152,,accepté,genus,Racomitrium,,,,Brid.,,
4153,4153,,accepté,genus,Radula,,,,Dumort.,,
4155,4155,,accepté,genus,Rhizomnium,,,,(Mitt. ex Broth.) T.J.Kop.,,
4156,,,à déterminer,genus,Rhynchostegiella,,,,(Schimp.) Limpr.,,
4157,4157,,accepté,genus,Rhynchostegium,,,,Schimp.,,
4158,4158,,accepté,genus,Rhytidium,,,,(Sull.) Kindb.,,
4159,4159,,accepté,genus,Riccia,,,,L.,,
4160,4160,,accepté,genus,Roaldia,,,,P.E.A.S.Câmara & Carv.-Silva,,
4161,4161,,accepté,genus,Saelania,,,,,,
4162,4162,,accepté,genus,Sanionia,,,,Loeske,,
4163,,,à déterminer,genus,Sarmentypnum,,,,Tuom. & T.J.Kop.,,
4164,4164,,accepté,genus,Scapania,,,,(Dumort.) Dumort.,,
4165,4165,,accepté,genus,Schistidium,,,,Brid.,,oui
4166,4166,,accepté,genus,Schistidium,,,,Bruch & Schimp.,,oui
4167,4167,,accepté,genus,Sciuro-hypnum,,,,(Hampe) Hampe,,
4168,4168,,accepté,genus,Scorpidium,,,,(Schimp.) Limpr.,,
4169,4169,,accepté,genus,Seligeria,,,,Bruch & Schimp.,,
4170,4170,,accepté,genus,Sphagnum,,,,L.,,
4171,4171,,accepté,genus,Sphenolobus,,,,(Lindb.) Berggr.,,
4172,,,à déterminer,genus,Straminergon,,,,Hedenäs,,
4173,4173,,accepté,genus,Syntrichia,,,,Brid.,,
4174,4174,,accepté,genus,Taxiphyllum,,,,M.Fleisch.,,
4175,4175,,accepté,genus,Tayloria,,,,Hook.,,
4176,4176,,accepté,genus,Tetraphis,,,,Hedw.,,
4177,,,à déterminer,genus,Tetraplodon,,,,Bruch & Schimp.,,
4178,4178,,accepté,genus,Thuidium,,,,Schimp.,,
4179,4179,,accepté,genus,Timmia,,,,Hedw.,,
4181,4181,,accepté,genus,Tomentypnum,,,,Loeske,,
4182,4182,,accepté,genus,Tortella,,,,(Müll.Hal.) Limpr.,,
4183,4183,,accepté,genus,Tortula,,,,Hedw.,,
4184,,,à déterminer,genus,Trichostomum,,,,Bruch,,
4185,4185,,accepté,genus,Tritomaria,,,,Schiffn. ex Loeske,,
4186,4186,,accepté,genus,Ulota,,,,D.Mohr,,
4187,4187,,accepté,genus,Weissia,,,,Hedw.,,
4188,4188,,accepté,genus,Anthoceros,,,,,,
4189,4189,,accepté,genus,Notothylas,,,,,,
4190,4190,,accepté,genus,Phaeoceros,,,,,,
4191,4191,,accepté,genus,Orthocaulis,,,,,,
4192,4192,,accepté,genus,Crossocalyx,,,,,,
4193,4193,,accepté,genus,Anthelia,,,,,,
4194,4194,,accepté,genus,Gymnomitrion,,,,,,
4195,4195,,accepté,genus,Mannia,,,,,,
4196,4196,,accepté,genus,Neoorthocaulis,,,,,,
4197,4197,,accepté,genus,Schljakovia,,,,,,
4198,4198,,accepté,genus,Schljakovianthus,,,,,,
4199,4199,,accepté,genus,Blasia,,,,,,
4200,4200,,accepté,genus,Fuscocephaloziopsis,,,,,,
4201,4201,,accepté,genus,Clevea,,,,,,
4202,4202,,accepté,genus,Cololejeunea,,,,,,
4203,4203,,accepté,genus,Conocephalum,,,,,,
4204,4204,,accepté,genus,Diplophyllum,,,,,,
4205,4205,,accepté,genus,Eocalypogeia,,,,,,
4206,4206,,accepté,genus,Eremonotus,,,,,,
4207,4207,,accepté,genus,Hygrobiella,,,,,,
4208,4208,,accepté,genus,Syzygiella,,,,,,
4209,4209,,accepté,genus,Endogemma,,,,,,
4210,4210,,accepté,genus,Solenostoma,,,,,,
4211,4211,,accepté,genus,Liochlaena,,,,,,
4212,4212,,accepté,genus,Kurzia,,,,,,
4213,4213,,accepté,genus,Mesoptychia,,,,,,
4214,4214,,accepté,genus,Isopaches,,,,,,
4215,4215,,accepté,genus,Lophoziopsis,,,,,,
4216,4216,,accepté,genus,Obtusifolium,,,,,,
4217,4217,,accepté,genus,Microlejeunea,,,,,,
4218,4218,,accepté,genus,Pallavicinia,,,,,,
4219,4219,,accepté,genus,Apopellia,,,,,,oui
4220,4220,,accepté,genus,Prasanthus,,,,,,
4221,4221,,accepté,genus,Reboulia,,,,,,
4222,4222,,accepté,genus,Riccardia,,,,,,
4223,4223,,accepté,genus,Ricciocarpos,,,,,,
4224,4224,,accepté,genus,Sauteria,,,,,,
4225,4225,,accepté,genus,Schistochilopsis,,,,,,
4226,4226,,accepté,genus,Tetralophozia,,,,,,
4227,4227,,accepté,genus,Trichocolea,,,,,,
4228,4228,,accepté,genus,Pseudotritomaria,,,,,,
4229,4229,,accepté,genus,Saccobasis,,,,,,
4230,4230,,accepté,genus,Abietinella,,,,,,
4231,4231,,accepté,genus,Acaulon,,,,,,
4232,4232,,accepté,genus,Amblyodon,,,,,,
4233,4233,,accepté,genus,Amphidium,,,,,,
4234,4234,,accepté,genus,Anacamptodon,,,,,,
4235,4235,,accepté,genus,Pseudanomodon,,,,,,
4236,4236,,accepté,genus,Claopodium,,,,,,
4237,4237,,accepté,genus,Aongstroemia,,,,,,
4238,4238,,accepté,genus,Aplodon,,,,,,
4239,4239,,accepté,genus,Arctoa,,,,,,
4240,4240,,accepté,genus,Streblotrichum,,,,,,
4241,4241,,accepté,genus,Brachytheciastrum,,,,,,
4242,4242,,accepté,genus,Stereodon,,,,,,
4243,4243,,accepté,genus,Pylaisiadelpha,,,,,,
4244,4244,,accepté,genus,Bruchia,,,,,,
4245,4245,,accepté,genus,Koponeniella,,,,,,
4246,4246,,accepté,genus,Buxbaumia,,,,,,
4247,4247,,accepté,genus,Campylophyllopsis,,,,,,
4248,4248,,accepté,genus,Campylopus,,,,,,
4249,4249,,accepté,genus,Campylostelium,,,,,,
4250,4250,,accepté,genus,Cirriphyllum,,,,,,
4251,4251,,accepté,genus,Conardia,,,,,,
4252,4252,,accepté,genus,Coscinodon,,,,,,
4253,4253,,accepté,genus,Ctenidium,,,,,,
4254,4254,,accepté,genus,Cnestrum,,,,,,
4255,4255,,accepté,genus,Cyrtomnium,,,,,,
4256,4256,,accepté,genus,Dicranellopsis,,,,,,
4257,4257,,accepté,genus,Diobelonella,,,,,,
4258,4258,,accepté,genus,Ruficaulis,,,,,,
4259,4259,,accepté,genus,Rhizogemma,,,,,,
4260,4260,,accepté,genus,Calcidicranella,,,,,,
4261,4261,,accepté,genus,Hymenoloma,,,,,,
4262,4262,,accepté,genus,Geheebia,,,,,,
4263,4263,,accepté,genus,Discelium,,,,,,
4264,4264,,accepté,genus,Flexitrichum,,,,,,
4265,4265,,accepté,genus,Drummondia,,,,,,
4266,4266,,accepté,genus,Haplocladium,,,,,,
4267,4267,,accepté,genus,Eurhynchiastrum,,,,,,
4268,4268,,accepté,genus,Forsstroemia,,,,,,
4269,4269,,accepté,genus,Dryptodon,,,,,,
4270,4270,,accepté,genus,Hamatocaulis,,,,,,
4271,4271,,accepté,genus,Hennediella,,,,,,
4272,4272,,accepté,genus,Heterocladiella,,,,,,
4273,4273,,accepté,genus,Homomallium,,,,,,
4274,4274,,accepté,genus,Platyhypnum,,,,,,
4275,4275,,accepté,genus,Pseudohygrohypnum,,,,,,
4276,4276,,accepté,genus,Hygrohypnella,,,,,,
4277,4277,,accepté,genus,Pseudohygrohynum,,,,,,
4278,4278,,accepté,genus,Aquilonium,,,,,,
4279,4279,,accepté,genus,Drepanium,,,,,,
4280,4280,,accepté,genus,Buckia,,,,,,
4281,4281,,accepté,genus,Isopterygiopsis,,,,,,
4282,4282,,accepté,genus,Isopterygiella,,,,,,
4283,4283,,accepté,genus,Kindbergia,,,,,,
4284,4284,,accepté,genus,Warnstorfia,,,,,,
4285,4285,,accepté,genus,Micromitrium,,,,,,
4286,4286,,accepté,genus,Brideliella,,,,,,
4287,4287,,accepté,genus,Lewinskya,,,,,,oui
4288,4288,,accepté,genus,Nyholmiella,,,,,,
4289,4289,,accepté,genus,Oxyrrhynchium,,,,,,
4290,4290,,accepté,genus,Paludella,,,,,,
4291,4291,,accepté,genus,Palustriella,,,,,,
4292,4292,,accepté,genus,Pelekium,,,,,,
4293,4293,,accepté,genus,Plagiobryum,,,,,,
4294,4294,,accepté,genus,Plagiopus,,,,,,
4295,4295,,accepté,genus,Rectithecium,,,,,,
4296,4296,,accepté,genus,Serpoleskea,,,,,,
4297,4297,,accepté,genus,Pseudoamblystegium,,,,,,
4298,4298,,accepté,genus,Platylomella,,,,,,
4299,4299,,accepté,genus,Pleuridium,,,,,,
4300,4300,,accepté,genus,Longiella,,,,,,
4301,4301,,accepté,genus,Pseudotaxiphyllum,,,,,,
4302,4302,,accepté,genus,Psilopilum,,,,,,
4303,4303,,accepté,genus,Pterigynandrum,,,,,,
4304,4304,,accepté,genus,Rauiella,,,,,,
4305,4305,,accepté,genus,Rhabdoweisia,,,,,,
4306,4306,,accepté,genus,Rhodobryum,,,,,,
4307,4307,,accepté,genus,Rhytidiadelphus,,,,,,
4308,4308,,accepté,genus,Hylocomiadelphus,,,,,,
4309,4309,,accepté,genus,Schistostega,,,,,,
4310,4310,,accepté,genus,Schwetschkeopsis,,,,,,
4311,4311,,accepté,genus,Blindiadelphus,,,,,,
4312,4312,,accepté,genus,Splachnum,,,,,,
4313,4313,,accepté,genus,Stegonia,,,,,,
4314,4314,,accepté,genus,Voitia,,,,,,
4315,4315,,accepté,genus,Tetrodontium,,,,,,
4316,4316,,accepté,genus,Thamnobryum,,,,,,
4317,4317,,accepté,genus,Thelia,,,,,,
4318,4318,,accepté,genus,Trematodon,,,,,,
4319,4319,,accepté,genus,Trichodon,,,,,,
4320,4320,,accepté,genus,Chionoloma,,,,,,
4321,4321,,accepté,genus,Plenogemma,,,,,,
4322,4322,,accepté,genus,Zygodon,,,,,,
4323,4323,,accepté,genus,Biantheridion,,,,,,
4324,4324,,accepté,genus,Lunularia,,,,,,
4325,4325,,accepté,genus,Pterygoneurum,,,,,,
4326,4326,,accepté,genus,Hyophila,,,,,,
4327,4327,,accepté,genus,Cryptocolea,,,,,,
4008,4126,,synonyme,genus,Aphanorhegma,,,,Sull.,,
4023,4266,,synonyme,genus,Bryohaplocladium,,,,R.Watan. & Z.Iwats.,,
4044,4183,,synonyme,genus,Desmatodon,,,,Brid.,,
4107,4212,,synonyme,genus,Microlepidozia,,,,(Spruce) Jørg.,,
4132,4088,,synonyme,genus,Plectocolea,,,,,,
4141,4103,,synonyme,genus,Preissia,,,,Corda,,
4143,4056,,synonyme,genus,Pseudocalliergon,,,,(Limpr.) Loeske,,
4151,4150,,synonyme,genus,Pylaisiella,,,,Kindb. ex Grout,,
4154,4152,,synonyme,genus,Rhacomitrium,,,,Brid.,,
4180,4181,,synonyme,genus,Tomenthypnum,,,,Loeske,,
2155,2155,,accepté,species,Platyhypnum,alpinum,,,(Lindb.) Loeske,,
