institutionCode,collectionCode,catalogNumber,IDoccurrence,provenanceType,recordedBy,eventDate,scientificName,verbatimScientificName,IDname,IDtaxon
NY,NY,667835,28720,extractions institutionnelles,,37080,Trilophozia quinquedentata (Huds.) Bakalin,Trilophozia quinquedentata (Huds.) Bakalin,5860,1116
CMN,CANM,CANM 331868,44911,extractions institutionnelles,"Robillard, Cassandra;Lehmberg, Emma;Doubt, Jennifer",41060,Harpanthus drummondii (Taylor) Grolle,Harpanthus drummondii,108,93
NY,NY,01912146,83838,extractions institutionnelles,W. R. Buck,41457,Hygrohypnum subeugyrium (Renauld & Cardot) Broth.,Hygrohypnum subeugyrium (Renauld & Cardot) Broth.,592,516
TRH,B,2855468,97825,extractions institutionnelles,"Bergfrid Flatberg, Kjell Ivar Flatberg",39298,Sphagnum incundum Flatberg & K.Hassel,Sphagnum incundum Flatberg & Hassel,1952,899
TRH,B,38509/1,97827,extractions institutionnelles,"Bergfrid Flatberg, Kjell Ivar Flatberg",39298,Sphagnum incundum Flatberg & K.Hassel,Sphagnum incundum Flatberg & Hassel,1952,899
TRH,B,38503/1,97830,extractions institutionnelles,"Bergfrid Flatberg, Kjell Ivar Flatberg",39299,Sphagnum incundum Flatberg & K.Hassel,Sphagnum incundum Flatberg & Hassel,1952,899
TRH,B,38506/1,97831,extractions institutionnelles,"Bergfrid Flatberg, Kjell Ivar Flatberg",39299,Sphagnum incundum Flatberg & K.Hassel,Sphagnum incundum Flatberg & Hassel,1952,899
TRH,B,10000/1,97832,extractions institutionnelles,"Bergfrid Flatberg, Kjell Ivar Flatberg",39299,Sphagnum incundum Flatberg & K.Hassel,Sphagnum incundum Flatberg & Hassel,1952,899
NY,NY,03091585,106892,extractions institutionnelles,W. R. Buck,43000,Andreaea rupestris Hedw.,Andreaea rupestris Hedw.,288,250
NY,NY,03091649,106894,extractions institutionnelles,W. R. Buck,43001,Andreaea rupestris Hedw.,Andreaea rupestris Hedw.,288,250
NY,NY,03216757,106895,extractions institutionnelles,W. R. Buck,43002,Andreaea rupestris Hedw.,Andreaea rupestris Hedw.,288,250
NY,NY,03091565,106896,extractions institutionnelles,W. R. Buck,42998,Aneura pinguis (L.) Dumort.,Aneura pinguis (L.) Dumort.,17,13
NY,NY,03091584,106897,extractions institutionnelles,W. R. Buck,43000,Aulacomnium palustre (Hedw.) Schwägr.,Aulacomnium palustre (Hedw.) Schwägr.,309,269
NY,NY,03091587,106898,extractions institutionnelles,W. R. Buck,43000,Aulacomnium palustre (Hedw.) Schwägr.,Aulacomnium palustre (Hedw.) Schwägr.,309,269
NY,NY,03216777,106899,extractions institutionnelles,W. R. Buck,43002,Barbilophozia lycopodioides (Wallr.) Loeske,Barbilophozia lycopodioides (Wallr.) Loeske,32,27
NY,NY,03216753,106900,extractions institutionnelles,W. R. Buck,43001,Blasia pusilla L.,Blasia pusilla L.,37,32
NY,NY,03216763,106901,extractions institutionnelles,W. R. Buck,43002,Brachythecium campestre (Müll.Hal.) Schimp.,Brachythecium campestre (Müll.Hal.) Schimp.,319,279
NY,NY,02696355,106902,extractions institutionnelles,W. R. Buck,42629,Brachythecium falcatum (Grout) H.A.Crum,Brachythecium falcatum (Grout) H.A.Crum,322,282
NY,NY,02709825,106903,extractions institutionnelles,W. R. Buck,42633,Brachythecium falcatum (Grout) H.A.Crum,Brachythecium falcatum (Grout) H.A.Crum,322,282
NY,NY,03091578,106904,extractions institutionnelles,W. R. Buck,43000,Brachythecium falcatum (Grout) H.A.Crum,Brachythecium falcatum (Grout) H.A.Crum,322,282
NY,NY,03091643,106905,extractions institutionnelles,W. R. Buck,43001,Brachythecium falcatum (Grout) H.A.Crum,Brachythecium falcatum (Grout) H.A.Crum,322,282
NY,NY,03091648,106906,extractions institutionnelles,W. R. Buck,43001,Brachythecium falcatum (Grout) H.A.Crum,Brachythecium falcatum (Grout) H.A.Crum,322,282
NY,NY,03216761,106907,extractions institutionnelles,W. R. Buck,43002,Brachythecium falcatum (Grout) H.A.Crum,Brachythecium falcatum (Grout) H.A.Crum,322,282
NY,NY,03216775,106908,extractions institutionnelles,W. R. Buck,43002,Brachythecium falcatum (Grout) H.A.Crum,Brachythecium falcatum (Grout) H.A.Crum,322,282
NY,NY,03216783,106909,extractions institutionnelles,W. R. Buck,43002,Brachythecium falcatum (Grout) H.A.Crum,Brachythecium falcatum (Grout) H.A.Crum,322,282
NY,NY,03091638,106913,extractions institutionnelles,W. R. Buck,43001,Brachythecium glaciale Schimp.,Brachythecium glaciale Schimp.,323,283
NY,NY,03091636,106914,extractions institutionnelles,W. R. Buck,43001,Brachythecium laetum (Brid.) Schimp.,Brachythecium laetum (Brid.) Schimp.,324,284
NY,NY,03216767,106915,extractions institutionnelles,W. R. Buck,43002,Brachythecium laetum (Brid.) Schimp.,Brachythecium laetum (Brid.) Schimp.,324,284
NY,NY,03216781,106916,extractions institutionnelles,W. R. Buck,43002,Brachythecium rotaeanum De Not.,Brachythecium rotaeanum De Not.,331,290
NY,NY,03216762,106917,extractions institutionnelles,W. R. Buck,43002,Brachythecium starkei (Brid.) Schimp.,Brachythecium starkei (Brid.) Schimp.,333,292
NY,NY,03216780,106918,extractions institutionnelles,W. R. Buck,43002,Brachythecium starkei (Brid.) Schimp.,Brachythecium starkei (Brid.) Schimp.,333,292
NY,NY,03091562,106919,extractions institutionnelles,W. R. Buck,42998,Brachythecium velutinum (Hedw.) Schimp.,Brachythecium velutinum (Hedw.) Schimp.,335,294
NY,NY,03091642,106920,extractions institutionnelles,W. R. Buck,43001,Bryum capillare Hedw.,Bryum capillare Hedw.,358,310
NY,NY,03091633,106921,extractions institutionnelles,W. R. Buck,43001,Calliergon giganteum (Schimp.) Kindb.,Calliergon giganteum (Schimp.) Kindb.,394,342
NY,NY,03216774,106922,extractions institutionnelles,W. R. Buck,43002,Calliergon giganteum (Schimp.) Kindb.,Calliergon giganteum (Schimp.) Kindb.,394,342
NY,NY,03216773,106923,extractions institutionnelles,W. R. Buck,43002,Calliergonella lindbergii (Mitt.) Hedenäs,Calliergonella lindbergii (Mitt.) Hedenäs,1660,530
NY,NY,03091617,106924,extractions institutionnelles,W. R. Buck,43001,Campylium protensum (Brid.) Kindb.,Campylium protensum (Brid.) Kindb.,401,346
NY,NY,03091618,106925,extractions institutionnelles,W. R. Buck,43001,Campylium stellatum (Hedw.) Lange & C.E.O.Jensen,Campylium stellatum (Hedw.) C.E.O.Jensen,3472,347
NY,NY,03091640,106926,extractions institutionnelles,W. R. Buck,43001,Campylophyllum halleri (Hedw.) M.Fleisch.,Campylophyllum halleri (Sw. ex Hedw.) M.Fleisch.,403,348
NY,NY,03091568,106927,extractions institutionnelles,W. R. Buck,42998,Cephalozia bicuspidata (L.) Dumort.,Cephalozia bicuspidata (L.) Dumort.,47,42
NY,NY,03216769,106929,extractions institutionnelles,W. R. Buck,43002,Climacium dendroides (Hedw.) F.Weber & D.Mohr,Climacium dendroides (Hedw.) F.Weber & D.Mohr,419,361
NY,NY,03216778,106932,extractions institutionnelles,W. R. Buck,43002,Dicranella schreberiana (Hedw.) Hilf. ex H.A.Crum & L.E.Anderson,Dicranella schreberiana (Hedw.) Hilf. ex H.A.Crum & L.E.Anderson,445,385
NY,NY,03216752,106933,extractions institutionnelles,W. R. Buck,43001,Dicranella varia (Hedw.) Schimp.,Dicranella varia (Hedw.) Schimp.,448,388
NY,NY,03091573,106934,extractions institutionnelles,W. R. Buck,42998,Dicranum acutifolium (Lindb. & Arnell) C.E.O.Jensen,Dicranum acutifolium (Lindb. & Arnell) C.E.O.Jensen,451,391
NY,NY,03091590,106935,extractions institutionnelles,W. R. Buck,43000,Dicranum acutifolium (Lindb. & Arnell) C.E.O.Jensen,Dicranum acutifolium (Lindb. & Arnell) C.E.O.Jensen,451,391
NY,NY,03091591,106936,extractions institutionnelles,W. R. Buck,43000,Dicranum acutifolium (Lindb. & Arnell) C.E.O.Jensen,Dicranum acutifolium (Lindb. & Arnell) C.E.O.Jensen,451,391
NY,NY,03091645,106937,extractions institutionnelles,W. R. Buck,43001,Dicranum bonjeanii De Not.,Dicranum bonjeanii De Not.,452,392
NY,NY,03091566,106938,extractions institutionnelles,W. R. Buck,42998,Dicranum fuscescens Turner,Dicranum fuscescens Turner,462,400
NY,NY,03091579,106939,extractions institutionnelles,W. R. Buck,43000,Dicranum fuscescens Turner,Dicranum fuscescens Turner,462,400
NY,NY,03091580,106940,extractions institutionnelles,W. R. Buck,43000,Dicranum fuscescens Turner,Dicranum fuscescens Turner,462,400
NY,NY,03091556,106942,extractions institutionnelles,W. R. Buck,42998,Dicranum leioneuron Kindb.,Dicranum leioneuron Kindb.,464,402
NY,NY,03091567,106943,extractions institutionnelles,W. R. Buck,42998,Dicranum polysetum Sw.,Dicranum polysetum Sw.,471,408
NY,NY,03091554,106944,extractions institutionnelles,W. R. Buck,42998,Dicranum spadiceum J.E.Zetterst.,Dicranum spadiceum J.E.Zetterst.,473,410
NY,NY,03091560,106945,extractions institutionnelles,W. R. Buck,42998,Dicranum spadiceum J.E.Zetterst.,Dicranum spadiceum J.E.Zetterst.,473,410
NY,NY,03216784,106946,extractions institutionnelles,W. R. Buck,43000,Dicranum spadiceum J.E.Zetterst.,Dicranum spadiceum J.E.Zetterst.,473,410
NY,NY,03216787,106948,extractions institutionnelles,W. R. Buck,43001,Dicranum spadiceum J.E.Zetterst.,Dicranum spadiceum J.E.Zetterst.,473,410
NY,NY,03091569,106949,extractions institutionnelles,W. R. Buck,42998,Dicranum undulatum Schrad. ex Brid.,Dicranum undulatum Schrad. ex Brid.,475,412
NY,NY,03091577,106950,extractions institutionnelles,W. R. Buck,43000,Dicranum undulatum Schrad. ex Brid.,Dicranum undulatum Schrad. ex Brid.,475,412
NY,NY,03091634,106951,extractions institutionnelles,W. R. Buck,43001,Distichium capillaceum (Hedw.) Bruch & Schimp.,Distichium capillaceum (Hedw.) Bruch & Schimp.,488,423
NY,NY,03216758,106952,extractions institutionnelles,W. R. Buck,43002,Ditrichum flexicaule (Schwägr.) Hampe,Ditrichum flexicaule (Schwägr.) Hampe,1979,425
NY,NY,03091646,106953,extractions institutionnelles,W. R. Buck,43001,Ditrichum lineare (Sw.) Lindb.,Ditrichum lineare (Sw.) Lindb.,492,427
NY,NY,03091630,106954,extractions institutionnelles,W. R. Buck,43001,Ditrichum pusillum (Hedw.) Hampe,Ditrichum pusillum (Hedw.) Hampe,494,429
NY,NY,03216755,106955,extractions institutionnelles,W. R. Buck,43001,Gymnocolea inflata (Huds.) Dumort.,Gymnocolea inflata (Huds.) Dumort.,3107,1107
NY,NY,03091575,106956,extractions institutionnelles,W. R. Buck,43000,Hylocomium splendens (Hedw.) Schimp.,Hylocomium splendens (Hedw.) Schimp.,597,519
NY,NY,03091644,106958,extractions institutionnelles,W. R. Buck,43001,Hylocomium splendens (Hedw.) Schimp.,Hylocomium splendens (Hedw.) Schimp.,597,519
NY,NY,03091635,106959,extractions institutionnelles,W. R. Buck,43001,Hypnum bambergeri Schimp.,Hypnum bambergeri Schimp.,601,522
NY,NY,03091563,106960,extractions institutionnelles,W. R. Buck,42998,Hypnum pallescens (Hedw.) P.Beauv.,Hypnum pallescens (Hedw.) P.Beauv.,611,531
NY,NY,03091620,106961,extractions institutionnelles,W. R. Buck,43001,Isopterygiopsis pulchella (Hedw.) Z.Iwats.,Isopterygiopsis pulchella (Hedw.) Z.Iwats.,617,537
NY,NY,03216772,106963,extractions institutionnelles,W. R. Buck,43002,Leptodictyum riparium var. laxirete (Cardot & Thér.) Grout,Leptodictyum riparium var. laxirete (Cardot & Thér.) Grout,5394,544
NY,NY,03216751,106966,extractions institutionnelles,W. R. Buck,43001,Moerckia flotoviana (Nees) Schiffn.,Moerckia flotoviana (Nees) Schiffn.,179,152
NY,NY,03091552,106967,extractions institutionnelles,W. R. Buck,42998,Mylia anomala (Hook.) Gray,Mylia anomala (Hook.) Gray,1139,118
NY,NY,03216768,106970,extractions institutionnelles,W. R. Buck,43002,Oncophorus wahlenbergii Brid.,Oncophorus wahlenbergii Brid.,660,573
NY,NY,03091570,106971,extractions institutionnelles,W. R. Buck,42998,Orthodicranum montanum (Hedw.) Loeske,Orthodicranum montanum (Hedw.) Loeske,1231,405
NY,NY,03216776,106972,extractions institutionnelles,W. R. Buck,43002,Paludella squarrosa (Hedw.) Brid.,Paludella squarrosa (Hedw.) Brid.,680,591
NY,NY,03091650,106973,extractions institutionnelles,W. R. Buck,43001,Philonotis fontana (Hedw.) Brid.,Philonotis fontana (Hedw.) Brid.,3016,1030
NY,NY,03216782,106974,extractions institutionnelles,W. R. Buck,43002,Plagiomnium ellipticum (Brid.) T.J.Kop.,Plagiomnium ellipticum (Brid.) T.J.Kop.,707,610
NY,NY,03091561,106975,extractions institutionnelles,W. R. Buck,42998,Plagiothecium laetum Schimp.,Plagiothecium laetum Schimp.,713,616
NY,NY,03091555,106976,extractions institutionnelles,W. R. Buck,42998,Pleurozium schreberi (Willd. ex Brid.) Mitt.,Pleurozium schreberi (Willd. ex Brid.) Mitt.,724,626
NY,NY,03091593,106977,extractions institutionnelles,W. R. Buck,43000,Pleurozium schreberi (Willd. ex Brid.) Mitt.,Pleurozium schreberi (Willd. ex Brid.) Mitt.,724,626
NY,NY,03091622,106979,extractions institutionnelles,W. R. Buck,43001,Pogonatum urnigerum (Hedw.) P.Beauv.,Pogonatum urnigerum (Hedw.) P.Beauv.,727,629
NY,NY,03091629,106981,extractions institutionnelles,W. R. Buck,43001,Pohlia bulbifera (Warnst.) Warnst.,Pohlia bulbifera (Warnst.) Warnst.,730,632
NY,NY,03091619,106982,extractions institutionnelles,W. R. Buck,43001,Pohlia cruda (Hedw.) Lindb.,Pohlia cruda (Hedw.) Lindb.,731,633
NY,NY,03091592,106983,extractions institutionnelles,W. R. Buck,43000,Pohlia nutans (Hedw.) Lindb.,Pohlia nutans (Hedw.) Lindb.,740,642
NY,NY,03091589,106985,extractions institutionnelles,W. R. Buck,43000,Polytrichum commune Hedw.,Polytrichum commune Hedw.,2139,1059
NY,NY,03091623,106986,extractions institutionnelles,W. R. Buck,43001,Polytrichum commune Hedw.,Polytrichum commune Hedw.,2139,1059
NY,NY,03091553,106987,extractions institutionnelles,W. R. Buck,42998,Polytrichum hyperboreum R.Br.,Polytrichum hyperboreum R.Br.,757,657
NY,NY,03091588,106988,extractions institutionnelles,W. R. Buck,43000,Polytrichum juniperinum Hedw.,Polytrichum juniperinum Hedw.,760,659
NY,NY,03091627,106989,extractions institutionnelles,W. R. Buck,43001,Polytrichum juniperinum Hedw.,Polytrichum juniperinum Hedw.,760,659
NY,NY,03091581,106990,extractions institutionnelles,W. R. Buck,43000,Polytrichum longisetum Sw. ex Brid.,Polytrichum longisetum Sw. ex Brid.,1296,651
NY,NY,03091647,106991,extractions institutionnelles,W. R. Buck,43001,Polytrichum piliferum Hedw.,Polytrichum piliferum Hedw.,761,660
NY,NY,03091594,106992,extractions institutionnelles,W. R. Buck,43000,Ptilidium ciliare (L.) Hampe,Ptilidium ciliare (L.) Hampe,204,175
NY,NY,03091559,106993,extractions institutionnelles,W. R. Buck,42998,Ptilidium pulcherrimum (Weber) Hampe,Ptilidium pulcherrimum (Weber) Hampe,3447,176
NY,NY,03091558,106994,extractions institutionnelles,W. R. Buck,42998,Ptilium crista-castrensis (Hedw.) De Not.,Ptilium crista-castrensis (Hedw.) De Not.,790,681
NY,NY,03091641,106995,extractions institutionnelles,W. R. Buck,43001,Ptilium crista-castrensis (Hedw.) De Not.,Ptilium crista-castrensis (Hedw.) De Not.,790,681
NY,NY,03216760,106996,extractions institutionnelles,W. R. Buck,43002,Ptilium crista-castrensis (Hedw.) De Not.,Ptilium crista-castrensis (Hedw.) De Not.,790,681
NY,NY,03091628,106997,extractions institutionnelles,W. R. Buck,43001,Racomitrium canescens (Hedw.) Brid.,Racomitrium canescens (Hedw.) Brid.,3112,1112
NY,NY,03091571,106998,extractions institutionnelles,W. R. Buck,42998,Racomitrium microcarpon (Hedw.) Brid.,Racomitrium microcarpum (Hedw.) Brid.,2170,693
NY,NY,03091583,106999,extractions institutionnelles,W. R. Buck,43000,Racomitrium microcarpon (Hedw.) Brid.,Racomitrium microcarpum (Hedw.) Brid.,2170,693
NY,NY,03091586,107000,extractions institutionnelles,W. R. Buck,43000,Racomitrium microcarpon (Hedw.) Brid.,Racomitrium microcarpum (Hedw.) Brid.,2170,693
NY,NY,03091574,107001,extractions institutionnelles,W. R. Buck,43000,Rhizomnium gracile T.J.Kop.,Rhizomnium gracile T.J.Kop.,825,701
NY,NY,03216779,107002,extractions institutionnelles,W. R. Buck,43002,Rhizomnium gracile T.J.Kop.,Rhizomnium gracile T.J.Kop.,825,701
NY,NY,03091557,107003,extractions institutionnelles,W. R. Buck,42998,Rhynchostegium serrulatum (Hedw.) A.Jaeger,Rhynchostegium serrulatum (Hedw.) A.Jaeger,831,707
NY,NY,03091564,107004,extractions institutionnelles,W. R. Buck,42998,Sanionia uncinata (Hedw.) Loeske,Sanionia uncinata (Hedw.) Loeske,840,714
NY,NY,03091572,107005,extractions institutionnelles,W. R. Buck,42998,Sanionia uncinata (Hedw.) Loeske,Sanionia uncinata (Hedw.) Loeske,840,714
NY,NY,03216764,107007,extractions institutionnelles,W. R. Buck,43002,Sarmentypnum tundrae (Arnell) Hedenäs,Sarmentypnum tundrae (Arnell) Hedenäs,848,717
NY,NY,03091639,107008,extractions institutionnelles,W. R. Buck,43001,Schistidium apocarpum (Hedw.) Bruch & Schimp.,Schistidium apocarpum (Hedw.) Bruch & Schimp.,852,719
NY,NY,03216759,107009,extractions institutionnelles,W. R. Buck,43002,Schistidium papillosum Culm.,Schistidium papillosum Culm.,866,732
NY,NY,03091637,107010,extractions institutionnelles,W. R. Buck,43001,Scorpidium cossonii (Schimp.) Hedenäs,Scorpidium cossonii (Schimp.) Hedenäs,875,741
NY,NY,03091631,107011,extractions institutionnelles,W. R. Buck,43001,Scorpidium revolvens (Sw.) Rubers,Scorpidium revolvens (Sw.) Rubers,878,742
NY,NY,03216770,107012,extractions institutionnelles,W. R. Buck,43002,Scorpidium revolvens (Sw.) Rubers,Scorpidium revolvens (Sw.) Rubers,878,742
NY,NY,03216771,107013,extractions institutionnelles,W. R. Buck,43002,Scorpidium revolvens (Sw.) Rubers,Scorpidium revolvens (Sw.) Rubers,878,742
NY,NY,03091621,107015,extractions institutionnelles,W. R. Buck,43001,Scorpidium scorpioides (Hedw.) Limpr.,Scorpidium scorpioides (Hedw.) Limpr.,880,743
NY,NY,03091626,107016,extractions institutionnelles,W. R. Buck,43001,Scorpidium scorpioides (Hedw.) Limpr.,Scorpidium scorpioides (Hedw.) Limpr.,880,743
NY,NY,03216765,107018,extractions institutionnelles,W. R. Buck,43002,Straminergon stramineum (Dicks. ex Brid.) Hedenäs,Straminergon stramineum (Dicks. ex Brid.) Hedenäs,951,814
NY,NY,03091582,107019,extractions institutionnelles,W. R. Buck,43000,Tetraplodon mnioides (Hedw.) Bruch & Schimp.,Tetraplodon mnioides (Hedw.) Bruch & Schimp.,965,825
NY,NY,03091624,107021,extractions institutionnelles,W. R. Buck,43001,Tetraplodon mnioides (Hedw.) Bruch & Schimp.,Tetraplodon mnioides (Hedw.) Bruch & Schimp.,965,825
NY,NY,03216756,107022,extractions institutionnelles,W. R. Buck,43002,Tetraplodon mnioides (Hedw.) Bruch & Schimp.,Tetraplodon mnioides (Hedw.) Bruch & Schimp.,965,825
NY,NY,03091625,107024,extractions institutionnelles,W. R. Buck,43001,Tomentypnum nitens (Hedw.) Loeske,Tomentypnum nitens (Hedw.) Loeske,987,844
NY,NY,03216766,107025,extractions institutionnelles,W. R. Buck,43002,Tomentypnum nitens (Hedw.) Loeske,Tomentypnum nitens (Hedw.) Loeske,987,844
NY,NY,03091632,107026,extractions institutionnelles,W. R. Buck,43001,Tortella tortuosa (Schrad. ex Hedw.) Limpr.,Tortella tortuosa (Hedw.) Limpr.,2226,849
NY,NY,03091576,107027,extractions institutionnelles,W. R. Buck,43000,Warnstorfia exannulata (Schimp.) Loeske,Warnstorfia exannulata (Schimp.) Loeske,1818,715
NY,NY,03216754,107030,extractions institutionnelles,W. R. Buck,43001,Warnstorfia sarmentosa (Wahlenb.) Hedenäs,Warnstorfia sarmentosa (Wahlenb.) Hedenäs,1822,716
TRH,B,724878/1,107780,extractions institutionnelles,"Bergfrid Flatberg, Kjell Ivar Flatberg",39284,Sphagnum medium Limpr.,Sphagnum medium,2060,905
TRH,B,724879/1,107782,extractions institutionnelles,"Bergfrid Flatberg, Kjell Ivar Flatberg",39291,Sphagnum divinum Flatberg & K.Hassel,Sphagnum divinum,2056,904
TRH,B,96655/1,107788,extractions institutionnelles,Rèmy Pouliot,2014,Sphagnum divinum Flatberg & K.Hassel,Sphagnum divinum,2056,904
TRH,B,96657/1,107789,extractions institutionnelles,Rèmy Pouliot,2014,Sphagnum divinum Flatberg & K.Hassel,Sphagnum divinum,2056,904
TRH,B,96654/1,107792,extractions institutionnelles,Rèmy Pouliot,2014,Sphagnum divinum Flatberg & K.Hassel,Sphagnum divinum,2056,904
TRH,B,96656/1,107793,extractions institutionnelles,Rèmy Pouliot,2014,Sphagnum divinum Flatberg & K.Hassel,Sphagnum divinum,2056,904
TRH,B,96659/1,107794,extractions institutionnelles,Rèmy Pouliot,2014,Sphagnum divinum Flatberg & K.Hassel,Sphagnum divinum,2056,904
TRH,B,96653/1,107803,extractions institutionnelles,Rèmy Pouliot,2014,Sphagnum divinum Flatberg & K.Hassel,Sphagnum divinum,2056,904
TRH,B,96658/1,107804,extractions institutionnelles,Rèmy Pouliot,2014,Sphagnum divinum Flatberg & K.Hassel,Sphagnum divinum,2056,904
TRH,B,96662/1,107805,extractions institutionnelles,Rèmy Pouliot,2014,Sphagnum divinum Flatberg & K.Hassel,Sphagnum divinum,2056,904
TRH,B,14922/1,107806,extractions institutionnelles,Danielle Cobbaert,37103,Sphagnum divinum Flatberg & K.Hassel,Sphagnum divinum,2056,904
TRH,B,96661/1,107807,extractions institutionnelles,Rèmy Pouliot,2014,Sphagnum divinum Flatberg & K.Hassel,Sphagnum divinum,2056,904
TRH,B,724880/1,107811,extractions institutionnelles,"Bergfrid Flatberg, Kjell Ivar Flatberg",39291,Sphagnum divinum Flatberg & K.Hassel,Sphagnum divinum,2056,904
CMN,CANM,CANM 336411,200231,extractions institutionnelles,"Ley, Linda M.",41460,Pellia megaspora R.M.Schust.,Pellia megaspora,191,164
CMN,CANM,CANM 331839,200249,extractions institutionnelles,"Robillard, Cassandra;Lehmberg, Emma;Doubt, Jennifer",41058,Leptodictyum riparium (Hedw.) Warnst.,Leptodictyum riparium,626,544
CMN,CANM,CANM 336571,200276,extractions institutionnelles,"Ley, Linda M.",41892,Ditrichum lineare (Sw.) Lindb.,Ditrichum lineare,492,427
CMN,CANM,CANM 332124,200285,extractions institutionnelles,"Bouchard, D.;Tremblay, Julie",2012,Aulacomnium turgidum (Wahlenb.) Schwägr.,Aulacomnium turgidum,310,270
CMN,CANM,CANM 336326,200289,extractions institutionnelles,"Ley, Linda M.",41148,Tritomaria exsectiformis (Breidl.) Schiffn. ex Loeske,Tritomaria exsectiformis,263,228
CMN,CANM,CANM 336350,200330,extractions institutionnelles,"Ley, Linda M.",41457,Pellia neesiana (Gottsche) Limpr.,Pellia neesiana,192,165
CMN,CANM,CANM 336608,200344,extractions institutionnelles,"Ley, Linda M.",41894,Lophozia incisa (Schrad.) Dumort.,Lophozia incisa,1180,222
CMN,CANM,CANM 336078,200358,extractions institutionnelles,"Ley, Linda M.",38934,Fissidens bryoides Hedw.,Fissidens bryoides,521,452
CMN,CANM,CANM 336395,200364,extractions institutionnelles,"Ley, Linda M.",41459,Lophozia ventricosa (Dicks.) Dumort.,Lophozia ventricosa,2050,1014
CMN,CANM,CANM 332125,200368,extractions institutionnelles,"Robitaille, Hugo;Dion, Marie-Ève",2012,Paludella squarrosa (Hedw.) Brid.,Paludella squarrosa,680,591
CMN,CANM,CANM 336605,200374,extractions institutionnelles,"Ley, Linda M.",41894,Cephalozia bicuspidata (L.) Dumort.,Cephalozia bicuspidata,47,42
CMN,CANM,CANM 336597,200479,extractions institutionnelles,"Ley, Linda M.",41893,Tritomaria exsecta (Schmidel) Schiffn. ex Loeske,Tritomaria exsecta,262,227
CMN,CANM,CANM 336399,200511,extractions institutionnelles,"Ley, Linda M.",41459,Gymnocolea inflata (Huds.) Dumort.,Gymnocolea inflata,3107,1107
CMN,CANM,CANM 336576,200542,extractions institutionnelles,"Ley, Linda M.",41892,Pellia megaspora R.M.Schust.,Pellia megaspora,191,164
CMN,CANM,CANM 336355,200569,extractions institutionnelles,"Ley, Linda M.",41457,Blasia pusilla L.,Blasia pusilla,37,32
CMN,CANM,CANM 331840,200575,extractions institutionnelles,"Robillard, Cassandra;Lehmberg, Emma;Doubt, Jennifer",41058,Sphagnum angustifolium (Russow) C.E.O.Jensen,Sphagnum angustifolium,891,754
CMN,CANM,CANM 336590,200611,extractions institutionnelles,"Ley, Linda M.",41892,Barbilophozia attenuata (Mart.) Loeske,Barbilophozia attenuata,26,21
CMN,CANM,CANM 331872,200613,extractions institutionnelles,"Robillard, Cassandra;Lehmberg, Emma;Doubt, Jennifer",41060,Plagiothecium cavifolium (Brid.) Z.Iwats.,Plagiothecium cavifolium,711,614
CMN,CANM,CANM 336374,200624,extractions institutionnelles,"Ley, Linda M.",41458,Blepharostoma trichophyllum (L.) Dumort.,Blepharostoma trichophyllum,3101,1101
CMN,CANM,CANM 336580,200636,extractions institutionnelles,"Ley, Linda M.",41892,Sanionia uncinata (Hedw.) Loeske,Sanionia uncinata,840,714
CMN,CANM,CANM 331829,200639,extractions institutionnelles,"Robillard, Cassandra;Lehmberg, Emma;Doubt, Jennifer",41058,Plagiothecium laetum Schimp.,Plagiothecium laetum,713,616
CMN,CANM,CANM 336353,200671,extractions institutionnelles,"Ley, Linda M.",41457,"Bryum pseudotriquetrum (Hedw.) G.Gaertn., B.Mey. & Scherb.",Bryum pseudotriquetrum,379,328
CMN,CANM,CANM 336570,200750,extractions institutionnelles,"Ley, Linda M.",41892,Jungermannia gracillima Sm.,Jungermannia gracillima,118,103
CMN,CANM,CANM 336384,200806,extractions institutionnelles,"Ley, Linda M.",41458,Hylocomiastrum umbratum (Hedw.) M.Fleisch. ex Broth.,Hylocomiastrum umbratum,595,518
CMN,CANM,CANM 336379,200815,extractions institutionnelles,"Ley, Linda M.",41458,Hylocomiastrum umbratum (Hedw.) M.Fleisch. ex Broth.,Hylocomiastrum umbratum,595,518
CMN,CANM,CANM 336603,200845,extractions institutionnelles,"Ley, Linda M.",41906,Anastrophyllum hellerianum (Nees ex Lindenb.) R.M.Schust.,Anastrophyllum hellerianum,11,7
CMN,CANM,CANM 331895,200857,extractions institutionnelles,"Robillard, Cassandra;Doubt, Jennifer",41060,Bryum creberrimum Taylor,Bryum creberrimum,359,311
CMN,CANM,CANM 335937,200901,extractions institutionnelles,"Ley, Linda M.",38499,Rhizomnium pseudopunctatum (Bruch & Schimp.) T.J.Kop.,Rhizomnium pseudopunctatum,827,703
CMN,CANM,CANM 331869,200930,extractions institutionnelles,"Robillard, Cassandra;Lehmberg, Emma;Doubt, Jennifer",41060,Jamesoniella autumnalis (DC.) Steph.,Jamesoniella autumnalis,112,97
CMN,CANM,CANM 331897,200994,extractions institutionnelles,"Robillard, Cassandra;Lehmberg, Emma;Wooding-Baker, Katie",41063,Leskea gracilescens Hedw.,Leskea gracilescens,628,546
CMN,CANM,CANM 336473,201013,extractions institutionnelles,"Ley, Linda M.",41753,Chiloscyphus minor (Nees) J.J.Engel & R.M.Schust.,Chiloscyphus minor,66,60
CMN,CANM,CANM 336394,201060,extractions institutionnelles,"Ley, Linda M.",41459,Sphagnum capillifolium (Ehrh.) Hedw.,Sphagnum capillifolium,897,760
CMN,CANM,CANM 336584,201091,extractions institutionnelles,"Ley, Linda M.",41892,Racomitrium sudeticum (Funck) Bruch & Schimp.,Racomitrium sudeticum,816,695
CMN,CANM,CANM 336598,201117,extractions institutionnelles,"Ley, Linda M.",41893,Myurella sibirica (Müll.Hal.) Reimers,Myurella sibirica,654,567
CMN,CANM,CANM 336392,201132,extractions institutionnelles,"Ley, Linda M.",41458,Sphagnum girgensohnii Russow,Sphagnum girgensohnii,908,771
CMN,CANM,CANM 336583,201246,extractions institutionnelles,"Ley, Linda M.",41892,Marchantia polymorpha subsp. montivagans Bischl. & Boissel.-Dub.,Marchantia polymorpha subsp. montivagans,162,137
CMN,CANM,CANM 336404,201270,extractions institutionnelles,"Ley, Linda M.",41460,Eurhynchiastrum pulchellum (Hedw.) Ignatov & Huttunen,Eurhynchiastum pulchellum,518,450
CMN,CANM,CANM 331837,201272,extractions institutionnelles,"Robillard, Cassandra;Lehmberg, Emma;Doubt, Jennifer",41058,Thuidium recognitum (Hedw.) Lindb.,Thuidium recognitum,978,836
CMN,CANM,CANM 336582,201279,extractions institutionnelles,"Ley, Linda M.",41892,Andreaea rupestris Hedw.,Andreaea rupestris,288,250
CMN,CANM,CANM 332122,201307,extractions institutionnelles,"Bouchard, D.;Tremblay, Julie",2012,Anastrophyllum saxicola (Schrad.) R.M.Schust.,Anastrophyllum saxicola,14,10
CMN,CANM,CANM 336604,201336,extractions institutionnelles,"Ley, Linda M.",41894,Leiocolea heterocolpos (Thed. ex Hartm.) H.Buch,Leiocolea heterocolpos,5432,1111
CMN,CANM,CANM 336366,201355,extractions institutionnelles,"Ley, Linda M.",41457,Weissia controversa Hedw.,Weissia controversa,1021,870
CMN,CANM,CANM 331886,201498,extractions institutionnelles,"Robillard, Cassandra;Lehmberg, Emma;Doubt, Jennifer",41060,Porella platyphylla (L.) Pfeiff.,Porella platyphylla,199,171
CMN,CANM,CANM 331874,201506,extractions institutionnelles,"Robillard, Cassandra;Lehmberg, Emma;Doubt, Jennifer",41060,"Pylaisiella selwynii (Kindb.) H.A.Crum, Steere & L.E.Anderson",Pylaisiella selwynii,1799,684
CMN,CANM,CANM 331851,201565,extractions institutionnelles,"Robillard, Cassandra;Lehmberg, Emma;Doubt, Jennifer",41058,Pleurozium schreberi (Willd. ex Brid.) Mitt.,Pleurozium schreberi,724,626
CMN,CANM,CANM 335563,201612,extractions institutionnelles,"Spears, Tom",41932,Atrichum altecristatum (Renauld & Cardot) Smyth & L.C.R.Smyth,Atrichum altecristatum,3457,263
CMN,CANM,CANM 331853,201617,extractions institutionnelles,"Robillard, Cassandra;Lehmberg, Emma;Doubt, Jennifer",41058,Sphagnum fimbriatum Wilson,Sphagnum fimbriatum,904,767
CMN,CANM,CANM 340591,201644,extractions institutionnelles,"Saarela, Jeffery M.;Sokoloff, Paul C.;Humphreys, S.A.",41484,Polytrichum commune Hedw.,Polytrichum commune,2139,1059
CMN,CANM,CANM 335935,201676,extractions institutionnelles,"Ley, Linda M.",36819,Sphagnum girgensohnii Russow,Sphagnum girgensohnii,908,771
CMN,CANM,CANM 331834,201677,extractions institutionnelles,"Robillard, Cassandra;Lehmberg, Emma;Doubt, Jennifer",41058,Nowellia curvifolia (Dicks.) Mitt.,Nowellia curvifolia,184,157
CMN,CANM,CANM 331865,201694,extractions institutionnelles,"Robillard, Cassandra;Lehmberg, Emma;Doubt, Jennifer",41060,Rhizomnium punctatum (Hedw.) T.J.Kop.,Rhizomnium punctatum,828,704
CMN,CANM,CANM 336574,201698,extractions institutionnelles,"Ley, Linda M.",41892,Lophozia incisa (Schrad.) Dumort.,Lophozia incisa,1180,222
CMN,CANM,CANM 331867,201728,extractions institutionnelles,"Robillard, Cassandra;Lehmberg, Emma;Doubt, Jennifer",41060,Riccardia latifrons (Lindb.) Lindb.,Riccardia latifrons,209,180
CMN,CANM,CANM 336391,201737,extractions institutionnelles,"Ley, Linda M.",41458,Preissia quadrata (Scop.) Nees,Preissia quadrata,5424,1110
CMN,CANM,CANM 336585,201815,extractions institutionnelles,"Ley, Linda M.",41892,Rhytidiadelphus subpinnatus (Lindb.) T.J.Kop.,Rhytidiadelphus subpinnatus,834,709
CMN,CANM,CANM 336388,201859,extractions institutionnelles,"Ley, Linda M.",41458,Scapania undulata (L.) Dumort.,Scapania undulata,249,219
CMN,CANM,CANM 335561,201867,extractions institutionnelles,"Spears, Tom",41910,Mnium spinulosum Bruch & Schimp.,Mnium spinulosum,650,563
CMN,CANM,CANM 331873,201911,extractions institutionnelles,"Robillard, Cassandra;Lehmberg, Emma;Doubt, Jennifer",41060,Chiloscyphus profundus (Nees) J.J.Engel & R.M.Schust.,Chiloscyphus profundus,72,65
CMN,CANM,CANM 336592,201915,extractions institutionnelles,"Ley, Linda M.",41892,Lophozia guttulata (Lindb. & Arnell) A.Evans,Lophozia guttulata,2096,125
CMN,CANM,CANM 335927,201971,extractions institutionnelles,"Ley, Linda M.",36811,Brachythecium reflexum (Starke) Schimp.,Brachythecium reflexum,329,288
CMN,CANM,CANM 332138,201985,extractions institutionnelles,"Bouchard, D.;McLennan, D.;Tremblay, Julie;Dion, Marie-Ève",2012,Sphagnum compactum DC.,Sphagnum compactum,899,762
CMN,CANM,CANM 336467,201991,extractions institutionnelles,"Ley, Linda M.;Doubt, Jennifer",41754,Leskeella nervosa (Brid.) Loeske,Leskeella nervosa,1785,672
CMN,CANM,CANM 331832,202012,extractions institutionnelles,"Robillard, Cassandra;Lehmberg, Emma;Doubt, Jennifer",41058,Eurhynchiastrum pulchellum (Hedw.) Ignatov & Huttunen,Eurhynchiastum pulchellum,518,450
CMN,CANM,CANM 335922,202041,extractions institutionnelles,"Ley, Linda M.",36746,Atrichum altecristatum (Renauld & Cardot) Smyth & L.C.R.Smyth,Atrichum altecristatum,3457,263
CMN,CANM,CANM 335562,202065,extractions institutionnelles,"Spears, Tom",41932,Paraleucobryum longifolium (Ehrh. ex Hedw.) Loeske,Paraleucobryum longifolium,684,593
CMN,CANM,CANM 331849,202110,extractions institutionnelles,"Robillard, Cassandra;Lehmberg, Emma;Doubt, Jennifer",41058,Sphagnum girgensohnii Russow,Sphagnum girgensohnii,908,771
CMN,CANM,CANM 336575,202169,extractions institutionnelles,"Ley, Linda M.",41892,Jungermannia leiantha Grolle,Jungermannia leiantha,120,105
CMN,CANM,CANM 336371,202184,extractions institutionnelles,"Ley, Linda M.",41457,Anastrophyllum minutum (Schreb. ex Cranz) R.M.Schust.,Anastrophyllum minutum,13,9
CMN,CANM,CANM 331843,202192,extractions institutionnelles,"Robillard, Cassandra;Lehmberg, Emma;Doubt, Jennifer",41058,Lepidozia reptans (L.) Dumort.,Lepidozia reptans,141,120
CMN,CANM,CANM 336368,202225,extractions institutionnelles,"Ley, Linda M.",41457,Grimmia sessitana De Not.,Grimmia sessitana,557,484
CMN,CANM,CANM 336591,202264,extractions institutionnelles,"Ley, Linda M.",41892,Lophozia ventricosa (Dicks.) Dumort.,Lophozia ventricosa,2050,1014
CMN,CANM,CANM 335979,202268,extractions institutionnelles,"Ley, Linda M.",39583,Ulota hutchinsiae (Sm.) Hammar,Ulota hutchinsiae,1015,866
CMN,CANM,CANM 336382,202272,extractions institutionnelles,"Ley, Linda M.",41458,Lophozia bicrenata (Schmidel ex Hoffm.) Dumort.,Lophozia bicrenata,143,122
CMN,CANM,CANM 336386,202284,extractions institutionnelles,"Ley, Linda M.",41458,Lophozia ventricosa (Dicks.) Dumort.,Lophozia ventricosa,2050,1014
CMN,CANM,CANM 336389,202302,extractions institutionnelles,"Ley, Linda M.",41458,Sphagnum russowii Warnst.,Sphagnum russowii,930,793
CMN,CANM,CANM 335933,202308,extractions institutionnelles,"Ley, Linda M.",36819,Entodon seductrix (Hedw.) Müll.Hal.,Entodon seductrix,513,445
CMN,CANM,CANM 336602,202319,extractions institutionnelles,"Ley, Linda M.",41893,Weissia controversa Hedw.,Weissia controversa,1021,870
CMN,CANM,CANM 331876,202405,extractions institutionnelles,"Robillard, Cassandra;Lehmberg, Emma;Doubt, Jennifer",41060,Dicranum montanum Hedw.,Dicranum montanum,467,405
CMN,CANM,CANM 336572,202407,extractions institutionnelles,"Ley, Linda M.",41892,Lophozia bicrenata (Schmidel ex Hoffm.) Dumort.,Lophozia bicrenata,143,122
CMN,CANM,CANM 336464,202443,extractions institutionnelles,"Ley, Linda M.;Doubt, Jennifer",41754,Fissidens adianthoides Hedw.,Fissidens adianthoides,520,451
CMN,CANM,CANM 336358,202461,extractions institutionnelles,"Ley, Linda M.",41457,Philonotis fontana (Hedw.) Brid.,Philonotis fontana,3016,1030
CMN,CANM,CANM 331854,202495,extractions institutionnelles,"Robillard, Cassandra;Lehmberg, Emma;Doubt, Jennifer",41058,Elodium elodioides (Renauld & Cardot) Eckel,Elodium elodioides,5320,496
CMN,CANM,CANM 336363,202496,extractions institutionnelles,"Ley, Linda M.",41457,Lophozia ventricosa (Dicks.) Dumort.,Lophozia ventricosa,2050,1014
CMN,CANM,CANM 335564,202499,extractions institutionnelles,"Spears, Tom",41932,Brachythecium laetum (Brid.) Schimp.,Brachythecium laetum,324,284
CMN,CANM,CANM 332128,202520,extractions institutionnelles,"Bouchard, D.;Tremblay, Julie",2012,Sanionia uncinata (Hedw.) Loeske,Sanionia uncinata,840,714
CMN,CANM,CANM 336397,202522,extractions institutionnelles,"Ley, Linda M.",41459,Sphagnum squarrosum Crome,Sphagnum squarrosum,931,794
CMN,CANM,CANM 335978,202552,extractions institutionnelles,"Ley, Linda M.",39583,Hygrohypnum eugyrium (Schimp.) Loeske,Hygrohypnum eugyrium,586,510
CMN,CANM,CANM 336370,202610,extractions institutionnelles,"Ley, Linda M.",41457,Calliergon giganteum (Schimp.) Kindb.,Calliergon giganteum,394,342
CMN,CANM,CANM 336567,202617,extractions institutionnelles,"Ley, Linda M.",41891,Racomitrium canescens (Hedw.) Brid.,Racomitrium canescens,3112,1112
CMN,CANM,CANM 332136,202640,extractions institutionnelles,"Bouchard, D.;McKillop, Robin",2012,Bazzania trilobata (L.) Gray,Bazzania trilobata,36,31
CMN,CANM,CANM 331875,202646,extractions institutionnelles,"Robillard, Cassandra;Lehmberg, Emma;Doubt, Jennifer",41060,Calypogeia integristipula Steph.,Calypogeia integristipula,41,36
CMN,CANM,CANM 332139,202660,extractions institutionnelles,"Bouchard, D.;Tremblay, Julie",2012,Loeskypnum badium (Hartm.) H.K.G.Paul,Loeskypnum badium,636,552
CMN,CANM,CANM 335915,202705,extractions institutionnelles,"Ley, Linda M.",36705,Leskea polycarpa Hedw.,Leskea polycarpa,630,548
CMN,CANM,CANM 335976,202733,extractions institutionnelles,"Ley, Linda M.",39583,Cephaloziella hampeana (Nees) Schiffn.,Cephaloziella hampeana,58,53
CMN,CANM,CANM 336410,202736,extractions institutionnelles,"Ley, Linda M.",41460,Blepharostoma trichophyllum (L.) Dumort.,Blepharostoma trichophyllum,3101,1101
CMN,CANM,CANM 331901,202752,extractions institutionnelles,"Robillard, Cassandra;Lehmberg, Emma;Wooding-Baker, Katie",41063,Calliergon cordifolium (Hedw.) Kindb.,Calliergon cordifolium,393,341
CMN,CANM,CANM 332141,202762,extractions institutionnelles,"Robitaille, Hugo;Dion, Marie-Ève",2012,Rhizomnium appalachianum T.J.Kop.,Rhizomnium appalachianum,824,700
CMN,CANM,CANM 332123,202772,extractions institutionnelles,"Bouchard, D.;Tremblay, Julie",2012,Tetralophozia setiformis (Ehrh.) Schljakov,Tetralophozia setiformis,260,225
CMN,CANM,CANM 332135,202814,extractions institutionnelles,équipe Taconite,2012,Conostomum tetragonum (Hedw.) Lindb.,Conostomum tetragonum,421,363
CMN,CANM,CANM 331816,202855,extractions institutionnelles,"Robillard, Cassandra;Lehmberg, Emma",41044,Leucobryum glaucum (Hedw.) Ångstr.,Leucobryum glaucum,631,549
CMN,CANM,CANM 333266,202876,extractions institutionnelles,"Couillard, L.;Bérubé, Daniel",40752,Sphagnum perfoliatum L.I.Savicz,Sphagnum perfoliatum,922,785
CMN,CANM,CANM 331833,202971,extractions institutionnelles,"Robillard, Cassandra;Lehmberg, Emma;Doubt, Jennifer",41058,Frullania eboracensis Gottsche,Frullania eboracensis,94,81
CMN,CANM,CANM 331852,202991,extractions institutionnelles,"Robillard, Cassandra;Lehmberg, Emma;Doubt, Jennifer",41058,Fissidens adianthoides Hedw.,Fissidens adianthoides,520,451
CMN,CANM,CANM 336354,203009,extractions institutionnelles,"Ley, Linda M.",41457,Cephaloziella rubella (Nees) Warnst.,Cephaloziella rubella,3102,1102
CMN,CANM,CANM 336365,203032,extractions institutionnelles,"Ley, Linda M.",41457,Cephaloziella divaricata (Sm.) Schiffn.,Cephaloziella divaricata,55,50
CMN,CANM,CANM 336381,203038,extractions institutionnelles,"Ley, Linda M.",41458,Racomitrium canescens (Hedw.) Brid.,Racomitrium canescens,3112,1112
CMN,CANM,CANM 336599,203082,extractions institutionnelles,"Ley, Linda M.",41893,Calypogeia neesiana (C.Massal. & Carestia) Müll.Frib.,Calypogeia neesiana,43,38
CMN,CANM,CANM 336373,203090,extractions institutionnelles,"Ley, Linda M.",41458,Lophozia longidens (Lindb.) Macoun,Lophozia longidens,149,126
CMN,CANM,CANM 336383,203138,extractions institutionnelles,"Ley, Linda M.",41458,Scapania irrigua (Nees) Nees,Scapania irrigua,3114,1114
CMN,CANM,CANM 331828,203184,extractions institutionnelles,"Robillard, Cassandra;Lehmberg, Emma;Doubt, Jennifer",41058,Polytrichum juniperinum Hedw.,Polytrichum juniperinum,760,659
CMN,CANM,CANM 335568,203287,extractions institutionnelles,"Spears, Tom",41932,Brachythecium Schimp.,Brachythecium,4019,NA
CMN,CANM,CANM 335928,203304,extractions institutionnelles,"Ley, Linda M.",36811,Hypnum pratense W.D.J.Koch ex Spruce,Hypnum pratense,1506,295
CMN,CANM,CANM 336593,203355,extractions institutionnelles,"Ley, Linda M.",41893,Calypogeia integristipula Steph.,Calypogeia integristipula,41,36
CMN,CANM,CANM 336362,203386,extractions institutionnelles,"Ley, Linda M.",41457,Schistostega pennata (Hedw.) F.Weber & D.Mohr,Schistostega pennata,873,739
CMN,CANM,CANM 336475,203393,extractions institutionnelles,"Ley, Linda M.;Doubt, Jennifer",41754,Campyliadelphus chrysophyllus (Brid.) Kanda,Campyliadelphus chrysophyllus,399,345
CMN,CANM,CANM 336589,203406,extractions institutionnelles,"Ley, Linda M.",41892,Barbilophozia lycopodioides (Wallr.) Loeske,Barbilophozia lycopodioides,32,27
CMN,CANM,CANM 336359,203413,extractions institutionnelles,"Ley, Linda M.",41457,Scapania undulata (L.) Dumort.,Scapania undulata,249,219
CMN,CANM,CANM 335914,203496,extractions institutionnelles,"Ley, Linda M.",36705,Orthotrichum stellatum Brid.,Orthotrichum stellatum,676,588
CMN,CANM,CANM 335565,203535,extractions institutionnelles,"Spears, Tom",41932,Thuidium delicatulum (Hedw.) Schimp.,Thuidium delicatulum,977,835
CMN,CANM,CANM 336369,203552,extractions institutionnelles,"Ley, Linda M.",41457,Dicranum acutifolium (Lindb. & H.Arn.) Weim.,Dicranum acutifolium,3477,391
CMN,CANM,CANM 335934,203564,extractions institutionnelles,"Ley, Linda M.",36819,Pylaisiadelpha tenuirostris (Bruch & Schimp. ex Sull.) W.R.Buck,Pylaisiadelpha tenuirostris,5609,NA
CMN,CANM,CANM 336568,203574,extractions institutionnelles,"Ley, Linda M.",41891,Brachythecium rivulare Schimp.,Brachythecium rivulare,330,289
CMN,CANM,CANM 332134,203611,extractions institutionnelles,"Bouchard, D.;Tremblay, Julie;Dion, Marie-Ève;McLennan, D.",2012,Racomitrium microcarpon (Hedw.) Brid.,Racomitrium microcarpum,2170,693
CMN,CANM,CANM 335566,203612,extractions institutionnelles,"Spears, Tom",41932,"Pylaisiella selwynii (Kindb.) H.A.Crum, Steere & L.E.Anderson",Pylaisiella selwynii,1799,684
CMN,CANM,CANM 336581,203622,extractions institutionnelles,"Ley, Linda M.",41892,Barbilophozia lycopodioides (Wallr.) Loeske,Barbilophozia lycopodioides,32,27
CMN,CANM,CANM 336607,203669,extractions institutionnelles,"Ley, Linda M.",41894,Riccardia multifida (L.) Gray,Riccardia multifida,210,181
CMN,CANM,CANM 336376,203671,extractions institutionnelles,"Ley, Linda M.",41458,Jungermannia leiantha Grolle,Jungermannia leiantha,120,105
CMN,CANM,CANM 332142,203714,extractions institutionnelles,"Bouchard, D.;McKillop, Robin",2012,Sphagnum platyphyllum (Lindb. ex Braithw.) Sull. ex Warnst.,Sphagnum platyphyllum,923,786
CMN,CANM,CANM 332132,203723,extractions institutionnelles,"Bouchard, D.;Tremblay, Julie",2012,Andreaea rupestris Hedw.,Andreaea rupestris,288,250
CMN,CANM,CANM 336406,203729,extractions institutionnelles,"Ley, Linda M.",41460,Homalia trichomanoides (Hedw.) Schimp.,Homalia trichomanoides,578,502
CMN,CANM,CANM 336588,203751,extractions institutionnelles,"Ley, Linda M.",41892,Lophozia ventricosa var. silvicola (H.Buch) E.W.Jones,Lophozia ventricosa var. silvicola,1146,130
CMN,CANM,CANM 331903,203756,extractions institutionnelles,"Robillard, Cassandra;Lehmberg, Emma;Wooding-Baker, Katie",41063,Dicranella heteromalla (Hedw.) Schimp.,Dicranella heteromalla,442,382
CMN,CANM,CANM 331898,203760,extractions institutionnelles,"Robillard, Cassandra;Lehmberg, Emma;Wooding-Baker, Katie",41063,Bryhnia novae-angliae (Sull. & Lesq.) Grout,Bryhnia novae-angliae,341,299
CMN,CANM,CANM 336361,203787,extractions institutionnelles,"Ley, Linda M.",41457,Jungermannia gracillima Sm.,Jungermannia gracillima,118,103
CMN,CANM,CANM 336409,203802,extractions institutionnelles,"Ley, Linda M.",41460,Saelania glaucescens (Hedw.) Broth.,Saelania glaucescens,837,712
CMN,CANM,CANM 331841,203807,extractions institutionnelles,"Robillard, Cassandra;Lehmberg, Emma;Doubt, Jennifer",41058,Sphagnum centrale C.E.O.Jensen,Sphagnum centrale,898,761
CMN,CANM,CANM 331859,203817,extractions institutionnelles,"Robillard, Cassandra;Lehmberg, Emma;Doubt, Jennifer",41058,Dicranum flagellare Hedw.,Dicranum flagellare,456,396
CMN,CANM,CANM 336469,203847,extractions institutionnelles,"Ley, Linda M.;Doubt, Jennifer",41754,Thuidium recognitum (Hedw.) Lindb.,Thuidium recognitum,978,836
CMN,CANM,CANM 335929,203848,extractions institutionnelles,"Ley, Linda M.",36811,Orthotrichum obtusifolium Brid.,Orthotrichum obtusifolium,669,581
CMN,CANM,CANM 331894,203884,extractions institutionnelles,"Robillard, Cassandra;Doubt, Jennifer",41060,Polytrichum piliferum Hedw.,Polytrichum piliferum,761,660
CMN,CANM,CANM 331855,203895,extractions institutionnelles,"Robillard, Cassandra;Lehmberg, Emma;Doubt, Jennifer",41058,Dicranum scoparium Hedw.,Dicranum scoparium,472,409
CMN,CANM,CANM 336372,203906,extractions institutionnelles,"Ley, Linda M.",41458,Dicranum montanum Hedw.,Dicranum montanum,467,405
CMN,CANM,CANM 335908,203908,extractions institutionnelles,"Ley, Linda M.",36649,Dicranella varia (Hedw.) Schimp.,Dicranella varia,448,388
CMN,CANM,CANM 331864,203909,extractions institutionnelles,"Robillard, Cassandra;Lehmberg, Emma;Doubt, Jennifer",41060,Atrichum crispulum Schimp. ex Besch.,Atrichum crispulum,305,265
CMN,CANM,CANM 331877,203920,extractions institutionnelles,"Robillard, Cassandra;Lehmberg, Emma;Doubt, Jennifer",41060,Tortella tortuosa (Schrad. ex Hedw.) Limpr.,Tortella tortuosa,2226,849
CMN,CANM,CANM 336606,203926,extractions institutionnelles,"Ley, Linda M.",41894,Scapania undulata (L.) Dumort.,Scapania undulata,249,219
CMN,CANM,CANM 331899,203930,extractions institutionnelles,"Robillard, Cassandra;Lehmberg, Emma;Wooding-Baker, Katie",41063,Thuidium recognitum (Hedw.) Lindb.,Thuidium recognitum,978,836
CMN,CANM,CANM 336579,203994,extractions institutionnelles,"Ley, Linda M.",41892,Lophozia ventricosa (Dicks.) Dumort.,Lophozia ventricosa,2050,1014
CMN,CANM,CANM 336390,204057,extractions institutionnelles,"Ley, Linda M.",41458,Pellia neesiana (Gottsche) Limpr.,Pellia neesiana,192,165
CMN,CANM,CANM 336357,204089,extractions institutionnelles,"Ley, Linda M.",41457,Limprichtia revolvens (Sw.) Loeske,Limprichtia revolvens,1831,742
CMN,CANM,CANM 336405,204126,extractions institutionnelles,"Ley, Linda M.",41460,Cololejeunea biddlecomiae (Austin ex Pearson) A.Evans,Cololejeunea biddlecomiae,78,69
CMN,CANM,CANM 336466,204237,extractions institutionnelles,"Ley, Linda M.;Doubt, Jennifer",41754,Brachythecium laetum (Brid.) Schimp.,Brachythecium laetum,324,284
CMN,CANM,CANM 331893,204255,extractions institutionnelles,"Robillard, Cassandra;Doubt, Jennifer",41060,Ceratodon purpureus (Hedw.) Brid.,Ceratodon purpureus,413,355
CMN,CANM,CANM 332127,204281,extractions institutionnelles,"Robitaille, Hugo;Dion, Marie-Ève",2012,Campylium stellatum (Hedw.) Lange & C.E.O.Jensen,Campylium stellatum,3472,347
CMN,CANM,CANM 331881,204404,extractions institutionnelles,"Robillard, Cassandra;Lehmberg, Emma;Doubt, Jennifer",41060,Brachythecium rutabulum (Hedw.) Schimp.,Brachythecium rutabulum,332,291
CMN,CANM,CANM 336351,204408,extractions institutionnelles,"Ley, Linda M.",41457,Pogonatum dentatum (Menzies ex Brid.) Brid.,Pogonatum dentatum,725,627
CMN,CANM,CANM 336412,204410,extractions institutionnelles,"Ley, Linda M.",41460,Pterigynandrum filiforme Hedw.,Pterigynandrum filiforme,788,679
CMN,CANM,CANM 336472,204418,extractions institutionnelles,"Ley, Linda M.;Doubt, Jennifer",41754,Brachythecium populeum (Hedw.) Schimp.,Brachythecium populeum,328,287
CMN,CANM,CANM 331883,204425,extractions institutionnelles,"Robillard, Cassandra;Lehmberg, Emma;Doubt, Jennifer",41060,Bryhnia novae-angliae (Sull. & Lesq.) Grout,Bryhnia novae-angliae,341,299
CMN,CANM,CANM 336380,204440,extractions institutionnelles,"Ley, Linda M.",41458,Cephaloziella rubella (Nees) Warnst.,Cephaloziella rubella,3102,1102
CMN,CANM,CANM 336352,204463,extractions institutionnelles,"Ley, Linda M.",41457,Bryum Hedw.,Bryum,4024,NA
CMN,CANM,CANM 331892,204464,extractions institutionnelles,"Robillard, Cassandra;Doubt, Jennifer",41060,Dicranum polysetum Sw.,Dicranum polysetum,471,408
CMN,CANM,CANM 332137,204469,extractions institutionnelles,"Bouchard, D.;Tremblay, Julie",2012,Campylium stellatum (Hedw.) Lange & C.E.O.Jensen,Campylium stellatum,3472,347
CMN,CANM,CANM 335924,204488,extractions institutionnelles,"Ley, Linda M.",36766,Platydictya subtilis (Hedw.) H.A.Crum,Platydictya subtilis,719,622
CMN,CANM,CANM 331846,204491,extractions institutionnelles,"Robillard, Cassandra;Lehmberg, Emma;Doubt, Jennifer",41058,Plagiothecium cavifolium (Brid.) Z.Iwats.,Plagiothecium cavifolium,711,614
CMN,CANM,CANM 336408,204495,extractions institutionnelles,"Ley, Linda M.",41460,Lejeunea cavifolia (Ehrh.) Lindb.,Lejeunea cavifolia,140,119
CMN,CANM,CANM 331862,204516,extractions institutionnelles,"Robillard, Cassandra;Lehmberg, Emma;Doubt, Jennifer",41058,Haplocladium microphyllum (Sw. ex Hedw.) Broth.,Haplocladium microphyllum,3488,492
CMN,CANM,CANM 331887,204553,extractions institutionnelles,"Robillard, Cassandra;Lehmberg, Emma;Doubt, Jennifer",41060,Sanionia uncinata (Hedw.) Loeske,Sanionia uncinata,840,714
CMN,CANM,CANM 10000182,204621,extractions institutionnelles,"Ley, Linda M.;Doubt, Jennifer;Freebury, Colin E.",41753,Fissidens taxifolius Hedw.,Fissidens taxifolius,531,461
CMN,CANM,CANM 331861,204625,extractions institutionnelles,"Robillard, Cassandra;Lehmberg, Emma;Doubt, Jennifer",41058,Schistidium rivulare (Brid.) Podp.,Schistidium rivulare,868,734
CMN,CANM,CANM 336079,204653,extractions institutionnelles,"Ley, Linda M.",38934,Brachythecium plumosum (Hedw.) Schimp.,Brachythecium plumosum,327,286
CMN,CANM,CANM 331850,204681,extractions institutionnelles,"Robillard, Cassandra;Lehmberg, Emma;Doubt, Jennifer",41058,Sphagnum squarrosum Crome,Sphagnum squarrosum,931,794
CMN,CANM,CANM 331860,204698,extractions institutionnelles,"Robillard, Cassandra;Lehmberg, Emma;Doubt, Jennifer",41058,Brachythecium rivulare Schimp.,Brachythecium rivulare,330,289
CMN,CANM,CANM 336402,204712,extractions institutionnelles,"Ley, Linda M.",41459,Dicranoweisia crispula (Hedw.) Milde,Dicranoweisia crispula,450,390
CMN,CANM,CANM 335975,204722,extractions institutionnelles,"Ley, Linda M.",39583,Racomitrium aciculare (Hedw.) Brid.,Racomitrium aciculare,797,685
CMN,CANM,CANM 336387,204723,extractions institutionnelles,"Ley, Linda M.",41458,Hygrohypnum ochraceum (Turner ex Wilson) Loeske,Hygrohypnum ochraceum,589,513
CMN,CANM,CANM 335932,204725,extractions institutionnelles,"Ley, Linda M.",36819,Chiloscyphus profundus (Nees) J.J.Engel & R.M.Schust.,Chiloscyphus profundus,72,65
CMN,CANM,CANM 336578,204727,extractions institutionnelles,"Ley, Linda M.",41892,Scapania irrigua (Nees) Nees,Scapania irrigua,3114,1114
CMN,CANM,CANM 331844,204747,extractions institutionnelles,"Robillard, Cassandra;Lehmberg, Emma;Doubt, Jennifer",41058,Hypnum pratense W.D.J.Koch ex Spruce,Hypnum pratense,1506,295
CMN,CANM,CANM 335931,204822,extractions institutionnelles,"Ley, Linda M.",36811,Polytrichastrum pallidisetum (Funck) G.L.Sm.,Polytrichastrum pallidisetum,753,653
CMN,CANM,CANM 331827,204841,extractions institutionnelles,"Robillard, Cassandra;Lehmberg, Emma;Doubt, Jennifer",41058,Platygyrium repens (Brid.) Schimp.,Platygyrium repens,720,623
CMN,CANM,CANM 331871,204889,extractions institutionnelles,"Robillard, Cassandra;Lehmberg, Emma;Doubt, Jennifer",41060,Callicladium haldanianum (Grev.) H.A.Crum,Callicladium haldanianum,392,340
CMN,CANM,CANM 331885,204924,extractions institutionnelles,"Robillard, Cassandra;Lehmberg, Emma;Doubt, Jennifer",41060,Neckera pennata Hedw.,Neckera pennata,656,569
CMN,CANM,CANM 332126,204948,extractions institutionnelles,"Robitaille, Hugo;Dion, Marie-Ève",2012,Dicranum acutifolium (Lindb. & H.Arn.) Weim.,Dicranum acutifolium,3477,391
CMN,CANM,CANM 336400,205031,extractions institutionnelles,"Ley, Linda M.",41459,Cephalozia bicuspidata (L.) Dumort.,Cephalozia bicuspidata,47,42
CMN,CANM,CANM 333265,205042,extractions institutionnelles,,41523,Riccia sorocarpa Bisch.,Riccia sorocarpa,218,189
CMN,CANM,CANM 332129,205065,extractions institutionnelles,"Robitaille, Hugo;Dion, Marie-Ève",2012,Polytrichum commune Hedw.,Polytrichum commune,2139,1059
CMN,CANM,CANM 331857,205080,extractions institutionnelles,"Robillard, Cassandra;Lehmberg, Emma;Doubt, Jennifer",41058,Hylocomium splendens (Hedw.) Schimp.,Hylocomium splendens,597,519
CMN,CANM,CANM 336596,205121,extractions institutionnelles,"Ley, Linda M.",41893,Diplophyllum taxifolium (Wahlenb.) Dumort.,Diplophyllum taxifolium,84,74
CMN,CANM,CANM 336479,205142,extractions institutionnelles,"Ley, Linda M.;Doubt, Jennifer",41754,Ulota crispa (Hedw.) Brid.,Ulota crispa,1012,863
CMN,CANM,CANM 332131,205175,extractions institutionnelles,"Bouchard, D.;Tremblay, Julie",2012,Tomentypnum nitens (Hedw.) Loeske,Tomentypnum nitens,987,844
CMN,CANM,CANM 335930,205176,extractions institutionnelles,"Ley, Linda M.",36811,Philonotis marchica (Hedw.) Brid.,Philonotis marchica,695,599
CMN,CANM,CANM 336377,205206,extractions institutionnelles,"Ley, Linda M.",41458,Calypogeia integristipula Steph.,Calypogeia integristipula,41,36
CMN,CANM,CANM 336595,205211,extractions institutionnelles,"Ley, Linda M.",41893,Cephalozia pleniceps (Austin) Lindb.,Cephalozia pleniceps,54,49
CMN,CANM,CANM 331900,205236,extractions institutionnelles,"Robillard, Cassandra;Lehmberg, Emma;Wooding-Baker, Katie",41063,Callicladium haldanianum (Grev.) H.A.Crum,Callicladium haldanianum,392,340
CMN,CANM,CANM 336468,205271,extractions institutionnelles,"Ley, Linda M.;Doubt, Jennifer",41753,Plagiomnium ciliare (Müll.Hal.) T.J.Kop.,Plagiomnium ciliare,703,606
CMN,CANM,CANM 336465,205305,extractions institutionnelles,"Ley, Linda M.;Doubt, Jennifer",41754,Schistidium apocarpum (Hedw.) Bruch & Schimp.,Schistidium apocarpum,852,719
CMN,CANM,CANM 336074,205333,extractions institutionnelles,"Ley, Linda M.",38934,Taxiphyllum deplanatum (Bruch & Schimp. ex Sull.) M.Fleisch.,Taxiphyllum deplanatum,957,817
CMN,CANM,CANM 336360,205352,extractions institutionnelles,"Ley, Linda M.",41457,Dicranella heteromalla (Hedw.) Schimp.,Dicranella heteromalla,442,382
CMN,CANM,CANM 336573,205416,extractions institutionnelles,"Ley, Linda M.",41892,Preissia quadrata (Scop.) Nees,Preissia quadrata,5424,1110
CMN,CANM,CANM 335925,205417,extractions institutionnelles,"Ley, Linda M.",36766,Mnium spinulosum Bruch & Schimp.,Mnium spinulosum,650,563
CMN,CANM,CANM 331838,205442,extractions institutionnelles,"Robillard, Cassandra;Lehmberg, Emma;Doubt, Jennifer",41058,Polytrichastrum pallidisetum (Funck) G.L.Sm.,Polytrichastrum pallidisetum,753,653
CMN,CANM,CANM 336396,205465,extractions institutionnelles,"Ley, Linda M.",41459,Dicranum fuscescens Sm.,Dicranum fuscescens,3479,400
CMN,CANM,CANM 336075,205470,extractions institutionnelles,"Ley, Linda M.",38934,Bryhnia graminicolor (Brid.) Grout,Bryhnia graminicolor,340,298
CMN,CANM,CANM 331835,205498,extractions institutionnelles,"Robillard, Cassandra;Lehmberg, Emma;Doubt, Jennifer",41058,Dicranum scoparium Hedw.,Dicranum scoparium,472,409
CMN,CANM,CANM 336076,205509,extractions institutionnelles,"Ley, Linda M.",38934,Hygroamblystegium varium (Hedw.) Mönk.,Hygroamblystegium varium,2010,1003
CMN,CANM,CANM 331889,205518,extractions institutionnelles,"Robillard, Cassandra;Doubt, Jennifer",41060,Cephalozia lunulifolia (Dumort.) Dumort.,Cephalozia lunulifolia,52,47
CMN,CANM,CANM 331826,205555,extractions institutionnelles,"Robillard, Cassandra;Lehmberg, Emma;Doubt, Jennifer",41058,Brachythecium reflexum (Starke) Schimp.,Brachythecium reflexum,329,288
CMN,CANM,CANM 335923,205556,extractions institutionnelles,"Ley, Linda M.",36746,Dicranella varia (Hedw.) Schimp.,Dicranella varia,448,388
CMN,CANM,CANM 335938,205559,extractions institutionnelles,"Ley, Linda M.",38499,Pellia neesiana (Gottsche) Limpr.,Pellia neesiana,192,165
CMN,CANM,CANM 332133,205602,extractions institutionnelles,"Bouchard, D.;Tremblay, Julie",2012,Pogonatum dentatum (Menzies ex Brid.) Brid.,Pogonatum dentatum,725,627
CMN,CANM,CANM 331879,205626,extractions institutionnelles,"Robillard, Cassandra;Lehmberg, Emma;Doubt, Jennifer",41060,Mnium stellare Hedw.,Mnium stellare,651,564
CMN,CANM,CANM 335926,205641,extractions institutionnelles,"Ley, Linda M.",36811,Sphagnum squarrosum Crome,Sphagnum squarrosum,931,794
CMN,CANM,CANM 336586,205661,extractions institutionnelles,"Ley, Linda M.",41892,Hygrohypnum smithii (Sw.) Broth.,Hygrohypnum smithii,591,515
CMN,CANM,CANM 332143,205667,extractions institutionnelles,équipe Taconite,2012,Mylia anomala (Hook.) Gray,Mylia anomala,1139,118
CMN,CANM,CANM 336566,205698,extractions institutionnelles,"Ley, Linda M.",41891,Cynodontium tenellum (Schimp.) Limpr.,Cynodontium tenellum,432,372
CMN,CANM,CANM 336600,205721,extractions institutionnelles,"Ley, Linda M.",41893,Anastrophyllum michauxii (F.Web.) A.Evans,Anastrophyllum michauxii,3422,8
CMN,CANM,CANM 336378,205724,extractions institutionnelles,"Ley, Linda M.",41458,Cephalozia lunulifolia (Dumort.) Dumort.,Cephalozia lunulifolia,52,47
CMN,CANM,CANM 336080,205745,extractions institutionnelles,"Ley, Linda M.",38934,Brachythecium laetum (Brid.) Schimp.,Brachythecium laetum,324,284
CMN,CANM,CANM 336407,205777,extractions institutionnelles,"Ley, Linda M.",41460,Dicranum viride (Sull. & Lesq.) Lindb.,Dicranum viride,476,413
CMN,CANM,CANM 331842,205783,extractions institutionnelles,"Robillard, Cassandra;Lehmberg, Emma;Doubt, Jennifer",41058,Calypogeia integristipula Steph.,Calypogeia integristipula,41,36
NY,NY,01912181,218141,extractions institutionnelles,W. R. Buck,41459,Pseudotaxiphyllum elegans (Brid.) Z.Iwats.,Pseudotaxiphyllum elegans (Brid.) Z.Iwats.,785,676
NY,NY,02696382,218151,extractions institutionnelles,W. R. Buck,42630,Leskea gracilescens Hedw.,Leskea gracilescens Hedw.,628,546
NY,NY,02592012,218160,extractions institutionnelles,D. F. Bastien,41468,Brachythecium turgidum (Hartm.) Kindb.,Brachythecium turgidum (Hartm.) Kindb.,2206,293
NY,NY,02696362,218162,extractions institutionnelles,W. R. Buck,42629,Calliergon cordifolium (Hedw.) Kindb.,Calliergon cordifolium (Hedw.) Kindb.,393,341
NY,NY,02696392,218179,extractions institutionnelles,W. R. Buck,42630,Abietinella abietina (Hedw.) M.Fleisch.,Abietinella abietina (Hedw.) M.Fleisch.,270,235
NY,NY,02589365,218183,extractions institutionnelles,D. F. Bastien,41479,Sphagnum russowii Warnst.,Sphagnum russowii Warnst.,930,793
NY,NY,02709856,218186,extractions institutionnelles,W. R. Buck,42633,Serpoleskea confervoides (Brid.) Loeske,Serpoleskea confervoides (Brid.) Loeske,1943,619
NY,NY,02709763,218191,extractions institutionnelles,W. R. Buck,42630,Brachythecium rivulare Schimp.,Brachythecium rivulare Schimp.,330,289
NY,NY,01912185,218193,extractions institutionnelles,W. R. Buck,41459,Straminergon stramineum (Dicks. ex Brid.) Hedenäs,Straminergon stramineum (Dicks. ex Brid.) Hedenäs,951,814
NY,NY,02589442,218194,extractions institutionnelles,D. F. Bastien,41476,Sphagnum lenense H.Lindb. ex L.I.Savicz,Sphagnum lenense H.Lindb. ex L.I.Savicz,910,773
NY,NY,01912177,218199,extractions institutionnelles,W. R. Buck,41458,Seligeria recurvata (Hedw.) Bruch & Schimp.,Seligeria recurvata (Hedw.) Bruch & Schimp.,887,750
NY,NY,02696399,218201,extractions institutionnelles,W. R. Buck,42630,Bryhnia graminicolor (Brid.) Grout,Bryhnia graminicolor (Brid.) Grout,340,298
NY,NY,1596409,218204,extractions institutionnelles,W. R. Buck,41092,Dicranum fuscescens Turner,Dicranum fuscescens Turner,462,400
NY,NY,02589421,218213,extractions institutionnelles,D. F. Bastien,41480,Grimmia anodon Bruch & Schimp.,Grimmia anodon Bruch & Schimp.,542,470
NY,NY,02589449,218223,extractions institutionnelles,D. F. Bastien,41476,Plagiopus oederianus (Sw.) H.A.Crum & L.E.Anderson,Plagiopus oederianus (Sw.) H.A.Crum & L.E.Anderson,710,613
NY,NY,02592035,218224,extractions institutionnelles,D. F. Bastien,41470,Dicranum muehlenbeckii Bruch & Schimp.,Dicranum muehlenbeckii Bruch & Schimp.,469,406
NY,NY,02591982,218226,extractions institutionnelles,J. Y. Gagnon,38571,Racomitrium microcarpon (Hedw.) Brid.,Racomitrium microcarpum (Hedw.) Brid.,2170,693
NY,NY,1596427,218227,extractions institutionnelles,W. R. Buck,41094,Hylocomiastrum pyrenaicum (Spruce) M.Fleisch.,Hylocomiastrum pyrenaicum (Spruce) M.Fleisch.,3493,517
NY,NY,02709826,218237,extractions institutionnelles,W. R. Buck,42633,Thuidium recognitum (Hedw.) Lindb.,Thuidium recognitum (Hedw.) Lindb.,978,836
NY,NY,02709838,218250,extractions institutionnelles,W. R. Buck,42633,Dicranum spurium Hedw.,Dicranum spurium Hedw.,474,411
NY,NY,02696356,218257,extractions institutionnelles,W. R. Buck,42629,Calliergonella curvifolia (Hedw.) B.H.Allen,Calliergonella curvifolia (Hedw.) B.H.Allen,3204,527
NY,NY,02592021,218259,extractions institutionnelles,D. F. Bastien,41469,Hamatocaulis vernicosus (Mitt.) Hedenäs,Hamatocaulis vernicosus (Mitt.) Hedenäs,565,491
NY,NY,02589451,218263,extractions institutionnelles,D. F. Bastien,41476,Tetraplodon urceolatus (Hedw.) Bruch & Schimp.,Tetraplodon urceolatus (Hedw.) Bruch & Schimp.,967,827
NY,NY,01912143,218267,extractions institutionnelles,W. R. Buck,41457,Anomodon attenuatus (Hedw.) Huebener,Anomodon attenuatus (Hedw.) Hübener,292,252
NY,NY,02591993,218268,extractions institutionnelles,J. Y. Gagnon,38921,Racomitrium heterostichum (Hedw.) Brid.,Racomitrium heterostichum (Hedw.) Brid.,2168,1061
NY,NY,02696378,218273,extractions institutionnelles,W. R. Buck,42630,Anomodon attenuatus (Hedw.) Huebener,Anomodon attenuatus (Hedw.) Hübener,292,252
NY,NY,1596428,218274,extractions institutionnelles,W. R. Buck,41094,Oncophorus wahlenbergii Brid.,Oncophorus wahlenbergii Brid.,660,573
NY,NY,01912124,218276,extractions institutionnelles,W. R. Buck,41457,Fissidens adianthoides Hedw.,Fissidens adianthoides Hedw.,520,451
NY,NY,02709753,218278,extractions institutionnelles,W. R. Buck,42630,Hygrohypnum eugyrium (Schimp.) Loeske,Hygrohypnum eugyrium (Schimp.) Loeske,586,510
NY,NY,02592008,218280,extractions institutionnelles,D. F. Bastien,41468,Hypnum revolutum (Mitt.) Lindb.,Hypnum revolutum (Mitt.) Lindb.,614,534
NY,NY,02709857,218283,extractions institutionnelles,W. R. Buck,42633,Pelekium pygmaeum (Schimp.) Touw,Pelekium pygmaeum (Schimp.) Touw,3504,595
NY,NY,01912167,218288,extractions institutionnelles,W. R. Buck,41457,Dicranella subulata (Hedw.) Schimp.,Dicranella subulata (Hedw.) Schimp.,447,387
NY,NY,02591975,218291,extractions institutionnelles,J. Y. Gagnon,38567,Dicranum groenlandicum Brid.,Dicranum groenlandicum Brid.,463,401
NY,NY,01912152,218296,extractions institutionnelles,W. R. Buck,41457,Dicranum scoparium Hedw.,Dicranum scoparium Hedw.,472,409
NY,NY,02696396,218298,extractions institutionnelles,W. R. Buck,42630,Syntrichia ruralis (Hedw.) F.Weber & D.Mohr,Syntrichia ruralis (Hedw.) F.Weber & D.Mohr,955,816
NY,NY,02696369,218300,extractions institutionnelles,W. R. Buck,42630,Anomodon minor (Hedw.) Lindb.,Anomodon minor (Hedw.) Lindb.,293,253
NY,NY,02589447,218305,extractions institutionnelles,D. F. Bastien,41476,Encalypta rhaptocarpa Schwägr.,Encalypta rhaptocarpa Schwägr.,511,443
NY,NY,01475449,218306,extractions institutionnelles,D. Cobbaert,37084,Sphagnum teres (Schimp.) Ångstr.,Sphagnum teres (Schimp.) Ångstr.,937,800
NY,NY,02589469,218321,extractions institutionnelles,D. F. Bastien,41485,Aloina brevirostris (Hook. & Grev.) Kindb.,Aloina brevirostris (Hook. & Grev.) Kindb.,273,237
NY,NY,02589438,218323,extractions institutionnelles,D. F. Bastien,41476,Scorpidium scorpioides (Hedw.) Limpr.,Scorpidium scorpioides (Hedw.) Limpr.,880,743
NY,NY,02696370,218326,extractions institutionnelles,W. R. Buck,42630,Anomodon attenuatus (Hedw.) Huebener,Anomodon attenuatus (Hedw.) Hübener,292,252
NY,NY,02709854,218332,extractions institutionnelles,W. R. Buck,42633,Hygroamblystegium varium (Hedw.) Mönk.,Hygroamblystegium varium (Hedw.) Mönk.,2010,1003
NY,NY,02589389,218335,extractions institutionnelles,D. F. Bastien,41480,Mielichhoferia elongata (Hoppe & Hornsch. ex Hook.) Hornsch.,Mielichhoferia elongata (Hoppe & Hornsch.) Nees & Hornsch.,3496,558
NY,NY,02709754,218336,extractions institutionnelles,W. R. Buck,42630,Entodon seductrix (Hedw.) Müll.Hal.,Entodon seductrix (Hedw.) Müll.Hal.,513,445
NY,NY,01912208,218337,extractions institutionnelles,W. R. Buck,41460,Brachythecium starkei (Brid.) Schimp.,Brachythecium starkei (Brid.) Schimp.,333,292
NY,NY,01912215,218345,extractions institutionnelles,W. R. Buck,41460,Rhizomnium magnifolium (Horik.) T.J.Kop.,Rhizomnium magnifolium (Horik.) T.J.Kop.,826,702
NY,NY,02592030,218348,extractions institutionnelles,D. F. Bastien,41469,Abietinella abietina (Hedw.) M.Fleisch.,Abietinella abietina (Hedw.) M.Fleisch.,270,235
NY,NY,02589370,218359,extractions institutionnelles,D. F. Bastien,41483,Syntrichia ruralis (Hedw.) F.Weber & D.Mohr,Syntrichia ruralis (Hedw.) F.Weber & D.Mohr,955,816
NY,NY,02696365,218364,extractions institutionnelles,W. R. Buck,42629,Brachythecium campestre (Müll.Hal.) Schimp.,Brachythecium campestre (Müll.Hal.) Schimp.,319,279
NY,NY,02592032,218365,extractions institutionnelles,D. F. Bastien,41470,Tomentypnum falcifolium (Renauld ex Nichols) Tuom.,Tomentypnum falcifolium (Renauld ex Nichols) Tuom.,986,843
NY,NY,02591998,218366,extractions institutionnelles,J. Y. Gagnon,38921,Bartramia ithyphylla Brid.,Bartramia ithyphylla Brid.,313,273
NY,NY,02591999,218373,extractions institutionnelles,J. Y. Gagnon,40755,Mielichhoferia elongata (Hoppe & Hornsch. ex Hook.) Hornsch.,Mielichhoferia elongata (Hoppe & Hornsch.) Nees & Hornsch.,3496,558
NY,NY,02589388,218375,extractions institutionnelles,D. F. Bastien,41480,Andreaea rupestris Hedw.,Andreaea rupestris Hedw.,288,250
NY,NY,02591967,218377,extractions institutionnelles,J. Y. Gagnon,38193,Sphagnum fallax (H.Klinggr.) H.Klinggr.,Sphagnum fallax (H.Klinggr.) H.Klinggr.,903,766
NY,NY,02591994,218382,extractions institutionnelles,J. Y. Gagnon,38921,Racomitrium heterostichum (Hedw.) Brid.,Racomitrium heterostichum (Hedw.) Brid.,2168,1061
NY,NY,01912138,218384,extractions institutionnelles,W. R. Buck,41457,Homalia trichomanoides (Hedw.) Schimp.,Homalia trichomanoides (Hedw.) Schimp.,578,502
NY,NY,02696351,218385,extractions institutionnelles,W. R. Buck,42629,Brachythecium campestre (Müll.Hal.) Schimp.,Brachythecium campestre (Müll.Hal.) Schimp.,319,279
NY,NY,02589461,218386,extractions institutionnelles,D. F. Bastien,41475,Sphagnum lenense H.Lindb. ex L.I.Savicz,Sphagnum lenense H.Lindb. ex L.I.Savicz,910,773
NY,NY,1596421,218391,extractions institutionnelles,W. R. Buck,41093,Hygrohypnum duriusculum (De Not.) D.W.Jamieson,Hygrohypnum duriusculum (De Not.) D.W.Jamieson,585,509
NY,NY,02709847,218395,extractions institutionnelles,W. R. Buck,42633,Calliergonella curvifolia (Hedw.) B.H.Allen,Calliergonella curvifolia (Hedw.) B.H.Allen,3204,527
NY,NY,01912203,218402,extractions institutionnelles,W. R. Buck,41459,Pohlia nutans (Hedw.) Lindb.,Pohlia nutans (Hedw.) Lindb.,740,642
NY,NY,02589405,218406,extractions institutionnelles,D. F. Bastien,41476,Tortella tortuosa (Schrad. ex Hedw.) Limpr.,Tortella tortuosa (Hedw.) Limpr.,2226,849
NY,NY,01912212,218413,extractions institutionnelles,W. R. Buck,41460,Isopterygiopsis pulchella (Hedw.) Z.Iwats.,Isopterygiopsis pulchella (Hedw.) Z.Iwats.,617,537
NY,NY,02589454,218416,extractions institutionnelles,D. F. Bastien,41478,Sphagnum balticum (Russow) C.E.O.Jensen,Sphagnum balticum (Russow) C.E.O.Jensen,896,759
NY,NY,02589440,218417,extractions institutionnelles,D. F. Bastien,41476,Oncophorus wahlenbergii Brid.,Oncophorus wahlenbergii Brid.,660,573
NY,NY,02592043,218427,extractions institutionnelles,D. F. Bastien,41470,Hypnum recurvatum (Lindb. & Arnell) Kindb.,Hypnum recurvatum (Lindb. & Arnell) Kindb.,613,533
NY,NY,02589408,218429,extractions institutionnelles,D. F. Bastien,41479,Sphagnum fuscum (Schimp.) H.Klinggr.,Sphagnum fuscum (Schimp.) H.Klinggr.,907,770
NY,NY,01912199,218433,extractions institutionnelles,W. R. Buck,41459,Grimmia longirostris Hook.,Grimmia longirostris Hook.,551,478
NY,NY,02592051,218436,extractions institutionnelles,D. F. Bastien,41472,Sanionia uncinata (Hedw.) Loeske,Sanionia uncinata (Hedw.) Loeske,840,714
NY,NY,01912151,218437,extractions institutionnelles,W. R. Buck,41457,Hylocomium splendens (Hedw.) Schimp.,Hylocomium splendens (Hedw.) Schimp.,597,519
NY,NY,02591973,218438,extractions institutionnelles,J. Y. Gagnon,38214,Sphagnum teres (Schimp.) Ångstr.,Sphagnum teres (Schimp.) Ångstr.,937,800
NY,NY,01912172,218439,extractions institutionnelles,W. R. Buck,41457,Cratoneuron filicinum (Hedw.) Spruce,Cratoneuron filicinum (Hedw.) Spruce,423,365
NY,NY,02709766,218442,extractions institutionnelles,W. R. Buck,42630,Calliergonella lindbergii (Mitt.) Hedenäs,Calliergonella lindbergii (Mitt.) Hedenäs,1660,530
NY,NY,02696358,218445,extractions institutionnelles,W. R. Buck,42629,Brachythecium campestre (Müll.Hal.) Schimp.,Brachythecium campestre (Müll.Hal.) Schimp.,319,279
NY,NY,01912202,218450,extractions institutionnelles,W. R. Buck,41459,Polytrichum longisetum Sw. ex Brid.,Polytrichum longisetum Sw. ex Brid.,1296,651
NY,NY,01912200,218453,extractions institutionnelles,W. R. Buck,41459,Tayloria serrata (Hedw.) Bruch & Schimp.,Tayloria serrata (Hedw.) Bruch & Schimp.,960,820
NY,NY,02709843,218454,extractions institutionnelles,W. R. Buck,42633,Ptilium crista-castrensis (Hedw.) De Not.,Ptilium crista-castrensis (Hedw.) De Not.,790,681
NY,NY,02591963,218458,extractions institutionnelles,B. Tremblay,41521,Ricciella fluitans (L.) A.Braun,Ricciella fluitans (L.) A.Br.,5638,185
NY,NY,02589373,218459,extractions institutionnelles,D. F. Bastien,41475,Cinclidium stygium Sw.,Cinclidium stygium Sw.,415,357
NY,NY,02696388,218460,extractions institutionnelles,W. R. Buck,42630,Schistidium apocarpum (Hedw.) Bruch & Schimp.,Schistidium apocarpum (Hedw.) Bruch & Schimp.,852,719
NY,NY,02592041,218463,extractions institutionnelles,D. F. Bastien,41470,Pohlia cruda (Hedw.) Lindb.,Pohlia cruda (Hedw.) Lindb.,731,633
NY,NY,02589465,218465,extractions institutionnelles,D. F. Bastien,41475,Sphagnum steerei R.E.Andrus,Sphagnum steerei R.E.Andrus,932,795
NY,NY,02589401,218467,extractions institutionnelles,D. F. Bastien,41478,Sphagnum aongstroemii C.Hartm.,Sphagnum aongstroemii C.Hartm.,893,756
NY,NY,01912174,218477,extractions institutionnelles,W. R. Buck,41458,Racomitrium canescens (Hedw.) Brid.,Racomitrium canescens (Hedw.) Brid.,3112,1112
NY,NY,01912207,218478,extractions institutionnelles,W. R. Buck,41460,Hylocomiastrum umbratum (Hedw.) M.Fleisch.,Hylocomiastrum umbratum (Ehrh. ex Hedw.) M.Fleisch.,3494,518
NY,NY,02589409,218480,extractions institutionnelles,D. F. Bastien,41481,Scorpidium scorpioides (Hedw.) Limpr.,Scorpidium scorpioides (Hedw.) Limpr.,880,743
NY,NY,02589378,218481,extractions institutionnelles,D. F. Bastien,41475,Campylium stellatum (Hedw.) Lange & C.E.O.Jensen,Campylium stellatum (Hedw.) C.E.O.Jensen,3472,347
NY,NY,02696360,218496,extractions institutionnelles,W. R. Buck,42629,Calliergonella lindbergii (Mitt.) Hedenäs,Calliergonella lindbergii (Mitt.) Hedenäs,1660,530
NY,NY,02589452,218499,extractions institutionnelles,D. F. Bastien,41476,Hypnum revolutum (Mitt.) Lindb.,Hypnum revolutum (Mitt.) Lindb.,614,534
NY,NY,02696389,218502,extractions institutionnelles,W. R. Buck,42630,Plagiomnium cuspidatum (Hedw.) T.J.Kop.,Plagiomnium cuspidatum (Hedw.) T.J.Kop.,705,608
NY,NY,02591979,218504,extractions institutionnelles,J. Y. Gagnon,38567,Hygrohypnum smithii (Sw.) Broth.,Hygrohypnum smithii (Sw.) Broth.,591,515
NY,NY,02591959,218505,extractions institutionnelles,J. Y. Gagnon,39295,Pellia neesiana (Gottsche) Limpr.,Pellia neesiana (Gottsche) Limpr.,192,165
NY,NY,02592048,218522,extractions institutionnelles,D. F. Bastien,41472,"Lewinskya pylaisii (Brid.) F.Lara, Garilleti & Goffinet","Lewinskya pylaisii (Brid.) F.Lara, Garilleti & Goffinet",673,585
NY,NY,01912218,218530,extractions institutionnelles,W. R. Buck,41460,Tetraphis pellucida Hedw.,Tetraphis pellucida Hedw.,963,823
NY,NY,02589371,218531,extractions institutionnelles,D. F. Bastien,41475,Sphagnum balticum (Russow) C.E.O.Jensen,Sphagnum balticum (Russow) C.E.O.Jensen,896,759
NY,NY,02592015,218532,extractions institutionnelles,D. F. Bastien,41468,Warnstorfia tundrae (Arnell) Loeske,Warnstorfia tundrae (Arnell) Loeske,1823,717
NY,NY,02589372,218534,extractions institutionnelles,D. F. Bastien,41475,Bryum archangelicum Bruch & Schimp.,Bryum archangelicum Bruch & Schimp.,345,302
NY,NY,02589436,218537,extractions institutionnelles,D. F. Bastien,41480,Sphagnum fallax (H.Klinggr.) H.Klinggr.,Sphagnum fallax (H.Klinggr.) H.Klinggr.,903,766
NY,NY,1596411,218544,extractions institutionnelles,W. R. Buck,41092,Campylium stellatum (Hedw.) Lange & C.E.O.Jensen,Campylium stellatum (Hedw.) C.E.O.Jensen,3472,347
NY,NY,01912173,218553,extractions institutionnelles,W. R. Buck,41458,Ditrichum pusillum (Hedw.) Hampe,Ditrichum pusillum (Hedw.) Hampe,494,429
NY,NY,02589397,218554,extractions institutionnelles,D. F. Bastien,41478,Encalypta rhaptocarpa Schwägr.,Encalypta rhaptocarpa Schwägr.,511,443
NY,NY,02589387,218557,extractions institutionnelles,D. F. Bastien,41483,Aplodon wormskioldii (Hornem.) Kindb.,Aplodon wormskjoldii (Hornem.) Kindb.,3456,259
NY,NY,01912123,218574,extractions institutionnelles,W. R. Buck,41457,Saelania glaucescens (Hedw.) Broth.,Saelania glaucescens (Hedw.) Broth.,837,712
NY,NY,02589395,218576,extractions institutionnelles,D. F. Bastien,41478,Sanionia uncinata (Hedw.) Loeske,Sanionia uncinata (Hedw.) Loeske,840,714
NY,NY,01912154,218577,extractions institutionnelles,W. R. Buck,41457,Brachythecium rivulare Schimp.,Brachythecium rivulare Schimp.,330,289
NY,NY,02591946,218582,extractions institutionnelles,J. Y. Gagnon,36744,Marsupella arctica (Berggr.) Bryhn & Kaal.,Marsupella arctica (Berggr.) Bryhn & Kaal.,165,140
NY,NY,02589386,218585,extractions institutionnelles,D. F. Bastien,41483,Hygrohypnum alpestre (Hedw.) Loeske,Hygrohypnum alpestre (Sw. ex Hedw.) Loeske,582,506
NY,NY,01912210,218587,extractions institutionnelles,W. R. Buck,41460,Orthodicranum montanum (Hedw.) Loeske,Orthodicranum montanum (Hedw.) Loeske,1231,405
NY,NY,1596423,218590,extractions institutionnelles,W. R. Buck,41093,Orthodicranum montanum (Hedw.) Loeske,Orthodicranum montanum (Hedw.) Loeske,1231,405
NY,NY,667836,218597,extractions institutionnelles,,37164,Chiloscyphus pallescens (Ehrh. ex Hoffm.) Dumort.,Chiloscyphus pallescens (Ehrh. ex Hoffm.) Dumort.,3103,1103
NY,NY,01912163,218599,extractions institutionnelles,W. R. Buck,41457,"Lewinskya speciosa (Nees) F.Lara, Garilleti & Goffinet",Lewinskya speciosa var. killiasii (Nees) ined.,675,587
NY,NY,01912136,218601,extractions institutionnelles,W. R. Buck,41457,Myurella sibirica (Müll.Hal.) Reimers,Myurella sibirica (Müll.Hal.) Reimers,654,567
NY,NY,02592039,218610,extractions institutionnelles,D. F. Bastien,41470,Encalypta procera Bruch,Encalypta procera Bruch,510,442
NY,NY,1596431,218614,extractions institutionnelles,W. R. Buck,41094,Pterigynandrum filiforme Hedw.,Pterigynandrum filiforme Hedw.,788,679
NY,NY,02589453,218617,extractions institutionnelles,D. F. Bastien,41476,Hypnum vaucheri Lesq.,Hypnum vaucheri Lesq.,615,535
NY,NY,02592018,218624,extractions institutionnelles,D. F. Bastien,41468,Ceratodon purpureus (Hedw.) Brid.,Ceratodon purpureus (Hedw.) Brid.,413,355
NY,NY,02696353,218629,extractions institutionnelles,W. R. Buck,42629,"Lewinskya sordida (Sull. & Lesq.) F.Lara, Garilleti & Goffinet","Lewinskya sordida (Sull. & Lesq.) F.Lara, Garilleti & Goffinet",674,586
NY,NY,01912125,218631,extractions institutionnelles,W. R. Buck,41457,Fissidens osmundoides Hedw.,Fissidens osmundoides Hedw.,529,459
NY,NY,02589417,218632,extractions institutionnelles,D. F. Bastien,41483,Oncophorus wahlenbergii Brid.,Oncophorus wahlenbergii Brid.,660,573
NY,NY,02592053,218634,extractions institutionnelles,D. F. Bastien,41472,Cynodontium strumiferum (Hedw.) Lindb.,Cynodontium strumiferum (Hedw.) Lindb.,430,370
NY,NY,02709768,218636,extractions institutionnelles,W. R. Buck,42630,Forsstroemia trichomitria (Hedw.) Lindb.,Forsstroemia trichomitria (Hedw.) Lindb.,540,468
NY,NY,02589369,218639,extractions institutionnelles,D. F. Bastien,41479,Sphagnum perfoliatum L.I.Savicz,Sphagnum perfoliatum L.I.Savicz,922,785
NY,NY,02589458,218643,extractions institutionnelles,D. F. Bastien,41475,Sphagnum rubellum Wilson,Sphagnum rubellum Wilson,928,791
NY,NY,02591942,218645,extractions institutionnelles,J. Y. Gagnon,36733,Fuscocephaloziopsis albescens (Hook.) Váňa & L.Söderstr.,Fuscocephaloziopsis albescens (Hook.) Váňa & L.Söderstr.,1858,168
NY,NY,02592007,218648,extractions institutionnelles,D. F. Bastien,41468,Orthotrichum alpestre Hornsch. ex Bruch & Schimp.,Orthotrichum alpestre Hornsch. ex Bruch & Schimp.,665,578
NY,NY,02591957,218649,extractions institutionnelles,J. Y. Gagnon,38919,Preissia quadrata (Scop.) Nees,Preissia quadrata (Scop.) Nees,5424,1110
NY,NY,01912158,218657,extractions institutionnelles,W. R. Buck,41457,Brachythecium velutinum (Hedw.) Schimp.,Brachythecium velutinum (Hedw.) Schimp.,335,294
NY,NY,667837,218660,extractions institutionnelles,,37104,Apopellia megaspora (R.M.Schust.) Nebel & D.Quandt,Apopellia megaspora (R.M.Schust.) Nebel & D.Quandt,1950,164
NY,NY,02591995,218663,extractions institutionnelles,J. Y. Gagnon,38921,Distichium capillaceum (Hedw.) Bruch & Schimp.,Distichium capillaceum (Hedw.) Bruch & Schimp.,488,423
NY,NY,02592025,218664,extractions institutionnelles,D. F. Bastien,41469,Tortella tortuosa (Schrad. ex Hedw.) Limpr.,Tortella tortuosa (Hedw.) Limpr.,2226,849
NY,NY,01912150,218665,extractions institutionnelles,W. R. Buck,41457,Sanionia uncinata (Hedw.) Loeske,Sanionia uncinata (Hedw.) Loeske,840,714
NY,NY,02589470,218666,extractions institutionnelles,D. F. Bastien,41485,Stegonia latifolia var. pilifera (Brid.) Broth.,Stegonia latifolia var. pilifera (Dicks.) Broth.,3029,813
NY,NY,1596416,218667,extractions institutionnelles,W. R. Buck,41093,Brachythecium starkei (Brid.) Schimp.,Brachythecium starkei (Brid.) Schimp.,333,292
NY,NY,02589385,218668,extractions institutionnelles,D. F. Bastien,41483,Schistidium agassizii Sull. & Lesq.,Schistidium agassizii Sull. & Lesq.,851,718
NY,NY,01912132,218670,extractions institutionnelles,W. R. Buck,41457,Timmia austriaca Hedw.,Timmia austriaca Hedw.,979,837
NY,NY,01912196,218674,extractions institutionnelles,W. R. Buck,41459,Brachythecium starkei (Brid.) Schimp.,Brachythecium starkei (Brid.) Schimp.,333,292
NY,NY,02709849,218675,extractions institutionnelles,W. R. Buck,42633,Hygroamblystegium varium (Hedw.) Mönk.,Hygroamblystegium varium (Hedw.) Mönk.,2010,1003
NY,NY,02709829,218676,extractions institutionnelles,W. R. Buck,42633,Homomallium adnatum (Hedw.) Broth.,Homomallium adnatum (Hedw.) Broth.,579,503
NY,NY,02696383,218681,extractions institutionnelles,W. R. Buck,42630,Brachythecium rutabulum (Hedw.) Schimp.,Brachythecium rutabulum (Hedw.) Schimp.,332,291
NY,NY,02709855,218688,extractions institutionnelles,W. R. Buck,42633,Serpoleskea confervoides (Brid.) Loeske,Serpoleskea confervoides (Brid.) Loeske,1943,619
NY,NY,02709844,218691,extractions institutionnelles,W. R. Buck,42633,Brachythecium plumosum (Hedw.) Schimp.,Brachythecium plumosum (Hedw.) Schimp.,327,286
NY,NY,02592010,218693,extractions institutionnelles,D. F. Bastien,41468,Ditrichum gracile (Mitt.) Kuntze,Ditrichum gracile (Mitt.) Kuntze,1980,426
NY,NY,02696397,218704,extractions institutionnelles,W. R. Buck,42630,Calliergonella curvifolia (Hedw.) B.H.Allen,Calliergonella curvifolia (Hedw.) B.H.Allen,3204,527
NY,NY,02589406,218707,extractions institutionnelles,D. F. Bastien,41479,Tortella tortuosa (Schrad. ex Hedw.) Limpr.,Tortella tortuosa (Hedw.) Limpr.,2226,849
NY,NY,01912176,218709,extractions institutionnelles,W. R. Buck,41458,Campylophyllum sommerfeltii (Myrin) Hedenäs,Campylophyllum sommerfeltii (Myrin) Hedenäs,407,350
NY,NY,01912139,218710,extractions institutionnelles,W. R. Buck,41457,Pylaisia polyantha (Hedw.) Schimp.,Pylaisia polyantha (Hedw.) Schimp.,793,683
NY,NY,02591976,218715,extractions institutionnelles,J. Y. Gagnon,38567,Pleurozium schreberi (Willd. ex Brid.) Mitt.,Pleurozium schreberi (Willd. ex Brid.) Mitt.,724,626
NY,NY,02589377,218717,extractions institutionnelles,D. F. Bastien,41475,Bryum capillare Hedw.,Bryum capillare Hedw.,358,310
NY,NY,01912205,218720,extractions institutionnelles,W. R. Buck,41460,Bryhnia novae-angliae (Sull. & Lesq.) Grout,Bryhnia novae-angliae (Sull. & Lesq.) Grout,341,299
NY,NY,02592046,218723,extractions institutionnelles,D. F. Bastien,41471,Warnstorfia exannulata (Schimp.) Loeske,Warnstorfia exannulata (Schimp.) Loeske,1818,715
NY,NY,02709760,218731,extractions institutionnelles,W. R. Buck,42630,Bryoerythrophyllum recurvirostrum (Hedw.) P.C.Chen,Bryoerythrophyllum recurvirostrum (Hedw.) P.C.Chen,342,300
NY,NY,02589411,218737,extractions institutionnelles,D. F. Bastien,41481,Bryum argenteum Hedw.,Bryum argenteum Hedw.,351,304
NY,NY,02696390,218743,extractions institutionnelles,W. R. Buck,42630,Hygroamblystegium varium (Hedw.) Mönk.,Hygroamblystegium varium (Hedw.) Mönk.,2010,1003
NY,NY,01912133,218745,extractions institutionnelles,W. R. Buck,41457,Rhytidiadelphus subpinnatus (Lindb.) T.J.Kop.,Rhytidiadelphus subpinnatus (Lindb.) T.J.Kop.,834,709
NY,NY,01912157,218754,extractions institutionnelles,W. R. Buck,41457,Ptilium crista-castrensis (Hedw.) De Not.,Ptilium crista-castrensis (Hedw.) De Not.,790,681
NY,NY,01912188,218758,extractions institutionnelles,W. R. Buck,41459,Racomitrium fasciculare (Schrad. ex Hedw.) Brid.,Racomitrium fasciculare (Hedw.) Brid.,3516,691
NY,NY,02709764,218762,extractions institutionnelles,W. R. Buck,42630,Entodon seductrix (Hedw.) Müll.Hal.,Entodon seductrix (Hedw.) Müll.Hal.,513,445
NY,NY,02592004,218773,extractions institutionnelles,D. F. Bastien,41468,Schistidium boreale Poelt,Schistidium boreale Poelt,854,721
NY,NY,01912187,218775,extractions institutionnelles,W. R. Buck,41459,Pogonatum dentatum (Menzies ex Brid.) Brid.,Pogonatum dentatum (Menzies ex Brid.) Brid.,725,627
NY,NY,02589456,218781,extractions institutionnelles,D. F. Bastien,41478,Sphagnum teres (Schimp.) Ångstr.,Sphagnum teres (Schimp.) Ångstr.,937,800
NY,NY,02709762,218788,extractions institutionnelles,W. R. Buck,42630,Bryum laevifilum Syed,Bryum laevifilum Syed,371,321
NY,NY,02589459,218789,extractions institutionnelles,D. F. Bastien,41475,Scorpidium cossonii (Schimp.) Hedenäs,Scorpidium cossonii (Schimp.) Hedenäs,875,741
NY,NY,01912128,218790,extractions institutionnelles,W. R. Buck,41457,Hypnum pallescens (Hedw.) P.Beauv.,Hypnum pallescens (Hedw.) P.Beauv.,611,531
NY,NY,02592038,218792,extractions institutionnelles,D. F. Bastien,41470,Hypnum cupressiforme Hedw.,Hypnum cupressiforme Hedw.,3108,1108
NY,NY,01912198,218794,extractions institutionnelles,W. R. Buck,41459,Aulacomnium palustre (Hedw.) Schwägr.,Aulacomnium palustre (Hedw.) Schwägr.,309,269
NY,NY,02589462,218796,extractions institutionnelles,D. F. Bastien,41475,Sphagnum fallax (H.Klinggr.) H.Klinggr.,Sphagnum fallax (H.Klinggr.) H.Klinggr.,903,766
NY,NY,02592034,218799,extractions institutionnelles,D. F. Bastien,41470,Sphagnum angustifolium (Russow) C.E.O.Jensen,Sphagnum angustifolium (Warnst.) C.E.O.Jensen,891,754
NY,NY,02696375,218806,extractions institutionnelles,W. R. Buck,42630,Taxiphyllum deplanatum (Bruch & Schimp. ex Sull.) M.Fleisch.,Taxiphyllum deplanatum (Bruch & Schimp. ex Sull.) M.Fleisch.,957,817
NY,NY,01912175,218815,extractions institutionnelles,W. R. Buck,41458,Rhizomnium punctatum (Hedw.) T.J.Kop.,Rhizomnium punctatum (Hedw.) T.J.Kop.,828,704
NY,NY,02589419,218826,extractions institutionnelles,D. F. Bastien,41483,Sphagnum teres (Schimp.) Ångstr.,Sphagnum teres (Schimp.) Ångstr.,937,800
NY,NY,02592049,218827,extractions institutionnelles,D. F. Bastien,41472,Orthotrichum alpestre Hornsch. ex Bruch & Schimp.,Orthotrichum alpestre Hornsch. ex Bruch & Schimp.,665,578
NY,NY,1596420,218829,extractions institutionnelles,W. R. Buck,41093,Hylocomiastrum pyrenaicum (Spruce) M.Fleisch.,Hylocomiastrum pyrenaicum (Spruce) M.Fleisch.,3493,517
NY,NY,01912148,218830,extractions institutionnelles,W. R. Buck,41457,Distichium capillaceum (Hedw.) Bruch & Schimp.,Distichium capillaceum (Hedw.) Bruch & Schimp.,488,423
NY,NY,02592050,218834,extractions institutionnelles,D. F. Bastien,41472,Aulacomnium turgidum (Wahlenb.) Schwägr.,Aulacomnium turgidum (Wahlenb.) Schwägr.,310,270
NY,NY,02696385,218838,extractions institutionnelles,W. R. Buck,42630,Hygroamblystegium tenax (Hedw.) Jenn.,Hygroamblystegium tenax (Hedw.) Jenn.,1646,1001
NY,NY,02696364,218840,extractions institutionnelles,W. R. Buck,42629,Calliergonella curvifolia (Hedw.) B.H.Allen,Calliergonella curvifolia (Hedw.) B.H.Allen,3204,527
NY,NY,1596422,218842,extractions institutionnelles,W. R. Buck,41093,Plagiothecium laetum Schimp.,Plagiothecium laetum Schimp.,713,616
NY,NY,01912219,218850,extractions institutionnelles,W. R. Buck,41457,Timmia megapolitana Hedw.,Timmia megapolitana Hedw.,2094,1024
NY,NY,01912183,218855,extractions institutionnelles,W. R. Buck,41459,Arctoa fulvella (Dicks.) Bruch & Schimp.,Arctoa fulvella (Dicks.) Bruch & Schimp.,301,261
NY,NY,02592033,218859,extractions institutionnelles,D. F. Bastien,41470,Schistidium boreale Poelt,Schistidium boreale Poelt,854,721
NY,NY,01912194,218866,extractions institutionnelles,W. R. Buck,41459,Racomitrium fasciculare (Schrad. ex Hedw.) Brid.,Racomitrium fasciculare (Hedw.) Brid.,3516,691
NY,NY,02589446,218871,extractions institutionnelles,D. F. Bastien,41476,Encalypta rhaptocarpa Schwägr.,Encalypta rhaptocarpa Schwägr.,511,443
NY,NY,02589375,218874,extractions institutionnelles,D. F. Bastien,41478,Aulacomnium palustre (Hedw.) Schwägr.,Aulacomnium palustre (Hedw.) Schwägr.,309,269
NY,NY,02591947,218875,extractions institutionnelles,J. Y. Gagnon,37488,Scapania curta (Mart.) Dumort.,Scapania curta (Mart.) Dumort.,226,197
NY,NY,01912211,218877,extractions institutionnelles,W. R. Buck,41460,Racomitrium aciculare (Hedw.) Brid.,Racomitrium aciculare (Hedw.) Brid.,797,685
NY,NY,02591966,218880,extractions institutionnelles,J. Y. Gagnon,38193,Sphagnum subfulvum Sjörs,Sphagnum subfulvum Sjörs,933,796
NY,NY,01912155,218885,extractions institutionnelles,W. R. Buck,41457,Brachythecium campestre (Müll.Hal.) Schimp.,Brachythecium campestre (Müll.Hal.) Schimp.,319,279
NY,NY,01449087,218889,extractions institutionnelles,D. Cobbaert,37111,Sphagnum pulchrum (Lindb.) Warnst.,Sphagnum pulchrum (Lindb.) Warnst.,924,787
NY,NY,02696372,218895,extractions institutionnelles,W. R. Buck,42630,Callicladium haldanianum (Grev.) H.A.Crum,Callicladium haldanianum (Grev.) H.A.Crum,392,340
NY,NY,02591977,218897,extractions institutionnelles,J. Y. Gagnon,38567,Hygrohypnum smithii (Sw.) Broth.,Hygrohypnum smithii (Sw.) Broth.,591,515
NY,NY,1596415,218904,extractions institutionnelles,W. R. Buck,41092,Hygrohypnum ochraceum (Turner ex Wilson) Loeske,Hygrohypnum ochraceum (Turner ex Wilson) Loeske,589,513
NY,NY,02589407,218907,extractions institutionnelles,D. F. Bastien,41479,Hypnum vaucheri Lesq.,Hypnum vaucheri Lesq.,615,535
NY,NY,01912149,218912,extractions institutionnelles,W. R. Buck,41457,Rhytidiadelphus triquetrus (Hedw.) Warnst.,Rhytidiadelphus triquetrus (Hedw.) Warnst.,1982,710
NY,NY,02589418,218913,extractions institutionnelles,D. F. Bastien,41483,Andreaea obovata Thed.,Andreaea obovata Thed.,286,248
NY,NY,01912189,218915,extractions institutionnelles,W. R. Buck,41459,Ptilium crista-castrensis (Hedw.) De Not.,Ptilium crista-castrensis (Hedw.) De Not.,790,681
NY,NY,02589368,218916,extractions institutionnelles,D. F. Bastien,41479,Sphagnum balticum (Russow) C.E.O.Jensen,Sphagnum balticum (Russow) C.E.O.Jensen,896,759
NY,NY,02589437,218917,extractions institutionnelles,D. F. Bastien,41476,Aplodon wormskioldii (Hornem.) R.Br.,Aplodon wormskioldii (Hornem.) R.C.Br.,299,259
NY,NY,02696368,218926,extractions institutionnelles,W. R. Buck,42630,Brachythecium campestre (Müll.Hal.) Schimp.,Brachythecium campestre (Müll.Hal.) Schimp.,319,279
NY,NY,02709761,218928,extractions institutionnelles,W. R. Buck,42630,Leskea gracilescens Hedw.,Leskea gracilescens Hedw.,628,546
NY,NY,02592042,218936,extractions institutionnelles,D. F. Bastien,41470,Plagiomnium cuspidatum (Hedw.) T.J.Kop.,Plagiomnium cuspidatum (Hedw.) T.J.Kop.,705,608
NY,NY,02696374,218941,extractions institutionnelles,W. R. Buck,42630,Bryhnia graminicolor (Brid.) Grout,Bryhnia graminicolor (Brid.) Grout,340,298
NY,NY,01912186,218955,extractions institutionnelles,W. R. Buck,41459,Hypnum pallescens (Hedw.) P.Beauv.,Hypnum pallescens (Hedw.) P.Beauv.,611,531
NY,NY,02592028,218965,extractions institutionnelles,D. F. Bastien,41469,Gymnostomum aeruginosum Sm.,Gymnostomum aeruginosum Sm.,563,489
NY,NY,02709858,218975,extractions institutionnelles,W. R. Buck,42633,Fissidens minutulus Sull.,Fissidens minutulus Sull.,527,457
NY,NY,1596425,218985,extractions institutionnelles,W. R. Buck,41094,Eurhynchium pulchellum (Hedw.) Jenn.,Eurhynchium pulchellum (Hedw.) Jenn.,519,450
NY,NY,01912145,218989,extractions institutionnelles,W. R. Buck,41457,Calliergonella lindbergii (Mitt.) Hedenäs,Calliergonella lindbergii (Mitt.) Hedenäs,1660,530
NY,NY,02589455,218990,extractions institutionnelles,D. F. Bastien,41478,Andreaea rupestris Hedw.,Andreaea rupestris Hedw.,288,250
NY,NY,02592054,218996,extractions institutionnelles,D. F. Bastien,41472,Sphagnum lenense H.Lindb. ex L.I.Savicz,Sphagnum lenense H.Lindb. ex L.I.Savicz,910,773
NY,NY,02589393,219001,extractions institutionnelles,D. F. Bastien,41478,Mnium thomsonii Schimp.,Mnium thomsonii Schimp.,652,565
NY,NY,02592056,219002,extractions institutionnelles,D. F. Bastien,41472,Sphagnum russowii Warnst.,Sphagnum russowii Warnst.,930,793
NY,NY,02591968,219007,extractions institutionnelles,J. Y. Gagnon,38210,Racomitrium lanuginosum (Hedw.) Brid.,Racomitrium lanuginosum (Hedw.) Brid.,811,692
NY,NY,02696377,219010,extractions institutionnelles,W. R. Buck,42630,Anomodon rostratus (Hedw.) Schimp.,Anomodon rostratus (Hedw.) Schimp.,294,254
NY,NY,1596413,219012,extractions institutionnelles,W. R. Buck,41092,Schistidium papillosum Culm.,Schistidium papillosum Culm.,866,732
NY,NY,02589415,219013,extractions institutionnelles,D. F. Bastien,41481,Psilopilum laevigatum (Wahlenb.) Lindb.,Psilopilum laevigatum (Wahlenb.) Lindb.,787,678
NY,NY,1596430,219014,extractions institutionnelles,W. R. Buck,41094,Calliergon giganteum (Schimp.) Kindb.,Calliergon giganteum (Schimp.) Kindb.,394,342
NY,NY,01912197,219015,extractions institutionnelles,W. R. Buck,41459,Andreaea rupestris Hedw.,Andreaea rupestris Hedw.,288,250
NY,NY,01912137,219018,extractions institutionnelles,W. R. Buck,41457,Pleurozium schreberi (Willd. ex Brid.) Mitt.,Pleurozium schreberi (Willd. ex Brid.) Mitt.,724,626
NY,NY,02589403,219027,extractions institutionnelles,D. F. Bastien,41481,Sphagnum warnstorfii Russow,Sphagnum warnstorfii Russow,941,804
NY,NY,01912190,219029,extractions institutionnelles,W. R. Buck,41459,Polytrichum commune Hedw.,Polytrichum commune Hedw.,2139,1059
NY,NY,02589463,219030,extractions institutionnelles,D. F. Bastien,41475,Sphagnum fallax (H.Klinggr.) H.Klinggr.,Sphagnum fallax (H.Klinggr.) H.Klinggr.,903,766
NY,NY,01912191,219041,extractions institutionnelles,W. R. Buck,41459,Kiaeria blyttii (Bruch & Schimp.) Broth.,Kiaeria blyttii (Bruch & Schimp.) Broth.,618,538
NY,NY,02589394,219043,extractions institutionnelles,D. F. Bastien,41478,Bryum archangelicum Bruch & Schimp.,Bryum archangelicum Bruch & Schimp.,345,302
NY,NY,01912193,219054,extractions institutionnelles,W. R. Buck,41459,Pogonatum dentatum (Menzies ex Brid.) Brid.,Pogonatum dentatum (Menzies ex Brid.) Brid.,725,627
NY,NY,02709832,219055,extractions institutionnelles,W. R. Buck,42633,Brachythecium campestre (Müll.Hal.) Schimp.,Brachythecium campestre (Müll.Hal.) Schimp.,319,279
NY,NY,01912184,219063,extractions institutionnelles,W. R. Buck,41459,Racomitrium microcarpon (Hedw.) Brid.,Racomitrium microcarpum (Hedw.) Brid.,2170,693
NY,NY,01912141,219064,extractions institutionnelles,W. R. Buck,41457,Oncophorus wahlenbergii Brid.,Oncophorus wahlenbergii Brid.,660,573
NY,NY,02696366,219066,extractions institutionnelles,W. R. Buck,42629,Brachythecium campestre (Müll.Hal.) Schimp.,Brachythecium campestre (Müll.Hal.) Schimp.,319,279
NY,NY,02589381,219067,extractions institutionnelles,D. F. Bastien,41478,Oncophorus virens (Hedw.) Brid.,Oncophorus virens (Hedw.) Brid.,659,572
NY,NY,02592000,219071,extractions institutionnelles,J. Y. Gagnon,40755,Sphagnum fimbriatum Wilson,Sphagnum fimbriatum Wilson,904,767
NY,NY,02696398,219074,extractions institutionnelles,W. R. Buck,42630,Plagiomnium cuspidatum (Hedw.) T.J.Kop.,Plagiomnium cuspidatum (Hedw.) T.J.Kop.,705,608
NY,NY,02592055,219078,extractions institutionnelles,D. F. Bastien,41472,Sphagnum teres (Schimp.) Ångstr.,Sphagnum teres (Schimp.) Ångstr.,937,800
NY,NY,02591950,219080,extractions institutionnelles,J. Y. Gagnon,38568,Fuscocephaloziopsis albescens (Hook.) Váňa & L.Söderstr.,Fuscocephaloziopsis albescens (Hook.) Váňa & L.Söderstr.,1858,168
NY,NY,01912213,219088,extractions institutionnelles,W. R. Buck,41460,Brachythecium campestre (Müll.Hal.) Schimp.,Brachythecium campestre (Müll.Hal.) Schimp.,319,279
NY,NY,02592016,219091,extractions institutionnelles,D. F. Bastien,41468,Racomitrium canescens (Hedw.) Brid.,Racomitrium canescens (Hedw.) Brid.,3112,1112
NY,NY,02696393,219093,extractions institutionnelles,W. R. Buck,42630,Bryhnia graminicolor (Brid.) Grout,Bryhnia graminicolor (Brid.) Grout,340,298
NY,NY,02591948,219099,extractions institutionnelles,J. Y. Gagnon,38211,Fuscocephaloziopsis albescens (Hook.) Váňa & L.Söderstr.,Fuscocephaloziopsis albescens (Hook.) Váňa & L.Söderstr.,1858,168
NY,NY,02589367,219102,extractions institutionnelles,D. F. Bastien,41479,Polytrichum jensenii I.Hagen,Polytrichum jensenii I.Hagen,758,658
NY,NY,02589380,219104,extractions institutionnelles,D. F. Bastien,41482,Sphagnum lenense H.Lindb. ex L.I.Savicz,Sphagnum lenense H.Lindb. ex L.I.Savicz,910,773
NY,NY,01912126,219115,extractions institutionnelles,W. R. Buck,41457,Ulota coarctata (P.Beauv.) Hammar,Ulota coarctata (P.Beauv.) Hammar,1011,862
NY,NY,02591958,219118,extractions institutionnelles,J. Y. Gagnon,38921,Anthelia juratzkana (Limpr.) Trevis.,Anthelia juratzkana (Limpr.) Trevis.,19,15
NY,NY,02709830,219124,extractions institutionnelles,W. R. Buck,42633,Brachythecium campestre (Müll.Hal.) Schimp.,Brachythecium campestre (Müll.Hal.) Schimp.,319,279
NY,NY,02709833,219136,extractions institutionnelles,W. R. Buck,42633,Pohlia nutans (Hedw.) Lindb.,Pohlia nutans (Hedw.) Lindb.,740,642
NY,NY,02589382,219139,extractions institutionnelles,D. F. Bastien,41478,Arctoa fulvella (Dicks.) Bruch & Schimp.,Arctoa fulvella (Dicks.) Bruch & Schimp.,301,261
NY,NY,02591961,219144,extractions institutionnelles,J. Y. Gagnon,39295,Aneura pinguis (L.) Dumort.,Aneura pinguis (L.) Dumort.,17,13
NY,NY,02696354,219149,extractions institutionnelles,W. R. Buck,42629,Calliergonella lindbergii (Mitt.) Hedenäs,Calliergonella lindbergii (Mitt.) Hedenäs,1660,530
NY,NY,02709839,219153,extractions institutionnelles,W. R. Buck,42633,Warnstorfia fluitans (Hedw.) Loeske,Warnstorfia fluitans (Hedw.) Loeske,1017,868
NY,NY,02591969,219154,extractions institutionnelles,J. Y. Gagnon,38210,Racomitrium lanuginosum (Hedw.) Brid.,Racomitrium lanuginosum (Hedw.) Brid.,811,692
NY,NY,02696352,219159,extractions institutionnelles,W. R. Buck,42629,Brachythecium plumosum (Hedw.) Schimp.,Brachythecium plumosum (Hedw.) Schimp.,327,286
NY,NY,02592045,219160,extractions institutionnelles,D. F. Bastien,41471,Dicranum fuscescens Turner,Dicranum fuscescens Turner,462,400
NY,NY,02592013,219162,extractions institutionnelles,D. F. Bastien,41468,Sphagnum warnstorfii Russow,Sphagnum warnstorfii Russow,941,804
NY,NY,02589399,219163,extractions institutionnelles,D. F. Bastien,41478,Pseudoleskeella tectorum (Funck ex Brid.) Kindb. ex Broth.,Pseudoleskeella tectorum (Funck ex Brid.) Kindb. ex Broth.,3514,674
NY,NY,02589376,219165,extractions institutionnelles,D. F. Bastien,41478,Bryum archangelicum Bruch & Schimp.,Bryum archangelicum Bruch & Schimp.,345,302
NY,NY,02589464,219172,extractions institutionnelles,D. F. Bastien,41475,Sphagnum concinnum (Berggr.) Flatberg,Sphagnum concinnum (Berggr.) Flatberg,900,763
NY,NY,01912206,219177,extractions institutionnelles,W. R. Buck,41460,Brachythecium plumosum (Hedw.) Schimp.,Brachythecium plumosum (Hedw.) Schimp.,327,286
NY,NY,01912170,219182,extractions institutionnelles,W. R. Buck,41457,Plagiomnium cuspidatum (Hedw.) T.J.Kop.,Plagiomnium cuspidatum (Hedw.) T.J.Kop.,705,608
NY,NY,02591972,219183,extractions institutionnelles,J. Y. Gagnon,38211,Sphagnum russowii Warnst.,Sphagnum russowii Warnst.,930,793
NY,NY,02696376,219187,extractions institutionnelles,W. R. Buck,42630,Rhodobryum ontariense (Kindb.) Paris,Rhodobryum ontariense (Kindb.) Paris,3518,705
NY,NY,02696381,219191,extractions institutionnelles,W. R. Buck,42630,Anomodon attenuatus (Hedw.) Huebener,Anomodon attenuatus (Hedw.) Hübener,292,252
NY,NY,02709767,219193,extractions institutionnelles,W. R. Buck,42630,Trichostomum tenuirostre (Hook. & Taylor) Lindb.,Trichostomum tenuirostre (Hook. & Taylor) Lindb.,1010,861
NY,NY,01912204,219198,extractions institutionnelles,W. R. Buck,41460,Callicladium haldanianum (Grev.) H.A.Crum,Callicladium haldanianum (Grev.) H.A.Crum,392,340
NY,NY,02696386,219199,extractions institutionnelles,W. R. Buck,42630,Fissidens taxifolius Hedw.,Fissidens taxifolius Hedw.,531,461
NY,NY,1596414,219201,extractions institutionnelles,W. R. Buck,41092,Sanionia uncinata (Hedw.) Loeske,Sanionia uncinata (Hedw.) Loeske,840,714
NY,NY,01912201,219202,extractions institutionnelles,W. R. Buck,41459,Tetralophozia setiformis (Ehrh.) Schljakov,Tetralophozia setiformis (Ehrh.) Schljakov,260,225
NY,NY,1596419,219206,extractions institutionnelles,W. R. Buck,41093,Kiaeria blyttii (Bruch & Schimp.) Broth.,Kiaeria blyttii (Bruch & Schimp.) Broth.,618,538
NY,NY,02592020,219216,extractions institutionnelles,D. F. Bastien,41469,Sphagnum lindbergii Schimp.,Sphagnum lindbergii Schimp.,912,775
NY,NY,02592017,219219,extractions institutionnelles,D. F. Bastien,41468,Sphagnum warnstorfii Russow,Sphagnum warnstorfii Russow,941,804
NY,NY,02589435,219223,extractions institutionnelles,D. F. Bastien,41480,Didymodon fallax (Hedw.) R.H.Zander,Didymodon fallax (Hedw.) R.H.Zander,480,416
NY,NY,02589412,219226,extractions institutionnelles,D. F. Bastien,41482,Ceratodon purpureus (Hedw.) Brid.,Ceratodon purpureus (Hedw.) Brid.,413,355
NY,NY,02592002,219227,extractions institutionnelles,J. Y. Gagnon,41111,Tetraplodon mnioides (Hedw.) Bruch & Schimp.,Tetraplodon mnioides (Hedw.) Bruch & Schimp.,965,825
NY,NY,02591962,219229,extractions institutionnelles,J. Y. Gagnon,40755,Gymnocolea inflata (Huds.) Dumort.,Gymnocolea inflata (Huds.) Dumort.,3107,1107
NY,NY,02592009,219230,extractions institutionnelles,D. F. Bastien,41468,Hypnum fauriei Cardot,Hypnum fauriei Cardot,607,528
NY,NY,01912134,219233,extractions institutionnelles,W. R. Buck,41457,Hypnum pallescens (Hedw.) P.Beauv.,Hypnum pallescens (Hedw.) P.Beauv.,611,531
NY,NY,02589410,219235,extractions institutionnelles,D. F. Bastien,41483,Dicranella subulata (Hedw.) Schimp.,Dicranella subulata (Hedw.) Schimp.,447,387
NY,NY,02696391,219242,extractions institutionnelles,W. R. Buck,42630,Brachythecium laetum (Brid.) Schimp.,Brachythecium laetum (Brid.) Schimp.,324,284
NY,NY,02592040,219253,extractions institutionnelles,D. F. Bastien,41470,Syntrichia ruralis (Hedw.) F.Weber & D.Mohr,Syntrichia ruralis (Hedw.) F.Weber & D.Mohr,955,816
NY,NY,02709853,219255,extractions institutionnelles,W. R. Buck,42633,Mnium lycopodioides Schwägr.,Mnium lycopodioides Schwägr.,647,561
NY,NY,02696371,219256,extractions institutionnelles,W. R. Buck,42630,Schistidium rivulare (Brid.) Podp.,Schistidium rivulare (Brid.) Podp.,868,734
NY,NY,02589468,219262,extractions institutionnelles,D. F. Bastien,41485,Grimmia anodon Bruch & Schimp.,Grimmia anodon Bruch & Schimp.,542,470
NY,NY,01912129,219266,extractions institutionnelles,W. R. Buck,41457,Dicranum fuscescens Turner,Dicranum fuscescens Turner,462,400
NY,NY,02589402,219275,extractions institutionnelles,D. F. Bastien,41478,Sphagnum russowii Warnst.,Sphagnum russowii Warnst.,930,793
NY,NY,02589379,219299,extractions institutionnelles,D. F. Bastien,41482,Warnstorfia exannulata (Schimp.) Loeske,Warnstorfia exannulata (Schimp.) Loeske,1818,715
NY,NY,01912214,219309,extractions institutionnelles,W. R. Buck,41460,Hygrohypnum duriusculum (De Not.) D.W.Jamieson,Hygrohypnum duriusculum (De Not.) D.W.Jamieson,585,509
NY,NY,01912180,219313,extractions institutionnelles,W. R. Buck,41459,Polytrichum commune Hedw.,Polytrichum commune Hedw.,2139,1059
NY,NY,02696350,219315,extractions institutionnelles,W. R. Buck,42629,Brachythecium rotaeanum De Not.,Brachythecium rotaeanum De Not.,331,290
NY,NY,02696357,219317,extractions institutionnelles,W. R. Buck,42629,Calliergonella lindbergii (Mitt.) Hedenäs,Calliergonella lindbergii (Mitt.) Hedenäs,1660,530
NY,NY,02589416,219319,extractions institutionnelles,D. F. Bastien,41481,Tetraplodon urceolatus (Hedw.) Bruch & Schimp.,Tetraplodon urceolatus (Hedw.) Bruch & Schimp.,967,827
NY,NY,01912216,219328,extractions institutionnelles,W. R. Buck,41460,Andreaea rupestris Hedw.,Andreaea rupestris Hedw.,288,250
NY,NY,02592047,219336,extractions institutionnelles,D. F. Bastien,41471,Hypnum vaucheri Lesq.,Hypnum vaucheri Lesq.,615,535
NY,NY,1596417,219338,extractions institutionnelles,W. R. Buck,41093,Pohlia lescuriana (Sull.) Ochi,Pohlia lescuriana (Sull.) Ochi,2235,639
NY,NY,02591971,219341,extractions institutionnelles,J. Y. Gagnon,38211,Sphagnum girgensohnii Russow,Sphagnum girgensohnii Russow,908,771
NY,NY,02696373,219343,extractions institutionnelles,W. R. Buck,42630,Entodon seductrix (Hedw.) Müll.Hal.,Entodon seductrix (Hedw.) Müll.Hal.,513,445
NY,NY,02592023,219344,extractions institutionnelles,D. F. Bastien,41469,Schistidium boreale Poelt,Schistidium boreale Poelt,854,721
NY,NY,02589398,219346,extractions institutionnelles,D. F. Bastien,41478,Plagiothecium laetum Schimp.,Plagiothecium laetum Schimp.,713,616
NY,NY,02709846,219348,extractions institutionnelles,W. R. Buck,42633,Amblystegium humile (P.Beauv.) Crundw.,Amblystegium humile (P.Beauv.) Crundw.,2072,504
NY,NY,02591960,219352,extractions institutionnelles,J. Y. Gagnon,39295,Mylia anomala (Hook.) Gray,Mylia anomala (Hook.) Gray,1139,118
NY,NY,02589422,219354,extractions institutionnelles,D. F. Bastien,41480,Seligeria diversifolia Lindb.,Seligeria diversifolia Lindb.,884,747
NY,NY,02591965,219366,extractions institutionnelles,B. Tremblay,41519,Leucobryum glaucum (Hedw.) Ångstr.,Leucobryum glaucum (Hedw.) Ångstr.,631,549
NY,NY,02591983,219370,extractions institutionnelles,J. Y. Gagnon,38571,Scorpidium scorpioides (Hedw.) Limpr.,Scorpidium scorpioides (Hedw.) Limpr.,880,743
NY,NY,02589445,219372,extractions institutionnelles,D. F. Bastien,41476,Dichodontium pellucidum (Hedw.) Schimp.,Dichodontium pellucidum (Hedw.) Schimp.,439,379
NY,NY,02709852,219377,extractions institutionnelles,W. R. Buck,42633,Fissidens dubius P.Beauv.,Fissidens dubius P.Beauv.,523,454
NY,NY,02589364,219384,extractions institutionnelles,D. F. Bastien,41479,Pohlia filum (Schimp.) Mårtensson,Pohlia filum (Schimp.) Mårtensson,736,638
NY,NY,01912142,219385,extractions institutionnelles,W. R. Buck,41457,Tortella tortuosa (Schrad. ex Hedw.) Limpr.,Tortella tortuosa (Hedw.) Limpr.,2226,849
NY,NY,02589443,219386,extractions institutionnelles,D. F. Bastien,41476,Dicranum acutifolium (Lindb. & Arnell) C.E.O.Jensen,Dicranum acutifolium (Lindb. & Arnell) C.E.O.Jensen,451,391
NY,NY,01912209,219387,extractions institutionnelles,W. R. Buck,41460,Calliergonella lindbergii (Mitt.) Hedenäs,Calliergonella lindbergii (Mitt.) Hedenäs,1660,530
NY,NY,01912147,219388,extractions institutionnelles,W. R. Buck,41457,Neckera pennata Hedw.,Neckera pennata Hedw.,656,569
NY,NY,02709756,219395,extractions institutionnelles,W. R. Buck,42630,Tortella tortuosa (Schrad. ex Hedw.) Limpr.,Tortella tortuosa (Hedw.) Limpr.,2226,849
NY,NY,02592031,219398,extractions institutionnelles,D. F. Bastien,41469,Ditrichum flexicaule (Schwägr.) Hampe,Ditrichum flexicaule (Schwägr.) Hampe,1979,425
NY,NY,02591943,219399,extractions institutionnelles,J. Y. Gagnon,36733,Fuscocephaloziopsis albescens (Hook.) Váňa & L.Söderstr.,Fuscocephaloziopsis albescens (Hook.) Váňa & L.Söderstr.,1858,168
NY,NY,02591978,219402,extractions institutionnelles,J. Y. Gagnon,38567,Marsupella emarginata (Ehrh.) Dumort.,Marsupella emarginata (Ehrh.) Dumort.,3227,144
NY,NY,1596429,219406,extractions institutionnelles,W. R. Buck,41094,Bartramia pomiformis Hedw.,Bartramia pomiformis Hedw.,314,274
NY,NY,02589444,219408,extractions institutionnelles,D. F. Bastien,41476,Grimmia anodon Bruch & Schimp.,Grimmia anodon Bruch & Schimp.,542,470
NY,NY,02589457,219411,extractions institutionnelles,D. F. Bastien,41475,Sphagnum russowii Warnst.,Sphagnum russowii Warnst.,930,793
NY,NY,1596426,219417,extractions institutionnelles,W. R. Buck,41094,Racomitrium aciculare (Hedw.) Brid.,Racomitrium aciculare (Hedw.) Brid.,797,685
NY,NY,02709848,219418,extractions institutionnelles,W. R. Buck,42633,Brachythecium campestre (Müll.Hal.) Schimp.,Brachythecium campestre (Müll.Hal.) Schimp.,319,279
NY,NY,02589448,219426,extractions institutionnelles,D. F. Bastien,41476,Orthotrichum alpestre Hornsch. ex Bruch & Schimp.,Orthotrichum alpestre Hornsch. ex Bruch & Schimp.,665,578
NY,NY,02696363,219429,extractions institutionnelles,W. R. Buck,42629,Calliergonella lindbergii (Mitt.) Hedenäs,Calliergonella lindbergii (Mitt.) Hedenäs,1660,530
NY,NY,02591944,219430,extractions institutionnelles,J. Y. Gagnon,36733,Fuscocephaloziopsis albescens (Hook.) Váňa & L.Söderstr.,Fuscocephaloziopsis albescens (Hook.) Váňa & L.Söderstr.,1858,168
NY,NY,01912165,219432,extractions institutionnelles,W. R. Buck,41457,Pogonatum urnigerum (Hedw.) P.Beauv.,Pogonatum urnigerum (Hedw.) P.Beauv.,727,629
NY,NY,02709861,219439,extractions institutionnelles,W. R. Buck,42633,Anomodon attenuatus (Hedw.) Huebener,Anomodon attenuatus (Hedw.) Hübener,292,252
NY,NY,01912192,219442,extractions institutionnelles,W. R. Buck,41459,Grimmia donniana Sm.,Grimmia donniana Sm.,545,473
NY,NY,1596412,219446,extractions institutionnelles,W. R. Buck,41092,Schistostega pennata (Hedw.) F.Weber & D.Mohr,Schistostega pennata (Hedw.) F.Weber & D.Mohr,873,739
NY,NY,01912130,219447,extractions institutionnelles,W. R. Buck,41457,Fissidens bryoides Hedw.,Fissidens bryoides Hedw.,521,452
NY,NY,02592005,219448,extractions institutionnelles,D. F. Bastien,41468,Pohlia nutans (Hedw.) Lindb.,Pohlia nutans (Hedw.) Lindb.,740,642
NY,NY,1596418,219453,extractions institutionnelles,W. R. Buck,41093,Pohlia andalusica (Höhn.) Broth.,Pohlia andalusica (Höhn.) Broth.,728,630
NY,NY,02032674,219454,extractions institutionnelles,W. R. Buck,41460,Blindia acuta (Hedw.) Bruch & Schimp.,Blindia acuta (Hedw.) Bruch & Schimp.,315,275
NY,NY,02589404,219457,extractions institutionnelles,D. F. Bastien,41481,Bryum wrightii Sull. & Lesq.,Bryum wrightii Sull.,3469,338
NY,NY,01912144,219463,extractions institutionnelles,W. R. Buck,41457,Eurhynchium pulchellum (Hedw.) Jenn.,Eurhynchium pulchellum (Hedw.) Jenn.,519,450
NY,NY,02709859,219464,extractions institutionnelles,W. R. Buck,42633,Brachythecium rotaeanum De Not.,Brachythecium rotaeanum De Not.,331,290
NY,NY,02696384,219466,extractions institutionnelles,W. R. Buck,42630,Pylaisia selwynii Kindb.,Pylaisia selwynii Kindb.,1947,684
NY,NY,01912195,219475,extractions institutionnelles,W. R. Buck,41459,Racomitrium lanuginosum (Hedw.) Brid.,Racomitrium lanuginosum (Hedw.) Brid.,811,692
NY,NY,02591951,219477,extractions institutionnelles,J. Y. Gagnon,38568,Lophozia sudetica (Nees ex Huebener) Grolle,Lophozia sudetica (Nees) Grolle,156,131
NY,NY,02589374,219480,extractions institutionnelles,D. F. Bastien,41478,Hennediella heimii (Hedw.) R.H.Zander,Hennediella heimii (Hedw.) R.H.Zander,573,498
NY,NY,02589460,219482,extractions institutionnelles,D. F. Bastien,41475,Sphagnum obtusum Warnst.,Sphagnum obtusum Warnst.,917,780
NY,NY,02592037,219484,extractions institutionnelles,D. F. Bastien,41470,Ulota curvifolia (Wahlenb.) Lilj.,Ulota curvifolia (Wahlenb.) Lilj.,1013,864
NY,NY,01912217,219485,extractions institutionnelles,W. R. Buck,41460,Calliergon cordifolium (Hedw.) Kindb.,Calliergon cordifolium (Hedw.) Kindb.,393,341
NY,NY,02591997,219487,extractions institutionnelles,J. Y. Gagnon,38921,Grimmia trichophylla Grev.,Grimmia trichophylla Grev.,561,487
NY,NY,02592024,219490,extractions institutionnelles,D. F. Bastien,41469,Tetraplodon urceolatus (Hedw.) Bruch & Schimp.,Tetraplodon urceolatus (Hedw.) Bruch & Schimp.,967,827
NY,NY,01912162,219495,extractions institutionnelles,W. R. Buck,41457,Schistidium rivulare (Brid.) Podp.,Schistidium rivulare (Brid.) Podp.,868,734
NY,NY,02589396,219510,extractions institutionnelles,D. F. Bastien,41478,Grimmia anodon Bruch & Schimp.,Grimmia anodon Bruch & Schimp.,542,470
NY,NY,02591949,219511,extractions institutionnelles,J. Y. Gagnon,38567,Scapania undulata (L.) Dumort.,Scapania undulata (L.) Dumort.,249,219
NY,NY,01912153,219517,extractions institutionnelles,W. R. Buck,41457,Dicranum viride (Sull. & Lesq.) Lindb.,Dicranum viride (Sull. & Lesq.) Lindb.,476,413
NY,NY,02709841,219519,extractions institutionnelles,W. R. Buck,42633,Aulacomnium palustre (Hedw.) Schwägr.,Aulacomnium palustre (Hedw.) Schwägr.,309,269
NY,NY,02696394,219520,extractions institutionnelles,W. R. Buck,42630,Brachythecium rutabulum (Hedw.) Schimp.,Brachythecium rutabulum (Hedw.) Schimp.,332,291
NY,NY,01912131,219524,extractions institutionnelles,W. R. Buck,41457,Atrichum crispulum Schimp. ex Besch.,Atrichum crispulum Schimp. ex Besch.,305,265
NY,NY,02592052,219526,extractions institutionnelles,D. F. Bastien,41472,Bryum algovicum Sendtn. ex Müll.Hal.,Bryum algovicum Sendtn. ex Müll.Hal.,343,301
NY,NY,02696361,219529,extractions institutionnelles,W. R. Buck,42629,Leskea gracilescens Hedw.,Leskea gracilescens Hedw.,628,546
NY,NY,01912140,219530,extractions institutionnelles,W. R. Buck,41457,Campyliadelphus chrysophyllus (Brid.) Kanda,Campyliadelphus chrysophyllus (Brid.) Kanda,399,345
NY,NY,02591945,219532,extractions institutionnelles,J. Y. Gagnon,36733,Fuscocephaloziopsis albescens (Hook.) Váňa & L.Söderstr.,Fuscocephaloziopsis albescens (Hook.) Váňa & L.Söderstr.,1858,168
NY,NY,02696395,219533,extractions institutionnelles,W. R. Buck,42630,Hedwigia ciliata (Hedw.) P.Beauv.,Hedwigia ciliata (Hedw.) P.Beauv.,569,494
NY,NY,02589467,219537,extractions institutionnelles,D. F. Bastien,41485,Gymnostomum aeruginosum Sm.,Gymnostomum aeruginosum Sm.,563,489
NY,NY,02689317,219544,extractions institutionnelles,J. Faubert,41533,Serpoleskea confervoides (Brid.) Loeske,Serpoleskea confervoides (Brid.) Loeske,1943,619
NY,NY,01912156,219545,extractions institutionnelles,W. R. Buck,41457,Campylium stellatum (Hedw.) Lange & C.E.O.Jensen,Campylium stellatum (Hedw.) C.E.O.Jensen,3472,347
NY,NY,02696379,219554,extractions institutionnelles,W. R. Buck,42630,Hygroamblystegium varium (Hedw.) Mönk.,Hygroamblystegium varium (Hedw.) Mönk.,2010,1003
NY,NY,01912171,219557,extractions institutionnelles,W. R. Buck,41457,Brachythecium rotaeanum De Not.,Brachythecium rotaeanum De Not.,331,290
NY,NY,01912127,219559,extractions institutionnelles,W. R. Buck,41457,Thuidium delicatulum (Hedw.) Schimp.,Thuidium delicatulum (Hedw.) Schimp.,977,835
NY,NY,02709751,219563,extractions institutionnelles,W. R. Buck,42630,Cratoneuron filicinum (Hedw.) Spruce,Cratoneuron filicinum (Hedw.) Spruce,423,365
NY,NY,02589466,219570,extractions institutionnelles,D. F. Bastien,41485,Cinclidium stygium Sw.,Cinclidium stygium Sw.,415,357
NY,NY,02696359,219571,extractions institutionnelles,W. R. Buck,42629,Brachythecium laetum (Brid.) Schimp.,Brachythecium laetum (Brid.) Schimp.,324,284
NY,NY,01912164,219572,extractions institutionnelles,W. R. Buck,41457,Bartramia pomiformis Hedw.,Bartramia pomiformis Hedw.,314,274
NY,NY,02589450,219574,extractions institutionnelles,D. F. Bastien,41476,Plagiomnium cuspidatum (Hedw.) T.J.Kop.,Plagiomnium cuspidatum (Hedw.) T.J.Kop.,705,608
NY,NY,02589439,219576,extractions institutionnelles,D. F. Bastien,41476,Warnstorfia sarmentosa (Wahlenb.) Hedenäs,Warnstorfia sarmentosa (Wahlenb.) Hedenäs,1822,716
NY,NY,1596410,219577,extractions institutionnelles,W. R. Buck,41092,Straminergon stramineum (Dicks. ex Brid.) Hedenäs,Straminergon stramineum (Dicks. ex Brid.) Hedenäs,951,814
NY,NY,02592003,219579,extractions institutionnelles,D. F. Bastien,41468,Schistidium boreale Poelt,Schistidium boreale Poelt,854,721
UdeM,MT,MT00161317,219916,extractions institutionnelles,"Fraser, Marie-Hélène",38515,Racomitrium lanuginosum (Hedw.) Brid.,Racomitrium lanuginosum (Hedwig) Bridel,811,692
UdeM,MT,MT00161318,219923,extractions institutionnelles,"Fraser, Marie-Hélène",38515,Ditrichum flexicaule (Schwägr.) Hampe,Ditrichum flexicaule (Schwägrichen) Hampe,1979,425
UdeM,MT,MT00161323,219932,extractions institutionnelles,"Fraser, Marie-Hélène",38515,Sphagnum L.,Sphagnum,4170,NA
UdeM,MT,MT00224961,219934,extractions institutionnelles,"Parenteau, Lucie",42969,Dicranum polysetum Sw.,Dicranum polysetum Swartz,471,408
UdeM,MT,MT00292716,219942,extractions institutionnelles,"Lapointe, André",41106,Splachnum sphaericum Hedw.,Splachnum sphaericum Hedwig,947,810
NY,NY,02592026,220061,extractions institutionnelles,D. F. Bastien,41469,Orthotrichum alpestre Hornsch. ex Bruch & Schimp.,Orthotrichum alpestre Hornsch. ex Bruch & Schimp.,665,578
NY,NY,02591996,220070,extractions institutionnelles,J. Y. Gagnon,38921,Pohlia wahlenbergii (F.Weber & D.Mohr) A.L.Andrews,Pohlia wahlenbergii (F.Weber & D.Mohr) A.L.Andrews,744,646
NY,NY,01912182,220071,extractions institutionnelles,W. R. Buck,41459,Polytrichum piliferum Hedw.,Polytrichum piliferum Hedw.,761,660
NY,NY,02589441,220073,extractions institutionnelles,D. F. Bastien,41476,Sphagnum steerei R.E.Andrus,Sphagnum steerei R.E.Andrus,932,795
NY,NY,01912160,220074,extractions institutionnelles,W. R. Buck,41457,Calliergonella lindbergii (Mitt.) Hedenäs,Calliergonella lindbergii (Mitt.) Hedenäs,1660,530
NY,NY,02589420,220077,extractions institutionnelles,D. F. Bastien,41480,Sphagnum russowii Warnst.,Sphagnum russowii Warnst.,930,793
NY,NY,01912159,220079,extractions institutionnelles,W. R. Buck,41457,Hygrohypnum eugyrium (Schimp.) Loeske,Hygrohypnum eugyrium (Schimp.) Loeske,586,510
NY,NY,1596424,220082,extractions institutionnelles,W. R. Buck,41093,Racomitrium microcarpon (Hedw.) Brid.,Racomitrium microcarpum (Hedw.) Brid.,2170,693
NY,NY,01912178,220083,extractions institutionnelles,W. R. Buck,41458,Plagiothecium laetum Schimp.,Plagiothecium laetum Schimp.,713,616
NY,NY,01912166,220090,extractions institutionnelles,W. R. Buck,41457,Dichodontium pellucidum (Hedw.) Schimp.,Dichodontium pellucidum (Hedw.) Schimp.,439,379
NY,NY,02592027,220094,extractions institutionnelles,D. F. Bastien,41469,Bryum archangelicum Bruch & Schimp.,Bryum archangelicum Bruch & Schimp.,345,302
NY,NY,02591981,220097,extractions institutionnelles,J. Y. Gagnon,38569,Pseudoleskeella rupestris (Berggr.) Hedenäs & L.Söderstr.,Pseudoleskeella rupestris (Berggr.) Hedenäs & L.Söderstr.,779,673
NY,NY,02592029,220099,extractions institutionnelles,D. F. Bastien,41469,Dicranum acutifolium (Lindb. & Arnell) C.E.O.Jensen,Dicranum acutifolium (Lindb. & Arnell) C.E.O.Jensen,451,391
NY,NY,02592019,220100,extractions institutionnelles,D. F. Bastien,41469,Sphagnum riparium Ångstr.,Sphagnum riparium Ångstr.,927,790
NY,NY,02589400,220107,extractions institutionnelles,D. F. Bastien,41478,Orthotrichum alpestre Hornsch. ex Bruch & Schimp.,Orthotrichum alpestre Hornsch. ex Bruch & Schimp.,665,578
NY,NY,02589366,220108,extractions institutionnelles,D. F. Bastien,41479,Sphagnum riparium Ångstr.,Sphagnum riparium Ångstr.,927,790
NY,NY,02591956,220111,extractions institutionnelles,J. Y. Gagnon,38919,Fuscocephaloziopsis albescens (Hook.) Váňa & L.Söderstr.,Fuscocephaloziopsis albescens (Hook.) Váňa & L.Söderstr.,1858,168
NY,NY,02591980,220116,extractions institutionnelles,J. Y. Gagnon,38568,Racomitrium microcarpon (Hedw.) Brid.,Racomitrium microcarpum (Hedw.) Brid.,2170,693
NY,NY,02592044,220352,extractions institutionnelles,D. F. Bastien,41471,Warnstorfia sarmentosa (Wahlenb.) Hedenäs,Warnstorfia sarmentosa (Wahlenb.) Hedenäs,1822,716
NY,NY,02709759,220355,extractions institutionnelles,W. R. Buck,42630,Funaria hygrometrica Hedw.,Funaria hygrometrica Hedw.,541,469
NY,NY,02592006,220364,extractions institutionnelles,D. F. Bastien,41468,Pohlia nutans (Hedw.) Lindb.,Pohlia nutans (Hedw.) Lindb.,740,642
NY,NY,02592011,220366,extractions institutionnelles,D. F. Bastien,41468,Encalypta rhaptocarpa Schwägr.,Encalypta rhaptocarpa Schwägr.,511,443
NY,NY,01912135,220367,extractions institutionnelles,W. R. Buck,41457,Climacium dendroides (Hedw.) F.Weber & D.Mohr,Climacium dendroides (Hedw.) F.Weber & D.Mohr,419,361
NY,NY,02592014,220371,extractions institutionnelles,D. F. Bastien,41468,Distichium capillaceum (Hedw.) Bruch & Schimp.,Distichium capillaceum (Hedw.) Bruch & Schimp.,488,423
NY,NY,01912161,220376,extractions institutionnelles,W. R. Buck,41457,Dichodontium pellucidum (Hedw.) Schimp.,Dichodontium pellucidum (Hedw.) Schimp.,439,379
NY,NY,01448949,220380,extractions institutionnelles,D. Cobbaert,37082,Sphagnum girgensohnii Russow,Sphagnum girgensohnii Russow,908,771
NY,NY,02592036,220381,extractions institutionnelles,D. F. Bastien,41470,Warnstorfia exannulata (Schimp.) Loeske,Warnstorfia exannulata (Schimp.) Loeske,1818,715
NY,NY,02696380,220386,extractions institutionnelles,W. R. Buck,42630,Anomodon viticulosus (Hedw.) Hook. & Taylor,Anomodon viticulosus (Hedw.) Hook. & Taylor,296,256
NY,NY,02696400,220388,extractions institutionnelles,W. R. Buck,42630,Hygroamblystegium tenax (Hedw.) Jenn.,Hygroamblystegium tenax (Hedw.) Jenn.,1646,1001
NY,NY,02589413,220390,extractions institutionnelles,D. F. Bastien,41475,Sphagnum fuscum (Schimp.) H.Klinggr.,Sphagnum fuscum (Schimp.) H.Klinggr.,907,770
NY,NY,1596408,220392,extractions institutionnelles,W. R. Buck,41092,Bryum pallens Sw.,Bryum pallens Sw.,377,326
NY,NY,02591970,220407,extractions institutionnelles,J. Y. Gagnon,38211,Sphagnum girgensohnii Russow,Sphagnum girgensohnii Russow,908,771
TENN,,TENN-B-0131507,220587,extractions institutionnelles,W.A. Weber; Linna Weber,38145,Schistidium dupretii (Thér.) W.A.Weber,Schistidium dupretii,859,725
TENN,,TENN-B-0131510,220610,extractions institutionnelles,W.A. Weber; Linna Weber,38145,Syntrichia montana Nees,Syntrichia montana,5827,NA
TRH,B,39148/2,221694,extractions institutionnelles,Tommy Prestø,42878,Didymodon (Griff.) Paris,Didymodon,4051,NA
TRH,B,39149/1,221695,extractions institutionnelles,"Tommy Prestø, Kristian Hassel",42879,"Lewinskya affinis (Brid.) F.Lara, Garilleti & Goffinet",Lewinskya affinis,5405,NA
TRH,B,39151/2,221696,extractions institutionnelles,Tommy Prestø,42879,Plagiomnium T.J.Kop.,Plagiomnium,4128,NA
TRH,B,39152/1,221697,extractions institutionnelles,Tommy Prestø,42880,Frullania oakesiana Austin,Frullania oakesiana,96,83
TRH,B,82145/1,221698,extractions institutionnelles,"Bergfrid Flatberg, Kjell Ivar Flatberg",39296,Aulacomnium palustre (Hedw.) Schwägr.,Aulacomnium palustre,309,269
TRH,B,724323/1,221704,extractions institutionnelles,"Bergfrid Flatberg, Kjell Ivar Flatberg",39285,Sphagnum fallax (H.Klinggr.) H.Klinggr.,Sphagnum fallax,903,766
TRH,B,724389/1,221705,extractions institutionnelles,"Bergfrid Flatberg, Kjell Ivar Flatberg",39300,Sphagnum tescorum Flatberg,Sphagnum tescorum,5810,NA
TRH,B,725379/1,221708,extractions institutionnelles,"Bergfrid Flatberg, Kjell Ivar Flatberg",39310,Sphagnum russowii Warnst.,Sphagnum russowii,930,793
TRH,B,725544/1,221709,extractions institutionnelles,"Bergfrid Flatberg, Kjell Ivar Flatberg",39291,Sphagnum subfulvum Sjörs,Sphagnum subfulvum,933,796
TRH,B,725838/1,221710,extractions institutionnelles,"Bergfrid Flatberg, Kjell Ivar Flatberg",39298,Sphagnum talbotianum R.E.Andrus,Sphagnum talbotianum,5804,NA
TRH,B,725841/1,221711,extractions institutionnelles,"Bergfrid Flatberg, Kjell Ivar Flatberg",39302,Sphagnum talbotianum R.E.Andrus,Sphagnum talbotianum,5804,NA
TRH,B,741568/1,221712,extractions institutionnelles,Kjell Ivar Flatberg,39297,Tomentypnum nitens (Hedw.) Loeske,Tomentypnum nitens,987,844
TRH,B,742297/1,221713,extractions institutionnelles,"Kjell Ivar Flatberg, Bergfrid Flatberg",39308,Sphagnum concinnum (Berggr.) Flatberg,Sphagnum concinnum,900,763
TRH,B,39153/1,221729,extractions institutionnelles,Tommy Prestø,42880,Ulota D.Mohr,Ulota,4186,NA
TRH,B,82380/1,221731,extractions institutionnelles,"Bergfrid Flatberg, Kjell Ivar Flatberg",39300,Scorpidium cossonii (Schimp.) Hedenäs,Scorpidium cossonii,875,741
TRH,B,83323/1,221732,extractions institutionnelles,"Bergfrid Flatberg, Kjell Ivar Flatberg",39311,Tomentypnum nitens (Hedw.) Loeske,Tomentypnum nitens,987,844
TRH,B,673457/1,221737,extractions institutionnelles,"Bergfrid Flatberg, Kjell Ivar Flatberg",39285,Tomentypnum nitens (Hedw.) Loeske,Tomentypnum nitens,987,844
TRH,B,673460/1,221738,extractions institutionnelles,"Bergfrid Flatberg, Kjell Ivar Flatberg",39305,Cinclidium stygium Sw.,Cinclidium stygium,415,357
TRH,B,724519/1,221739,extractions institutionnelles,"Bergfrid Flatberg, Kjell Ivar Flatberg",39284,Sphagnum fuscum (Schimp.) H.Klinggr.,Sphagnum fuscum,907,770
TRH,B,725838/2,221742,extractions institutionnelles,"Bergfrid Flatberg, Kjell Ivar Flatberg",39298,Sphagnum teres (Schimp.) Ångstr.,Sphagnum teres,937,800
TRH,B,725839/1,221743,extractions institutionnelles,"Bergfrid Flatberg, Kjell Ivar Flatberg",39298,Sphagnum talbotianum R.E.Andrus,Sphagnum talbotianum,5804,NA
TRH,B,741440/1,221744,extractions institutionnelles,"Kjell Ivar Flatberg, Bergfrid Flatberg",39306,Schistidium flexipile (Lindb. ex Broth.) G.Roth,Schistidium flexipile,860,726
TRH,B,741569/1,221745,extractions institutionnelles,"Kjell Ivar Flatberg, Bergfrid Flatberg",39305,Plagiomnium ellipticum (Brid.) T.J.Kop.,Plagiomnium ellipticum,707,610
TRH,B,742298/1,221746,extractions institutionnelles,"Kjell Ivar Flatberg, Bergfrid Flatberg",39309,Sphagnum concinnum (Berggr.) Flatberg,Sphagnum concinnum,900,763
TRH,B,2954814,221750,extractions institutionnelles,"Bergfrid Flatberg, Kjell Ivar Flatberg",39308,Sphagnum incundum Flatberg & K.Hassel,Sphagnum incundum Flatberg & Hassel,1952,899
TRH,B,39153/2,221759,extractions institutionnelles,Tommy Prestø,42880,Frullania oakesiana Austin,Frullania oakesiana,96,83
TRH,B,39154/1,221760,extractions institutionnelles,"Tommy Prestø, Kristian Hassel",42880,Polytrichum piliferum Hedw.,Polytrichum piliferum,761,660
TRH,B,83324/1,221764,extractions institutionnelles,"Bergfrid Flatberg, Kjell Ivar Flatberg",39302,Tomentypnum nitens (Hedw.) Loeske,Tomentypnum nitens,987,844
TRH,B,673458/1,221767,extractions institutionnelles,"Bergfrid Flatberg, Kjell Ivar Flatberg",39298,Pseudobryum cinclidioides (Huebener) T.J.Kop.,Pseudobryum cinclidioides,764,663
TRH,B,673461/1,221768,extractions institutionnelles,"Bergfrid Flatberg, Kjell Ivar Flatberg",39307,Cinclidium stygium Sw.,Cinclidium stygium,415,357
TRH,B,724790/1,221770,extractions institutionnelles,"Bergfrid Flatberg, Kjell Ivar Flatberg",39291,Sphagnum lindbergii Schimp.,Sphagnum lindbergii,912,775
TRH,B,725780/1,221773,extractions institutionnelles,"Bergfrid Flatberg, Kjell Ivar Flatberg",39307,Sphagnum teres (Schimp.) Ångstr.,Sphagnum teres,937,800
TRH,B,725810/1,221774,extractions institutionnelles,"Bergfrid Flatberg, Kjell Ivar Flatberg",39295,Sphagnum tundrae Flatberg,Sphagnum tundrae,939,802
TRH,B,725839/2,221775,extractions institutionnelles,"Bergfrid Flatberg, Kjell Ivar Flatberg",39298,Sphagnum teres (Schimp.) Ångstr.,Sphagnum teres,937,800
TRH,B,727298/1,221776,extractions institutionnelles,"Bergfrid Flatberg, Kjell Ivar Flatberg",39308,Sphagnum lenense H.Lindb.,Sphagnum lenense,3528,773
TRH,B,741438/1,221777,extractions institutionnelles,"Kjell Ivar Flatberg, Bergfrid Flatberg",39301,Schistidium flexipile (Lindb. ex Broth.) G.Roth,Schistidium flexipile,860,726
TRH,B,741441/1,221778,extractions institutionnelles,"Kjell Ivar Flatberg, Bergfrid Flatberg",39296,Sphagnum concinnum (Berggr.) Flatberg,Sphagnum concinnum,900,763
TRH,B,741569/2,221779,extractions institutionnelles,"Kjell Ivar Flatberg, Bergfrid Flatberg",39305,Cinclidium stygium Sw.,Cinclidium stygium,415,357
TRH,B,742299/1,221780,extractions institutionnelles,"Kjell Ivar Flatberg, Bergfrid Flatberg",39299,Sphagnum concinnum (Berggr.) Flatberg,Sphagnum concinnum,900,763
TRH,B,773451/1,221784,extractions institutionnelles,"Line Couillard, Daniel Bérubé",40752,Sphagnum incundum Flatberg & K.Hassel,Sphagnum incundum Flatberg & Hassel,1952,899
TRH,B,2954083,221785,extractions institutionnelles,"Bergfrid Flatberg, Kjell Ivar Flatberg",39308,Sphagnum incundum Flatberg & K.Hassel,Sphagnum incundum Flatberg & Hassel,1952,899
TRH,B,2955179,221786,extractions institutionnelles,"Bergfrid Flatberg, Kjell Ivar Flatberg",39308,Sphagnum incundum Flatberg & K.Hassel,Sphagnum incundum Flatberg & Hassel,1952,899
TRH,B,39155/1,221796,extractions institutionnelles,Tommy Prestø,42880,Ptilidium pulcherrimum (Weber) Vain.,Ptilidium pulcherrimum,205,176
TRH,B,82115/1,221797,extractions institutionnelles,"Bergfrid Flatberg, Kjell Ivar Flatberg",39297,Aplodon wormskioldii (Hornem.) R.Br.,Aplodon wormskioldii,299,259
TRH,B,82610/1,221799,extractions institutionnelles,"Bergfrid Flatberg, Kjell Ivar Flatberg",39308,Hylocomium splendens (Hedw.) Schimp.,Hylocomium splendens,597,519
TRH,B,96660/1,221803,extractions institutionnelles,Rèmy Pouliot,2014,Sphagnum medium Limpr.,Sphagnum medium,2060,905
TRH,B,673462/1,221806,extractions institutionnelles,"Bergfrid Flatberg, Kjell Ivar Flatberg",39303,Cinclidium latifolium Lindb.,Cinclidium latifolium,414,356
TRH,B,724953/1,221808,extractions institutionnelles,"Bergfrid Flatberg, Kjell Ivar Flatberg",39299,Sphagnum olafii Flatberg,Sphagnum olafii,918,781
TRH,B,725118/1,221809,extractions institutionnelles,"Bergfrid Flatberg, Kjell Ivar Flatberg",39291,Sphagnum papillosum Lindb.,Sphagnum papillosum,921,784
TRH,B,725778/1,221810,extractions institutionnelles,"Bergfrid Flatberg, Kjell Ivar Flatberg",39298,Sphagnum teres (Schimp.) Ångstr.,Sphagnum teres,937,800
TRH,B,725780/2,221811,extractions institutionnelles,"Bergfrid Flatberg, Kjell Ivar Flatberg",39307,Aulacomnium palustre (Hedw.) Schwägr.,Aulacomnium palustre,309,269
TRH,B,725781/1,221812,extractions institutionnelles,"Bergfrid Flatberg, Kjell Ivar Flatberg",39307,Sphagnum teres (Schimp.) Ångstr.,Sphagnum teres,937,800
TRH,B,725808/1,221813,extractions institutionnelles,"Bergfrid Flatberg, Kjell Ivar Flatberg",39299,Sphagnum tundrae Flatberg,Sphagnum tundrae,939,802
TRH,B,726108/1,221814,extractions institutionnelles,"Bergfrid Flatberg, Kjell Ivar Flatberg",39297,Drepanocladus trifarius (F.Weber & D.Mohr) Broth.,Drepanocladus trifarius,3079,665
TRH,B,741439/1,221815,extractions institutionnelles,"Kjell Ivar Flatberg, Bergfrid Flatberg",39305,Schistidium flexipile (Lindb. ex Broth.) G.Roth,Schistidium flexipile,860,726
TRH,B,742300/1,221816,extractions institutionnelles,"Kjell Ivar Flatberg, Bergfrid Flatberg",39304,Sphagnum concinnum (Berggr.) Flatberg,Sphagnum concinnum,900,763
TRH,B,773452/1,221819,extractions institutionnelles,"Jean Gagnon, Benoit Tremblay, Vincent Desormeaux",40750,Sphagnum incundum Flatberg & K.Hassel,Sphagnum incundum Flatberg & Hassel,1952,899
TRH,B,2954449,221820,extractions institutionnelles,"Bergfrid Flatberg, Kjell Ivar Flatberg",39308,Sphagnum incundum Flatberg & K.Hassel,Sphagnum incundum Flatberg & Hassel,1952,899
TRH,B,2955544,221821,extractions institutionnelles,"Bergfrid Flatberg, Kjell Ivar Flatberg",39308,Sphagnum incundum Flatberg & K.Hassel,Sphagnum incundum Flatberg & Hassel,1952,899
TRH,B,39155/2,221830,extractions institutionnelles,Tommy Prestø,42880,Dicranum Hedw.,Dicranum,4050,NA
TRH,B,39156/1,221831,extractions institutionnelles,Tommy Prestø,42880,Nowellia curvifolia (Dicks.) Mitt.,Nowellia curvifolia,184,157
TRH,B,82608/1,221834,extractions institutionnelles,"Bergfrid Flatberg, Kjell Ivar Flatberg",39311,Hylocomium splendens (Hedw.) Schimp.,Hylocomium splendens,597,519
TRH,B,82611/1,221835,extractions institutionnelles,"Bergfrid Flatberg, Kjell Ivar Flatberg",39298,Hylocomium splendens (Hedw.) Schimp.,Hylocomium splendens,597,519
TRH,B,83326/1,221837,extractions institutionnelles,"Bergfrid Flatberg, Kjell Ivar Flatberg",39296,Tomentypnum nitens (Hedw.) Loeske,Tomentypnum nitens,987,844
TRH,B,122297/1,221839,extractions institutionnelles,Mohsen Falahati,45066,Hylocomiadelphus triquetrus (Hedw.) Ochyra & Stebel,Hylocomiadelphus triquetrus,835,710
TRH,B,673462/2,221841,extractions institutionnelles,"Bergfrid Flatberg, Kjell Ivar Flatberg",39303,Cinclidium stygium Sw.,Cinclidium stygium,415,357
TRH,B,724396/1,221842,extractions institutionnelles,"Bergfrid Flatberg, Kjell Ivar Flatberg",39303,Sphagnum concinnum (Berggr.) Flatberg,Sphagnum concinnum,900,763
TRH,B,724594/1,221844,extractions institutionnelles,"Bergfrid Flatberg, Kjell Ivar Flatberg",39299,Sphagnum girgensohnii Russow,Sphagnum girgensohnii,908,771
TRH,B,724789/1,221845,extractions institutionnelles,"Bergfrid Flatberg, Kjell Ivar Flatberg",39284,Sphagnum lindbergii Schimp.,Sphagnum lindbergii,912,775
TRH,B,725119/1,221846,extractions institutionnelles,"Bergfrid Flatberg, Kjell Ivar Flatberg",39291,Sphagnum papillosum Lindb.,Sphagnum papillosum,921,784
TRH,B,725290/1,221847,extractions institutionnelles,"Bergfrid Flatberg, Kjell Ivar Flatberg",39291,Sphagnum rubellum Wilson,Sphagnum rubellum,928,791
TRH,B,725779/1,221848,extractions institutionnelles,"Bergfrid Flatberg, Kjell Ivar Flatberg",39298,Sphagnum teres (Schimp.) Ångstr.,Sphagnum teres,937,800
TRH,B,725781/2,221849,extractions institutionnelles,"Bergfrid Flatberg, Kjell Ivar Flatberg",39307,Aulacomnium palustre (Hedw.) Schwägr.,Aulacomnium palustre,309,269
TRH,B,725782/1,221850,extractions institutionnelles,"Bergfrid Flatberg, Kjell Ivar Flatberg",39310,Sphagnum teres (Schimp.) Ångstr.,Sphagnum teres,937,800
TRH,B,725809/1,221851,extractions institutionnelles,"Bergfrid Flatberg, Kjell Ivar Flatberg",39295,Sphagnum tundrae Flatberg,Sphagnum tundrae,939,802
TRH,B,725845/1,221852,extractions institutionnelles,"Bergfrid Flatberg, Kjell Ivar Flatberg",39310,Sphagnum warnstorfii Russow,Sphagnum warnstorfii,941,804
TRH,B,741443/1,221854,extractions institutionnelles,Bergfrid Flatberg,39301,Schistidium flexipile (Lindb. ex Broth.) G.Roth,Schistidium flexipile,860,726
TRH,B,742301/1,221855,extractions institutionnelles,"Kjell Ivar Flatberg, Bergfrid Flatberg",39304,Sphagnum concinnum (Berggr.) Flatberg,Sphagnum concinnum,900,763
TRH,B,2955910,221858,extractions institutionnelles,"Bergfrid Flatberg, Kjell Ivar Flatberg",39308,Sphagnum incundum Flatberg & K.Hassel,Sphagnum incundum Flatberg & Hassel,1952,899
TRH,B,39156/2,221866,extractions institutionnelles,Tommy Prestø,42880,Crossocalyx hellerianus (Nees ex Lindenb.) Meyl.,Crossocalyx hellerianus,1930,7
TRH,B,39157/1,221867,extractions institutionnelles,"Tommy Prestø, Kristian Hassel",42880,Oligotrichum DC.,Oligotrichum,4118,NA
TRH,B,82609/1,221868,extractions institutionnelles,"Bergfrid Flatberg, Kjell Ivar Flatberg",39291,Hylocomium splendens (Hedw.) Schimp.,Hylocomium splendens,597,519
TRH,B,82612/1,221869,extractions institutionnelles,"Bergfrid Flatberg, Kjell Ivar Flatberg",39284,Hylocomium splendens (Hedw.) Schimp.,Hylocomium splendens,597,519
TRH,B,694614/1,221872,extractions institutionnelles,"Bergfrid Flatberg, Kjell Ivar Flatberg",39311,Hylocomium splendens (Hedw.) Schimp.,Hylocomium splendens,597,519
TRH,B,724397/1,221875,extractions institutionnelles,"Bergfrid Flatberg, Kjell Ivar Flatberg",39311,Sphagnum concinnum (Berggr.) Flatberg,Sphagnum concinnum,900,763
TRH,B,724595/1,221877,extractions institutionnelles,"Bergfrid Flatberg, Kjell Ivar Flatberg",39302,Sphagnum girgensohnii Russow,Sphagnum girgensohnii,908,771
TRH,B,725291/1,221878,extractions institutionnelles,"Bergfrid Flatberg, Kjell Ivar Flatberg",39291,Sphagnum rubellum Wilson,Sphagnum rubellum,928,791
TRH,B,725387/1,221879,extractions institutionnelles,"Bergfrid Flatberg, Kjell Ivar Flatberg",39308,Sphagnum russowii Warnst.,Sphagnum russowii,930,793
TRH,B,725417/1,221880,extractions institutionnelles,"Bergfrid Flatberg, Kjell Ivar Flatberg",39284,Sphagnum russowii Warnst.,Sphagnum russowii,930,793
TRH,B,725750/1,221881,extractions institutionnelles,"Bergfrid Flatberg, Kjell Ivar Flatberg",39291,Sphagnum teres (Schimp.) Ångstr.,Sphagnum teres,937,800
TRH,B,725783/1,221882,extractions institutionnelles,"Bergfrid Flatberg, Kjell Ivar Flatberg",39310,Sphagnum teres (Schimp.) Ångstr.,Sphagnum teres,937,800
TRH,B,741444/1,221883,extractions institutionnelles,Bergfrid Flatberg,39290,Schistidium flexipile (Lindb. ex Broth.) G.Roth,Schistidium flexipile,860,726
TRH,B,742302/1,221884,extractions institutionnelles,"Kjell Ivar Flatberg, Bergfrid Flatberg",39309,Sphagnum concinnum (Berggr.) Flatberg,Sphagnum concinnum,900,763
TRH,B,2956275,221888,extractions institutionnelles,"Bergfrid Flatberg, Kjell Ivar Flatberg",39308,Sphagnum incundum Flatberg & K.Hassel,Sphagnum incundum Flatberg & Hassel,1952,899
TRH,B,39156/3,221897,extractions institutionnelles,Tommy Prestø,42880,Blepharostoma trichophyllum (L.) Dumort.,Blepharostoma trichophyllum,3101,1101
TRH,B,39157/2,221898,extractions institutionnelles,"Tommy Prestø, Kristian Hassel",42880,Cephalozia bicuspidata (L.) Dumort.,Cephalozia bicuspidata,47,42
TRH,B,39158/1,221899,extractions institutionnelles,Tommy Prestø,42880,Ptilium crista-castrensis (Hedw.) De Not.,Ptilium crista-castrensis,790,681
TRH,B,39161/1,221900,extractions institutionnelles,"Tommy Prestø, Kristian Hassel",42880,Lophoziopsis excisa (Dicks.) Konstant. & Vilnet,Lophoziopsis excisa,1910,124
TRH,B,673465/1,221907,extractions institutionnelles,"Bergfrid Flatberg, Kjell Ivar Flatberg",39299,Cinclidium subrotundum Lindb.,Cinclidium subrotundum,416,358
TRH,B,694615/1,221908,extractions institutionnelles,"Bergfrid Flatberg, Kjell Ivar Flatberg",39298,Hylocomium splendens (Hedw.) Schimp.,Hylocomium splendens,597,519
TRH,B,724398/1,221911,extractions institutionnelles,"Bergfrid Flatberg, Kjell Ivar Flatberg",39301,Sphagnum concinnum (Berggr.) Flatberg,Sphagnum concinnum,900,763
TRH,B,724596/1,221913,extractions institutionnelles,"Bergfrid Flatberg, Kjell Ivar Flatberg",39292,Sphagnum girgensohnii Russow,Sphagnum girgensohnii,908,771
TRH,B,725388/1,221914,extractions institutionnelles,"Bergfrid Flatberg, Kjell Ivar Flatberg",39308,Sphagnum russowii Warnst.,Sphagnum russowii,930,793
TRH,B,725418/1,221915,extractions institutionnelles,"Bergfrid Flatberg, Kjell Ivar Flatberg",39291,Sphagnum russowii Warnst.,Sphagnum russowii,930,793
TRH,B,725748/1,221916,extractions institutionnelles,"Bergfrid Flatberg, Kjell Ivar Flatberg",39306,Sphagnum tundrae Flatberg,Sphagnum tundrae,939,802
TRH,B,725784/1,221917,extractions institutionnelles,"Bergfrid Flatberg, Kjell Ivar Flatberg",39310,Sphagnum teres (Schimp.) Ångstr.,Sphagnum teres,937,800
TRH,B,726084/1,221918,extractions institutionnelles,"Bergfrid Flatberg, Kjell Ivar Flatberg",39302,Calliergon richardsonii (Mitt.) Kindb.,Calliergon richardsonii,395,343
TRH,B,741445/1,221920,extractions institutionnelles,Bergfrid Flatberg,39305,Schistidium flexipile (Lindb. ex Broth.) G.Roth,Schistidium flexipile,860,726
TRH,B,741580/1,221921,extractions institutionnelles,"Kjell Ivar Flatberg, Bergfrid Flatberg",39295,Sphagnum fimbriatum Wilson,Sphagnum fimbriatum,904,767
TRH,B,742303/1,221922,extractions institutionnelles,"Kjell Ivar Flatberg, Bergfrid Flatberg",39302,Sphagnum concinnum (Berggr.) Flatberg,Sphagnum concinnum,900,763
TRH,B,772168/1,221923,extractions institutionnelles,Danielle Cobbaert,37083,Sphagnum capillifolium (Ehrh.) Hedw.,Sphagnum capillifolium,897,760
TRH,B,2956640,221926,extractions institutionnelles,"Bergfrid Flatberg, Kjell Ivar Flatberg",39308,Sphagnum incundum Flatberg & K.Hassel,Sphagnum incundum Flatberg & Hassel,1952,899
TRH,B,39156/4,221934,extractions institutionnelles,Tommy Prestø,42880,Scapania umbrosa (Schrad.) Dumort.,Scapania umbrosa,248,218
TRH,B,39159/1,221935,extractions institutionnelles,Tommy Prestø,42880,Pleurozium schreberi (Willd. ex Brid.) Mitt.,Pleurozium schreberi,724,626
TRH,B,39162/1,221936,extractions institutionnelles,Tommy Prestø,42880,Racomitrium canescens (Hedw.) Brid.,Racomitrium canescens,3112,1112
TRH,B,83329/1,221939,extractions institutionnelles,"Bergfrid Flatberg, Kjell Ivar Flatberg",39300,Tomentypnum Loeske,Tomentypnum,4181,NA
TRH,B,83332/1,221940,extractions institutionnelles,"Bergfrid Flatberg, Kjell Ivar Flatberg",39290,Tortella tortuosa (Schrad. ex Hedw.) Limpr.,Tortella tortuosa var. tortuosa,2226,849
TRH,B,673466/1,221943,extractions institutionnelles,"Bergfrid Flatberg, Kjell Ivar Flatberg",39296,Cinclidium stygium Sw.,Cinclidium stygium,415,357
TRH,B,724596/2,221945,extractions institutionnelles,"Bergfrid Flatberg, Kjell Ivar Flatberg",39292,Sphagnum russowii Warnst.,Sphagnum russowii,930,793
TRH,B,724597/1,221946,extractions institutionnelles,"Bergfrid Flatberg, Kjell Ivar Flatberg",39300,Sphagnum girgensohnii Russow,Sphagnum girgensohnii,908,771
TRH,B,724960/1,221947,extractions institutionnelles,"Bergfrid Flatberg, Kjell Ivar Flatberg",39295,Sphagnum olafii Flatberg,Sphagnum olafii,918,781
TRH,B,725785/1,221948,extractions institutionnelles,"Bergfrid Flatberg, Kjell Ivar Flatberg",39310,Sphagnum teres (Schimp.) Ångstr.,Sphagnum teres,937,800
TRH,B,741446/1,221951,extractions institutionnelles,"Kjell Ivar Flatberg, Bergfrid Flatberg",39309,Schistidium flexipile (Lindb. ex Broth.) G.Roth,Schistidium flexipile,860,726
TRH,B,742304/1,221952,extractions institutionnelles,"Kjell Ivar Flatberg, Bergfrid Flatberg",39304,Sphagnum concinnum (Berggr.) Flatberg,Sphagnum concinnum,900,763
TRH,B,2957005,221955,extractions institutionnelles,"Bergfrid Flatberg, Kjell Ivar Flatberg",39308,Sphagnum incundum Flatberg & K.Hassel,Sphagnum incundum Flatberg & Hassel,1952,899
TRH,B,39156/5,221963,extractions institutionnelles,Tommy Prestø,42880,Ptilidium pulcherrimum (Weber) Vain.,Ptilidium pulcherrimum,205,176
TRH,B,39163/1,221964,extractions institutionnelles,"Tommy Prestø, Kristian Hassel",42880,Sphagnum teres (Schimp.) Ångstr.,Sphagnum teres,937,800
TRH,B,673467/1,221965,extractions institutionnelles,"Bergfrid Flatberg, Kjell Ivar Flatberg",39299,Cinclidium subrotundum Lindb.,Cinclidium subrotundum,416,358
TRH,B,673470/1,221966,extractions institutionnelles,"Bergfrid Flatberg, Kjell Ivar Flatberg",39296,Cinclidium subrotundum Lindb.,Cinclidium subrotundum,416,358
TRH,B,724598/1,221972,extractions institutionnelles,"Bergfrid Flatberg, Kjell Ivar Flatberg",39298,Sphagnum girgensohnii Russow,Sphagnum girgensohnii,908,771
TRH,B,724958/1,221974,extractions institutionnelles,"Bergfrid Flatberg, Kjell Ivar Flatberg",39295,Sphagnum olafii Flatberg,Sphagnum olafii,918,781
TRH,B,724960/2,221975,extractions institutionnelles,"Bergfrid Flatberg, Kjell Ivar Flatberg",39295,Sphagnum warnstorfii Russow,Sphagnum warnstorfii,941,804
TRH,B,724961/1,221976,extractions institutionnelles,"Bergfrid Flatberg, Kjell Ivar Flatberg",39295,Sphagnum olafii Flatberg,Sphagnum olafii,918,781
TRH,B,725786/1,221977,extractions institutionnelles,"Bergfrid Flatberg, Kjell Ivar Flatberg",39310,Sphagnum teres (Schimp.) Ångstr.,Sphagnum teres,937,800
TRH,B,728495/1,221978,extractions institutionnelles,Marianne White,40383,Sphagnum venustum Flatberg,Sphagnum venustum,940,803
TRH,B,741447/1,221979,extractions institutionnelles,"Kjell Ivar Flatberg, Bergfrid Flatberg",39291,Schistidium flexipile (Lindb. ex Broth.) G.Roth,Schistidium flexipile,860,726
TRH,B,741450/1,221980,extractions institutionnelles,"Kjell Ivar Flatberg, Bergfrid Flatberg",39292,Schistidium flexipile (Lindb. ex Broth.) G.Roth,Schistidium flexipile,860,726
TRH,B,742305/1,221981,extractions institutionnelles,"Kjell Ivar Flatberg, Bergfrid Flatberg",39302,Sphagnum concinnum (Berggr.) Flatberg,Sphagnum concinnum,900,763
TRH,B,2957036,221984,extractions institutionnelles,"Bergfrid Flatberg, Kjell Ivar Flatberg",39308,Sphagnum squarrosum Crome,Sphagnum squarrosum,931,794
TRH,B,2957371,221985,extractions institutionnelles,"Bergfrid Flatberg, Kjell Ivar Flatberg",39308,Sphagnum incundum Flatberg & K.Hassel,Sphagnum incundum Flatberg & Hassel,1952,899
TRH,B,14848/1,221986,extractions institutionnelles,Danielle Cobbaert,37099,Sphagnum fimbriatum Wilson,Sphagnum fimbriatum,904,767
TRH,B,38501/1,221992,extractions institutionnelles,"Bergfrid Flatberg, Kjell Ivar Flatberg",39299,Sphagnum incundum Flatberg & K.Hassel,Sphagnum incundum Flatberg & Hassel,1952,899
TRH,B,39156/6,221993,extractions institutionnelles,Tommy Prestø,42880,Cephalozia bicuspidata (L.) Dumort.,Cephalozia bicuspidata,47,42
TRH,B,39164/1,221994,extractions institutionnelles,Tommy Prestø,42880,Blepharostoma trichophyllum (L.) Dumort.,Blepharostoma trichophyllum,3101,1101
TRH,B,673468/1,221998,extractions institutionnelles,"Bergfrid Flatberg, Kjell Ivar Flatberg",39296,Cinclidium stygium Sw.,Cinclidium stygium,415,357
TRH,B,673470/2,221999,extractions institutionnelles,"Bergfrid Flatberg, Kjell Ivar Flatberg",39296,Cinclidium arcticum (Bruch & Schimp.) Schimp.,Cinclidium arcticum,3207,0
TRH,B,673471/1,222000,extractions institutionnelles,"Bergfrid Flatberg, Kjell Ivar Flatberg",39311,Cinclidium stygium Sw.,Cinclidium stygium,415,357
TRH,B,724959/1,222005,extractions institutionnelles,"Bergfrid Flatberg, Kjell Ivar Flatberg",39295,Sphagnum olafii Flatberg,Sphagnum olafii,918,781
TRH,B,728495/2,222006,extractions institutionnelles,Marianne White,40383,Sphagnum russowii Warnst.,Sphagnum russowii,930,793
TRH,B,728496/1,222007,extractions institutionnelles,Marianne White,40324,Sphagnum venustum Flatberg,Sphagnum venustum,940,803
TRH,B,741448/1,222008,extractions institutionnelles,"Kjell Ivar Flatberg, Bergfrid Flatberg",39297,Schistidium poeltii H.H.Blom,Schistidium poeltii,5689,NA
TRH,B,741451/1,222009,extractions institutionnelles,"Kjell Ivar Flatberg, Bergfrid Flatberg",39290,Schistidium Brid.,Schistidium,4165,NA
TRH,B,742306/1,222010,extractions institutionnelles,"Kjell Ivar Flatberg, Bergfrid Flatberg",39302,Sphagnum concinnum (Berggr.) Flatberg,Sphagnum concinnum,900,763
TRH,B,2957065,222012,extractions institutionnelles,"Bergfrid Flatberg, Kjell Ivar Flatberg",39308,Sphagnum warnstorfii Russow,Sphagnum warnstorfii,941,804
TRH,B,2957402,222013,extractions institutionnelles,"Bergfrid Flatberg, Kjell Ivar Flatberg",39308,Sphagnum squarrosum Crome,Sphagnum squarrosum,931,794
TRH,B,2957736,222014,extractions institutionnelles,"Bergfrid Flatberg, Kjell Ivar Flatberg",39308,Sphagnum incundum Flatberg & K.Hassel,Sphagnum incundum Flatberg & Hassel,1952,899
TRH,B,38501/2,222023,extractions institutionnelles,"Bergfrid Flatberg, Kjell Ivar Flatberg",39299,Sphagnum warnstorfii Russow,Sphagnum warnstorfii,941,804
TRH,B,38502/1,222024,extractions institutionnelles,"Bergfrid Flatberg, Kjell Ivar Flatberg",39299,Sphagnum incundum Flatberg & K.Hassel,Sphagnum incundum Flatberg & Hassel,1952,899
TRH,B,39156/7,222025,extractions institutionnelles,Tommy Prestø,42880,Lophozia (Dumort.) Dumort.,Lophozia,4102,NA
TRH,B,39164/2,222026,extractions institutionnelles,Tommy Prestø,42880,Nowellia curvifolia (Dicks.) Mitt.,Nowellia curvifolia,184,157
TRH,B,39165/1,222027,extractions institutionnelles,Tommy Prestø,42880,Odontoschisma (Dumort.) Dumort.,Odontoschisma,4117,NA
TRH,B,82389/1,222028,extractions institutionnelles,"Bergfrid Flatberg, Kjell Ivar Flatberg",39307,Scorpidium cossonii (Schimp.) Hedenäs,Scorpidium cossonii,875,741
TRH,B,673468/2,222032,extractions institutionnelles,"Bergfrid Flatberg, Kjell Ivar Flatberg",39296,Cinclidium latifolium Lindb.,Cinclidium latifolium,414,356
TRH,B,673469/1,222033,extractions institutionnelles,"Bergfrid Flatberg, Kjell Ivar Flatberg",39300,Cinclidium stygium Sw.,Cinclidium stygium,415,357
TRH,B,673472/1,222034,extractions institutionnelles,"Bergfrid Flatberg, Kjell Ivar Flatberg",39300,Cinclidium stygium Sw.,Cinclidium stygium,415,357
TRH,B,724240/1,222041,extractions institutionnelles,"Bergfrid Flatberg, Kjell Ivar Flatberg",39308,Sphagnum compactum DC.,Sphagnum compactum,899,762
TRH,B,725689/1,222043,extractions institutionnelles,"Bergfrid Flatberg, Kjell Ivar Flatberg",39291,Sphagnum tenellum (Brid.) Pers. ex Brid.,Sphagnum tenellum,3535,798
TRH,B,728496/2,222046,extractions institutionnelles,Marianne White,40324,Sphagnum russowii Warnst.,Sphagnum russowii,930,793
TRH,B,728497/1,222047,extractions institutionnelles,Marianne White,40394,Sphagnum venustum Flatberg,Sphagnum venustum,940,803
TRH,B,741449/1,222048,extractions institutionnelles,"Kjell Ivar Flatberg, Bergfrid Flatberg",39291,Schistidium flexipile (Lindb. ex Broth.) G.Roth,Schistidium flexipile,860,726
TRH,B,741452/1,222049,extractions institutionnelles,"Kjell Ivar Flatberg, Bergfrid Flatberg",39298,Schistidium poeltii H.H.Blom,Schistidium poeltii,5689,NA
TRH,B,742307/1,222050,extractions institutionnelles,"Kjell Ivar Flatberg, Bergfrid Flatberg",39302,Sphagnum concinnum (Berggr.) Flatberg,Sphagnum concinnum,900,763
TRH,B,742310/1,222051,extractions institutionnelles,"Kjell Ivar Flatberg, Bergfrid Flatberg",39298,Sphagnum concinnum (Berggr.) Flatberg,Sphagnum concinnum,900,763
TRH,B,2957430,222054,extractions institutionnelles,"Bergfrid Flatberg, Kjell Ivar Flatberg",39308,Sphagnum warnstorfii Russow,Sphagnum warnstorfii,941,804
TRH,B,2957767,222055,extractions institutionnelles,"Bergfrid Flatberg, Kjell Ivar Flatberg",39308,Sphagnum squarrosum Crome,Sphagnum squarrosum,931,794
TRH,B,2958101,222056,extractions institutionnelles,"Bergfrid Flatberg, Kjell Ivar Flatberg",39308,Sphagnum incundum Flatberg & K.Hassel,Sphagnum incundum Flatberg & Hassel,1952,899
TRH,B,38502/2,222064,extractions institutionnelles,"Bergfrid Flatberg, Kjell Ivar Flatberg",39299,Sphagnum warnstorfii Russow,Sphagnum warnstorfii,941,804
TRH,B,39164/3,222065,extractions institutionnelles,Tommy Prestø,42880,Lepidozia reptans (L.) Dumort.,Lepidozia reptans,141,120
TRH,B,39165/2,222066,extractions institutionnelles,Tommy Prestø,42880,Nowellia curvifolia (Dicks.) Mitt.,Nowellia curvifolia,184,157
TRH,B,39166/1,222067,extractions institutionnelles,Tommy Prestø,42880,Pellia Raddi,Pellia,4124,NA
TRH,B,83336/1,222069,extractions institutionnelles,"Bergfrid Flatberg, Kjell Ivar Flatberg",39311,Tortella tortuosa (Schrad. ex Hedw.) Limpr.,Tortella tortuosa,2226,849
TRH,B,675060/1,222076,extractions institutionnelles,"Bergfrid Flatberg, Kjell Ivar Flatberg",39295,Sphagnum girgensohnii Russow,Sphagnum girgensohnii,908,771
TRH,B,724241/1,222080,extractions institutionnelles,"Bergfrid Flatberg, Kjell Ivar Flatberg",39299,Sphagnum compactum DC.,Sphagnum compactum,899,762
TRH,B,724799/1,222081,extractions institutionnelles,"Bergfrid Flatberg, Kjell Ivar Flatberg",39299,Sphagnum lindbergii Schimp.,Sphagnum lindbergii,912,775
TRH,B,725165/1,222082,extractions institutionnelles,"Bergfrid Flatberg, Kjell Ivar Flatberg",39291,Sphagnum pulchrum (Lindb.) Warnst.,Sphagnum pulchrum,924,787
TRH,B,725689/2,222084,extractions institutionnelles,"Bergfrid Flatberg, Kjell Ivar Flatberg",39291,Sphagnum lindbergii Schimp.,Sphagnum lindbergii,912,775
TRH,B,728497/2,222089,extractions institutionnelles,Marianne White,40394,Sphagnum capillifolium (Ehrh.) Hedw.,Sphagnum capillifolium,897,760
TRH,B,741453/1,222090,extractions institutionnelles,"Kjell Ivar Flatberg, Bergfrid Flatberg",39298,Schistidium flexipile (Lindb. ex Broth.) G.Roth,Schistidium flexipile,860,726
TRH,B,741615/1,222091,extractions institutionnelles,"Kjell Ivar Flatberg, Bergfrid Flatberg",39291,Cinclidium stygium Sw.,Cinclidium stygium,415,357
TRH,B,742281/1,222092,extractions institutionnelles,"Kjell Ivar Flatberg, Bergfrid Flatberg",39310,Sphagnum concinnum (Berggr.) Flatberg,Sphagnum concinnum,900,763
TRH,B,742308/1,222093,extractions institutionnelles,"Kjell Ivar Flatberg, Bergfrid Flatberg",39302,Sphagnum concinnum (Berggr.) Flatberg,Sphagnum concinnum,900,763
TRH,B,742310/2,222094,extractions institutionnelles,"Kjell Ivar Flatberg, Bergfrid Flatberg",39298,Sphagnum warnstorfii Russow,Sphagnum warnstorfii,941,804
TRH,B,742311/1,222095,extractions institutionnelles,"Kjell Ivar Flatberg, Bergfrid Flatberg",39296,Sphagnum concinnum (Berggr.) Flatberg,Sphagnum concinnum,900,763
TRH,B,2958132,222099,extractions institutionnelles,"Bergfrid Flatberg, Kjell Ivar Flatberg",39308,Sphagnum squarrosum Crome,Sphagnum squarrosum,931,794
TRH,B,38504/1,222108,extractions institutionnelles,"Bergfrid Flatberg, Kjell Ivar Flatberg",39299,Sphagnum incundum Flatberg & K.Hassel,Sphagnum incundum Flatberg & Hassel,1952,899
TRH,B,39164/4,222109,extractions institutionnelles,Tommy Prestø,42880,Ptilidium pulcherrimum (Weber) Vain.,Ptilidium pulcherrimum,205,176
TRH,B,39165/3,222110,extractions institutionnelles,Tommy Prestø,42880,Blepharostoma trichophyllum (L.) Dumort.,Blepharostoma trichophyllum,3101,1101
TRH,B,39166/2,222111,extractions institutionnelles,Tommy Prestø,42880,Calliergon (Sull.) Kindb.,Calliergon,4027,NA
TRH,B,39167/1,222112,extractions institutionnelles,"Tommy Prestø, Kristian Hassel",42880,Polytrichum pallidisetum Funck,Polytrichum pallidisetum,1298,653
TRH,B,39170/1,222113,extractions institutionnelles,Tommy Prestø,42880,Tetraphis pellucida Hedw.,Tetraphis pellucida,963,823
TRH,B,83337/1,222116,extractions institutionnelles,"Bergfrid Flatberg, Kjell Ivar Flatberg",39284,Tortella tortuosa (Schrad. ex Hedw.) Limpr.,Tortella tortuosa,2226,849
TRH,B,673474/1,222117,extractions institutionnelles,"Bergfrid Flatberg, Kjell Ivar Flatberg",39296,Meesia longiseta Hedw.,Meesia longiseta,1033,878
TRH,B,675058/1,222119,extractions institutionnelles,"Bergfrid Flatberg, Kjell Ivar Flatberg",39307,Sphagnum girgensohnii Russow,Sphagnum girgensohnii,908,771
TRH,B,675061/1,222120,extractions institutionnelles,"Bergfrid Flatberg, Kjell Ivar Flatberg",39307,Sphagnum girgensohnii Russow,Sphagnum girgensohnii,908,771
TRH,B,724239/1,222123,extractions institutionnelles,"Bergfrid Flatberg, Kjell Ivar Flatberg",39303,Sphagnum compactum DC.,Sphagnum compactum,899,762
TRH,B,724800/1,222124,extractions institutionnelles,"Bergfrid Flatberg, Kjell Ivar Flatberg",39299,Sphagnum lindbergii Schimp.,Sphagnum lindbergii,912,775
TRH,B,724965/1,222125,extractions institutionnelles,"Bergfrid Flatberg, Kjell Ivar Flatberg",39304,Sphagnum orientale L.I.Savicz,Sphagnum orientale,919,782
TRH,B,725133/1,222126,extractions institutionnelles,"Bergfrid Flatberg, Kjell Ivar Flatberg",39297,Sphagnum platyphyllum (Lindb. ex Braithw.) Sull. ex Warnst.,Sphagnum platyphyllum,923,786
TRH,B,725166/1,222127,extractions institutionnelles,"Bergfrid Flatberg, Kjell Ivar Flatberg",39291,Sphagnum pulchrum (Lindb.) Warnst.,Sphagnum pulchrum,924,787
TRH,B,725364/1,222128,extractions institutionnelles,Héloïse Rheault,38183,Sphagnum rubiginosum Flatberg,Sphagnum rubiginosum,929,792
TRH,B,725757/1,222131,extractions institutionnelles,"Bergfrid Flatberg, Kjell Ivar Flatberg",39295,Sphagnum teres (Schimp.) Ångstr.,Sphagnum teres,937,800
TRH,B,741454/1,222136,extractions institutionnelles,"Kjell Ivar Flatberg, Bergfrid Flatberg",39298,Schistidium flexipile (Lindb. ex Broth.) G.Roth,Schistidium flexipile,860,726
TRH,B,742281/2,222137,extractions institutionnelles,"Kjell Ivar Flatberg, Bergfrid Flatberg",39310,Sphagnum teres (Schimp.) Ångstr.,Sphagnum teres,937,800
TRH,B,742282/1,222138,extractions institutionnelles,"Kjell Ivar Flatberg, Bergfrid Flatberg",39310,Sphagnum olafii Flatberg,Sphagnum olafii,918,781
TRH,B,742309/1,222139,extractions institutionnelles,"Kjell Ivar Flatberg, Bergfrid Flatberg",39302,Sphagnum concinnum (Berggr.) Flatberg,Sphagnum concinnum,900,763
TRH,B,742312/1,222140,extractions institutionnelles,"Kjell Ivar Flatberg, Bergfrid Flatberg",39296,Sphagnum concinnum (Berggr.) Flatberg,Sphagnum concinnum,900,763
TRH,B,38505/1,222153,extractions institutionnelles,"Bergfrid Flatberg, Kjell Ivar Flatberg",39299,Sphagnum incundum Flatberg & K.Hassel,Sphagnum incundum Flatberg & Hassel,1952,899
TRH,B,39164/5,222154,extractions institutionnelles,Tommy Prestø,42880,Tetraphis pellucida Hedw.,Tetraphis pellucida,963,823
TRH,B,39165/4,222155,extractions institutionnelles,Tommy Prestø,42880,Lophocolea heterophylla (Schrad.) Dumort.,Lophocolea heterophylla,1092,65
TRH,B,39167/2,222156,extractions institutionnelles,"Tommy Prestø, Kristian Hassel",42880,Polytrichum Hedw.,Polytrichum,4137,NA
TRH,B,39168/1,222157,extractions institutionnelles,Tommy Prestø,42880,Hylocomium splendens (Hedw.) Schimp.,Hylocomium splendens,597,519
TRH,B,39171/1,222158,extractions institutionnelles,Tommy Prestø,42880,Lepidozia reptans (L.) Dumort.,Lepidozia reptans,141,120
TRH,B,673475/1,222161,extractions institutionnelles,"Bergfrid Flatberg, Kjell Ivar Flatberg",39285,Aulacomnium turgidum (Wahlenb.) Schwägr.,Aulacomnium turgidum,310,270
TRH,B,675059/1,222162,extractions institutionnelles,"Bergfrid Flatberg, Kjell Ivar Flatberg",39307,Sphagnum girgensohnii Russow,Sphagnum girgensohnii,908,771
TRH,B,675062/1,222163,extractions institutionnelles,"Bergfrid Flatberg, Kjell Ivar Flatberg",39295,Sphagnum girgensohnii Russow,Sphagnum girgensohnii,908,771
TRH,B,724801/1,222168,extractions institutionnelles,"Bergfrid Flatberg, Kjell Ivar Flatberg",39299,Sphagnum lindbergii Schimp.,Sphagnum lindbergii,912,775
TRH,B,724933/1,222169,extractions institutionnelles,"Bergfrid Flatberg, Kjell Ivar Flatberg",39295,Sphagnum obtusum Warnst.,Sphagnum obtusum,917,780
TRH,B,724966/1,222170,extractions institutionnelles,"Bergfrid Flatberg, Kjell Ivar Flatberg",39298,Sphagnum orientale L.I.Savicz,Sphagnum orientale,919,782
TRH,B,725167/1,222171,extractions institutionnelles,"Bergfrid Flatberg, Kjell Ivar Flatberg",39291,Sphagnum pulchrum (Lindb.) Warnst.,Sphagnum pulchrum,924,787
TRH,B,725761/1,222173,extractions institutionnelles,"Bergfrid Flatberg, Kjell Ivar Flatberg",39311,Sphagnum teres (Schimp.) Ångstr.,Sphagnum teres,937,800
TRH,B,740993/1,222177,extractions institutionnelles,"Bergfrid Flatberg, Kjell Ivar Flatberg",39291,Scorpidium scorpioides (Hedw.) Limpr.,Scorpidium scorpioides,880,743
TRH,B,741455/1,222178,extractions institutionnelles,"Kjell Ivar Flatberg, Bergfrid Flatberg",39308,Schistidium flexipile (Lindb. ex Broth.) G.Roth,Schistidium flexipile,860,726
TRH,B,742282/2,222179,extractions institutionnelles,"Kjell Ivar Flatberg, Bergfrid Flatberg",39310,Sphagnum concinnum (Berggr.) Flatberg,Sphagnum concinnum,900,763
TRH,B,742283/1,222180,extractions institutionnelles,"Kjell Ivar Flatberg, Bergfrid Flatberg",39310,Sphagnum concinnum (Berggr.) Flatberg,Sphagnum concinnum,900,763
TRH,B,742313/1,222181,extractions institutionnelles,"Kjell Ivar Flatberg, Bergfrid Flatberg",39299,Sphagnum concinnum (Berggr.) Flatberg,Sphagnum concinnum,900,763
TRH,B,39164/6,222195,extractions institutionnelles,Tommy Prestø,42880,Dicranum Hedw.,Dicranum,4050,NA
TRH,B,39168/2,222196,extractions institutionnelles,Tommy Prestø,42880,Ptilium crista-castrensis (Hedw.) De Not.,Ptilium crista-castrensis,790,681
TRH,B,39169/1,222197,extractions institutionnelles,"Tommy Prestø, Kristian Hassel",42880,Sphagnum girgensohnii Russow,Sphagnum girgensohnii,908,771
TRH,B,39172/1,222198,extractions institutionnelles,Tommy Prestø,42880,Calypogeia muelleriana (Schiffn.) Müll.Frib.,Calypogeia muelleriana,42,37
TRH,B,108071/1,222203,extractions institutionnelles,Kjell Ivar Flatberg,39299,Sphagnum orientale L.I.Savicz,Sphagnum orientale,919,782
TRH,B,675062/2,222205,extractions institutionnelles,"Bergfrid Flatberg, Kjell Ivar Flatberg",39295,Sphagnum warnstorfii Russow,Sphagnum warnstorfii,941,804
TRH,B,724802/1,222209,extractions institutionnelles,"Bergfrid Flatberg, Kjell Ivar Flatberg",39308,Sphagnum lindbergii Schimp.,Sphagnum lindbergii,912,775
TRH,B,724967/1,222210,extractions institutionnelles,"Bergfrid Flatberg, Kjell Ivar Flatberg",39299,Sphagnum orientale L.I.Savicz,Sphagnum orientale,919,782
TRH,B,725135/1,222211,extractions institutionnelles,"Bergfrid Flatberg, Kjell Ivar Flatberg",39308,Sphagnum platyphyllum (Lindb. ex Braithw.) Sull. ex Warnst.,Sphagnum platyphyllum,923,786
TRH,B,725762/1,222213,extractions institutionnelles,"Bergfrid Flatberg, Kjell Ivar Flatberg",39311,Sphagnum teres (Schimp.) Ångstr.,Sphagnum teres,937,800
TRH,B,728141/1,222217,extractions institutionnelles,"Bergfrid Flatberg, Kjell Ivar Flatberg",39310,Sphagnum steerei R.E.Andrus,Sphagnum steerei,932,795
TRH,B,742284/1,222218,extractions institutionnelles,"Kjell Ivar Flatberg, Bergfrid Flatberg",39298,Sphagnum concinnum (Berggr.) Flatberg,Sphagnum concinnum,900,763
TRH,B,742314/1,222219,extractions institutionnelles,"Kjell Ivar Flatberg, Bergfrid Flatberg",39299,Sphagnum concinnum (Berggr.) Flatberg,Sphagnum concinnum,900,763
TRH,B,38507/1,222231,extractions institutionnelles,"Bergfrid Flatberg, Kjell Ivar Flatberg",39298,Sphagnum incundum Flatberg & K.Hassel,Sphagnum incundum Flatberg & Hassel,1952,899
TRH,B,38510/1,222232,extractions institutionnelles,"Bergfrid Flatberg, Kjell Ivar Flatberg",39298,Sphagnum incundum Flatberg & K.Hassel,Sphagnum incundum Flatberg & Hassel,1952,899
TRH,B,39164/7,222233,extractions institutionnelles,Tommy Prestø,42880,Lophocolea heterophylla (Schrad.) Dumort.,Lophocolea heterophylla,1092,65
TRH,B,39169/2,222234,extractions institutionnelles,"Tommy Prestø, Kristian Hassel",42880,Sphagnum russowii Warnst.,Sphagnum russowii,930,793
TRH,B,39172/2,222235,extractions institutionnelles,Tommy Prestø,42880,Pohlia nutans (Hedw.) Lindb.,Pohlia nutans,740,642
TRH,B,39173/1,222236,extractions institutionnelles,Tommy Prestø,42880,Bazzania tricrenata (Wahlenb.) Lindb.,Bazzania tricrenata,35,30
TRH,B,108072/1,222244,extractions institutionnelles,Kjell Ivar Flatberg,39304,Sphagnum orientale L.I.Savicz,Sphagnum orientale,919,782
TRH,B,724050/1,222248,extractions institutionnelles,"Bergfrid Flatberg, Kjell Ivar Flatberg",39299,Sphagnum balticum (Russow) C.E.O.Jensen,Sphagnum balticum,896,759
TRH,B,724968/1,222250,extractions institutionnelles,"Bergfrid Flatberg, Kjell Ivar Flatberg",39297,Sphagnum orientale L.I.Savicz,Sphagnum orientale,919,782
TRH,B,725763/1,222252,extractions institutionnelles,"Bergfrid Flatberg, Kjell Ivar Flatberg",39296,Sphagnum teres (Schimp.) Ångstr.,Sphagnum teres,937,800
TRH,B,742284/2,222255,extractions institutionnelles,"Kjell Ivar Flatberg, Bergfrid Flatberg",39298,Sphagnum warnstorfii Russow,Sphagnum warnstorfii,941,804
TRH,B,742285/1,222256,extractions institutionnelles,"Kjell Ivar Flatberg, Bergfrid Flatberg",39310,Sphagnum concinnum (Berggr.) Flatberg,Sphagnum concinnum,900,763
TRH,B,742315/1,222257,extractions institutionnelles,"Kjell Ivar Flatberg, Bergfrid Flatberg",39299,Sphagnum concinnum (Berggr.) Flatberg,Sphagnum concinnum,900,763
TRH,B,38507/2,222270,extractions institutionnelles,"Bergfrid Flatberg, Kjell Ivar Flatberg",39298,Sphagnum warnstorfii Russow,Sphagnum warnstorfii,941,804
TRH,B,38508/1,222271,extractions institutionnelles,"Bergfrid Flatberg, Kjell Ivar Flatberg",39298,Sphagnum incundum Flatberg & K.Hassel,Sphagnum incundum Flatberg & Hassel,1952,899
TRH,B,38511/1,222272,extractions institutionnelles,"Bergfrid Flatberg, Kjell Ivar Flatberg",39298,Sphagnum incundum Flatberg & K.Hassel,Sphagnum incundum Flatberg & Hassel,1952,899
TRH,B,39164/8,222273,extractions institutionnelles,Tommy Prestø,42880,Lophozia (Dumort.) Dumort.,Lophozia,4102,NA
TRH,B,39172/3,222274,extractions institutionnelles,Tommy Prestø,42880,Lepidozia reptans (L.) Dumort.,Lepidozia reptans,141,120
TRH,B,39173/2,222275,extractions institutionnelles,Tommy Prestø,42880,Pleurozium schreberi (Willd. ex Brid.) Mitt.,Pleurozium schreberi,724,626
TRH,B,82170/1,222277,extractions institutionnelles,"Bergfrid Flatberg, Kjell Ivar Flatberg",39290,Aulacomnium turgidum (Wahlenb.) Schwägr.,Aulacomnium turgidum,310,270
TRH,B,108073/1,222281,extractions institutionnelles,Kjell Ivar Flatberg,39302,Sphagnum girgensohnii Russow,Sphagnum girgensohnii,908,771
TRH,B,724051/1,222284,extractions institutionnelles,"Bergfrid Flatberg, Kjell Ivar Flatberg",39299,Sphagnum balticum (Russow) C.E.O.Jensen,Sphagnum balticum,896,759
TRH,B,724183/1,222285,extractions institutionnelles,"Bergfrid Flatberg, Kjell Ivar Flatberg",39285,Sphagnum capillifolium (Ehrh.) Hedw.,Sphagnum capillifolium,897,760
TRH,B,725140/1,222286,extractions institutionnelles,"Bergfrid Flatberg, Kjell Ivar Flatberg",39299,Sphagnum platyphyllum (Lindb. ex Braithw.) Sull. ex Warnst.,Sphagnum platyphyllum,923,786
TRH,B,725763/2,222288,extractions institutionnelles,"Bergfrid Flatberg, Kjell Ivar Flatberg",39296,Aulacomnium palustre (Hedw.) Schwägr.,Aulacomnium palustre,309,269
TRH,B,725830/1,222289,extractions institutionnelles,"Bergfrid Flatberg, Kjell Ivar Flatberg",39285,Sphagnum warnstorfii Russow,Sphagnum warnstorfii,941,804
TRH,B,741887/1,222292,extractions institutionnelles,Kjell Ivar Flatberg,39285,Sphagnum fallax (H.Klinggr.) H.Klinggr.,Sphagnum fallax,903,766
TRH,B,742286/1,222293,extractions institutionnelles,"Kjell Ivar Flatberg, Bergfrid Flatberg",39310,Sphagnum concinnum (Berggr.) Flatberg,Sphagnum concinnum,900,763
TRH,B,742316/1,222294,extractions institutionnelles,"Kjell Ivar Flatberg, Bergfrid Flatberg",39299,Sphagnum concinnum (Berggr.) Flatberg,Sphagnum concinnum,900,763
TRH,B,38507/3,222309,extractions institutionnelles,"Bergfrid Flatberg, Kjell Ivar Flatberg",39298,Sphagnum teres (Schimp.) Ångstr.,Sphagnum teres,937,800
TRH,B,38512/1,222310,extractions institutionnelles,"Bergfrid Flatberg, Kjell Ivar Flatberg",39298,Sphagnum incundum Flatberg & K.Hassel,Sphagnum incundum Flatberg & Hassel,1952,899
TRH,B,39173/3,222311,extractions institutionnelles,Tommy Prestø,42880,Dicranum Hedw.,Dicranum,4050,NA
TRH,B,82171/1,222312,extractions institutionnelles,"Bergfrid Flatberg, Kjell Ivar Flatberg",39296,Aulacomnium turgidum (Wahlenb.) Schwägr.,Aulacomnium turgidum,310,270
TRH,B,724049/1,222317,extractions institutionnelles,"Bergfrid Flatberg, Kjell Ivar Flatberg",39299,Sphagnum balticum (Russow) C.E.O.Jensen,Sphagnum balticum,896,759
TRH,B,724052/1,222318,extractions institutionnelles,"Bergfrid Flatberg, Kjell Ivar Flatberg",39299,Sphagnum balticum (Russow) C.E.O.Jensen,Sphagnum balticum,896,759
TRH,B,725141/1,222321,extractions institutionnelles,"Bergfrid Flatberg, Kjell Ivar Flatberg",39299,Sphagnum platyphyllum (Lindb. ex Braithw.) Sull. ex Warnst.,Sphagnum platyphyllum,923,786
TRH,B,725763/3,222322,extractions institutionnelles,"Bergfrid Flatberg, Kjell Ivar Flatberg",39296,Tomentypnum nitens (Hedw.) Loeske,Tomentypnum nitens,987,844
TRH,B,725831/1,222323,extractions institutionnelles,"Bergfrid Flatberg, Kjell Ivar Flatberg",39306,Sphagnum warnstorfii Russow,Sphagnum warnstorfii,941,804
TRH,B,741525/1,222325,extractions institutionnelles,"Kjell Ivar Flatberg, Bergfrid Flatberg",39291,Sphagnum subfulvum subsp. subfulvum,Sphagnum subfulvum ssp. subfulvum,5795,NA
TRH,B,741888/1,222326,extractions institutionnelles,Kjell Ivar Flatberg,39284,Sphagnum angustifolium (Russow) C.E.O.Jensen,Sphagnum angustifolium,891,754
TRH,B,741891/1,222327,extractions institutionnelles,Kjell Ivar Flatberg,39285,Aulacomnium palustre (Hedw.) Schwägr.,Aulacomnium palustre,309,269
TRH,B,742287/1,222328,extractions institutionnelles,"Kjell Ivar Flatberg, Bergfrid Flatberg",39309,Sphagnum concinnum (Berggr.) Flatberg,Sphagnum concinnum,900,763
TRH,B,742290/1,222329,extractions institutionnelles,"Kjell Ivar Flatberg, Bergfrid Flatberg",39309,Sphagnum concinnum (Berggr.) Flatberg,Sphagnum concinnum,900,763
TRH,B,742317/1,222330,extractions institutionnelles,"Kjell Ivar Flatberg, Bergfrid Flatberg",39299,Sphagnum concinnum (Berggr.) Flatberg,Sphagnum concinnum,900,763
TRH,B,38513/1,222341,extractions institutionnelles,"Bergfrid Flatberg, Kjell Ivar Flatberg",39297,Sphagnum incundum Flatberg & K.Hassel,Sphagnum incundum Flatberg & Hassel,1952,899
TRH,B,82172/1,222342,extractions institutionnelles,"Bergfrid Flatberg, Kjell Ivar Flatberg",39300,Aulacomnium turgidum (Wahlenb.) Schwägr.,Aulacomnium turgidum,310,270
TRH,B,147955/1,222346,extractions institutionnelles,"Bergfrid Flatberg, Kjell Ivar Flatberg",39308,Sphagnum compactum DC.,Sphagnum compactum,899,762
TRH,B,675070/1,222348,extractions institutionnelles,"Bergfrid Flatberg, Kjell Ivar Flatberg",39295,Sphagnum girgensohnii Russow,Sphagnum girgensohnii,908,771
TRH,B,676750/1,222349,extractions institutionnelles,"Bergfrid Flatberg, Kjell Ivar Flatberg",39308,Hylocomium splendens (Hedw.) Schimp.,Hylocomium splendens,597,519
TRH,B,724383/1,222351,extractions institutionnelles,"Bergfrid Flatberg, Kjell Ivar Flatberg",39303,Sphagnum concinnum (Berggr.) Flatberg,Sphagnum concinnum,900,763
TRH,B,725139/1,222354,extractions institutionnelles,"Bergfrid Flatberg, Kjell Ivar Flatberg",39310,Sphagnum platyphyllum (Lindb. ex Braithw.) Sull. ex Warnst.,Sphagnum platyphyllum,923,786
TRH,B,725274/1,222356,extractions institutionnelles,"Bergfrid Flatberg, Kjell Ivar Flatberg",39284,Sphagnum riparium Ångstr.,Sphagnum riparium,927,790
TRH,B,725502/1,222357,extractions institutionnelles,"Bergfrid Flatberg, Kjell Ivar Flatberg",39300,Sphagnum squarrosum Crome,Sphagnum squarrosum,931,794
TRH,B,725832/1,222358,extractions institutionnelles,"Bergfrid Flatberg, Kjell Ivar Flatberg",39296,Sphagnum warnstorfii Russow,Sphagnum warnstorfii,941,804
TRH,B,741430/1,222360,extractions institutionnelles,"Kjell Ivar Flatberg, Bergfrid Flatberg",39285,Schistidium Brid.,Schistidium,4165,NA
TRH,B,741889/1,222361,extractions institutionnelles,Kjell Ivar Flatberg,39291,Sphagnum angustifolium (Russow) C.E.O.Jensen,Sphagnum angustifolium,891,754
TRH,B,742288/1,222362,extractions institutionnelles,"Kjell Ivar Flatberg, Bergfrid Flatberg",39309,Sphagnum concinnum (Berggr.) Flatberg,Sphagnum concinnum,900,763
TRH,B,742291/1,222363,extractions institutionnelles,"Kjell Ivar Flatberg, Bergfrid Flatberg",39309,Sphagnum concinnum (Berggr.) Flatberg,Sphagnum concinnum,900,763
TRH,B,742318/1,222364,extractions institutionnelles,"Kjell Ivar Flatberg, Bergfrid Flatberg",39299,Sphagnum concinnum (Berggr.) Flatberg,Sphagnum concinnum,900,763
TRH,B,38514/1,222376,extractions institutionnelles,"Bergfrid Flatberg, Kjell Ivar Flatberg",39297,Sphagnum incundum Flatberg & K.Hassel,Sphagnum incundum Flatberg & Hassel,1952,899
TRH,B,82173/1,222377,extractions institutionnelles,"Bergfrid Flatberg, Kjell Ivar Flatberg",39297,Aulacomnium turgidum (Wahlenb.) Schwägr.,Aulacomnium turgidum,310,270
TRH,B,676748/1,222382,extractions institutionnelles,"Bergfrid Flatberg, Kjell Ivar Flatberg",39284,Hylocomium splendens (Hedw.) Schimp.,Hylocomium splendens,597,519
TRH,B,724384/1,222385,extractions institutionnelles,"Bergfrid Flatberg, Kjell Ivar Flatberg",39306,Sphagnum concinnum (Berggr.) Flatberg,Sphagnum concinnum,900,763
TRH,B,725275/1,222387,extractions institutionnelles,"Bergfrid Flatberg, Kjell Ivar Flatberg",39311,Sphagnum riparium Ångstr.,Sphagnum riparium,927,790
TRH,B,725503/1,222389,extractions institutionnelles,"Bergfrid Flatberg, Kjell Ivar Flatberg",39299,Sphagnum squarrosum Crome,Sphagnum squarrosum,931,794
TRH,B,725832/2,222391,extractions institutionnelles,"Bergfrid Flatberg, Kjell Ivar Flatberg",39296,Tomentypnum nitens (Hedw.) Loeske,Tomentypnum nitens,987,844
TRH,B,725833/1,222392,extractions institutionnelles,"Bergfrid Flatberg, Kjell Ivar Flatberg",39303,Sphagnum warnstorfii Russow,Sphagnum warnstorfii,941,804
TRH,B,727552/1,222394,extractions institutionnelles,"Bergfrid Flatberg, Kjell Ivar Flatberg",39299,Sphagnum mirum Flatberg & Thingsgaard,Sphagnum mirum,3531,779
TRH,B,741431/1,222395,extractions institutionnelles,"Kjell Ivar Flatberg, Bergfrid Flatberg",39290,Schistidium flexipile (Lindb. ex Broth.) G.Roth,Schistidium flexipile,860,726
TRH,B,742289/1,222396,extractions institutionnelles,"Kjell Ivar Flatberg, Bergfrid Flatberg",39309,Sphagnum concinnum (Berggr.) Flatberg,Sphagnum concinnum,900,763
TRH,B,742292/1,222397,extractions institutionnelles,"Kjell Ivar Flatberg, Bergfrid Flatberg",39309,Sphagnum concinnum (Berggr.) Flatberg,Sphagnum concinnum,900,763
TRH,B,38515/1,222410,extractions institutionnelles,"Bergfrid Flatberg, Kjell Ivar Flatberg",39299,Sphagnum incundum Flatberg & K.Hassel,Sphagnum incundum Flatberg & Hassel,1952,899
TRH,B,82174/1,222411,extractions institutionnelles,"Bergfrid Flatberg, Kjell Ivar Flatberg",39300,Aulacomnium turgidum (Wahlenb.) Schwägr.,Aulacomnium turgidum,310,270
TRH,B,673452/1,222415,extractions institutionnelles,"Bergfrid Flatberg, Kjell Ivar Flatberg",39302,Cinclidium stygium Sw.,Cinclidium stygium,415,357
TRH,B,676749/1,222416,extractions institutionnelles,"Bergfrid Flatberg, Kjell Ivar Flatberg",39291,Hylocomium splendens (Hedw.) Schimp.,Hylocomium splendens,597,519
TRH,B,676752/1,222417,extractions institutionnelles,"Bergfrid Flatberg, Kjell Ivar Flatberg",39300,Hylocomium splendens (Hedw.) Schimp.,Hylocomium splendens,597,519
TRH,B,724384/2,222418,extractions institutionnelles,"Bergfrid Flatberg, Kjell Ivar Flatberg",39306,Sphagnum teres (Schimp.) Ångstr.,Sphagnum teres,937,800
TRH,B,724385/1,222419,extractions institutionnelles,"Bergfrid Flatberg, Kjell Ivar Flatberg",39305,Sphagnum concinnum (Berggr.) Flatberg,Sphagnum concinnum,900,763
TRH,B,725504/1,222420,extractions institutionnelles,"Bergfrid Flatberg, Kjell Ivar Flatberg",39295,Sphagnum squarrosum Crome,Sphagnum squarrosum,931,794
TRH,B,725834/1,222421,extractions institutionnelles,"Bergfrid Flatberg, Kjell Ivar Flatberg",39303,Sphagnum warnstorfii Russow,Sphagnum warnstorfii,941,804
TRH,B,727552/2,222422,extractions institutionnelles,"Bergfrid Flatberg, Kjell Ivar Flatberg",39299,Sphagnum incundum Flatberg & K.Hassel,Sphagnum incundum Flatberg & Hassel,1952,899
TRH,B,727553/1,222423,extractions institutionnelles,"Bergfrid Flatberg, Kjell Ivar Flatberg",39299,Sphagnum mirum Flatberg & Thingsgaard,Sphagnum mirum,3531,779
TRH,B,741429/1,222424,extractions institutionnelles,"Kjell Ivar Flatberg, Bergfrid Flatberg",39291,Schistidium flexipile (Lindb. ex Broth.) G.Roth,Schistidium flexipile,860,726
TRH,B,741432/1,222425,extractions institutionnelles,"Kjell Ivar Flatberg, Bergfrid Flatberg",39290,Schistidium Brid.,Schistidium,4165,NA
TRH,B,742293/1,222426,extractions institutionnelles,"Kjell Ivar Flatberg, Bergfrid Flatberg",39308,Sphagnum concinnum (Berggr.) Flatberg,Sphagnum concinnum,900,763
TRH,B,38516/1,222435,extractions institutionnelles,"Bergfrid Flatberg, Kjell Ivar Flatberg",39299,Sphagnum incundum Flatberg & K.Hassel,Sphagnum incundum Flatberg & Hassel,1952,899
TRH,B,82175/1,222437,extractions institutionnelles,"Bergfrid Flatberg, Kjell Ivar Flatberg",39311,Aulacomnium turgidum (Wahlenb.) Schwägr.,Aulacomnium turgidum,310,270
TRH,B,673452/2,222440,extractions institutionnelles,"Bergfrid Flatberg, Kjell Ivar Flatberg",39302,Cinclidium latifolium Lindb.,Cinclidium latifolium,414,356
TRH,B,673453/1,222441,extractions institutionnelles,"Bergfrid Flatberg, Kjell Ivar Flatberg",39297,Cinclidium latifolium Lindb.,Cinclidium latifolium,414,356
TRH,B,723918/1,222442,extractions institutionnelles,"Bergfrid Flatberg, Kjell Ivar Flatberg",39284,Sphagnum angustifolium (Russow) C.E.O.Jensen,Sphagnum angustifolium,891,754
TRH,B,724386/1,222443,extractions institutionnelles,"Bergfrid Flatberg, Kjell Ivar Flatberg",39305,Sphagnum concinnum (Berggr.) Flatberg,Sphagnum concinnum,900,763
TRH,B,725277/1,222445,extractions institutionnelles,"Bergfrid Flatberg, Kjell Ivar Flatberg",39302,Sphagnum riparium Ångstr.,Sphagnum riparium,927,790
TRH,B,725504/2,222446,extractions institutionnelles,"Bergfrid Flatberg, Kjell Ivar Flatberg",39295,Sphagnum tundrae Flatberg,Sphagnum tundrae,939,802
TRH,B,727552/3,222447,extractions institutionnelles,"Bergfrid Flatberg, Kjell Ivar Flatberg",39299,Sphagnum warnstorfii Russow,Sphagnum warnstorfii,941,804
TRH,B,727554/1,222448,extractions institutionnelles,"Bergfrid Flatberg, Kjell Ivar Flatberg",39299,Sphagnum mirum Flatberg & Thingsgaard,Sphagnum mirum,3531,779
TRH,B,741433/1,222450,extractions institutionnelles,"Kjell Ivar Flatberg, Bergfrid Flatberg",39291,Schistidium flexipile (Lindb. ex Broth.) G.Roth,Schistidium flexipile,860,726
TRH,B,742294/1,222451,extractions institutionnelles,"Kjell Ivar Flatberg, Bergfrid Flatberg",39308,Sphagnum concinnum (Berggr.) Flatberg,Sphagnum concinnum,900,763
TRH,B,39150/1,222462,extractions institutionnelles,"Tommy Prestø, Kristian Hassel",42879,"Lewinskya speciosa (Nees) F.Lara, Garilleti & Goffinet",Lewinskya speciosa,675,587
TRH,B,673454/1,222468,extractions institutionnelles,"Bergfrid Flatberg, Kjell Ivar Flatberg",39296,Cinclidium stygium Sw.,Cinclidium stygium,415,357
TRH,B,723919/1,222469,extractions institutionnelles,"Bergfrid Flatberg, Kjell Ivar Flatberg",39291,Sphagnum angustifolium (Russow) C.E.O.Jensen,Sphagnum angustifolium,891,754
TRH,B,724387/1,222470,extractions institutionnelles,"Bergfrid Flatberg, Kjell Ivar Flatberg",39305,Sphagnum concinnum (Berggr.) Flatberg,Sphagnum concinnum,900,763
TRH,B,724516/1,222471,extractions institutionnelles,"Bergfrid Flatberg, Kjell Ivar Flatberg",39291,Sphagnum fuscum (Schimp.) H.Klinggr.,Sphagnum fuscum,907,770
TRH,B,725278/1,222474,extractions institutionnelles,"Bergfrid Flatberg, Kjell Ivar Flatberg",39302,Sphagnum riparium Ångstr.,Sphagnum riparium,927,790
TRH,B,725281/1,222475,extractions institutionnelles,"Bergfrid Flatberg, Kjell Ivar Flatberg",39284,Sphagnum rubellum Wilson,Sphagnum rubellum,928,791
TRH,B,725504/3,222476,extractions institutionnelles,"Bergfrid Flatberg, Kjell Ivar Flatberg",39295,Sphagnum teres (Schimp.) Ångstr.,Sphagnum teres,937,800
TRH,B,725836/1,222477,extractions institutionnelles,"Bergfrid Flatberg, Kjell Ivar Flatberg",39308,Sphagnum warnstorfii Russow,Sphagnum warnstorfii,941,804
TRH,B,741434/1,222479,extractions institutionnelles,"Kjell Ivar Flatberg, Bergfrid Flatberg",39292,Schistidium flexipile (Lindb. ex Broth.) G.Roth,Schistidium flexipile,860,726
TRH,B,742295/1,222480,extractions institutionnelles,"Kjell Ivar Flatberg, Bergfrid Flatberg",39308,Sphagnum concinnum (Berggr.) Flatberg,Sphagnum concinnum,900,763
TRH,B,39148/1,222495,extractions institutionnelles,Tommy Prestø,42878,Bryum argenteum Hedw.,Bryum argenteum,351,304
TRH,B,39150/2,222496,extractions institutionnelles,"Tommy Prestø, Kristian Hassel",42879,Ulota crispa (Hedw.) Brid.,Ulota crispa,1012,863
TRH,B,39151/1,222497,extractions institutionnelles,Tommy Prestø,42879,Climacium dendroides (Hedw.) F.Weber & D.Mohr,Climacium dendroides,419,361
TRH,B,673454/2,222503,extractions institutionnelles,"Bergfrid Flatberg, Kjell Ivar Flatberg",39296,Cinclidium latifolium Lindb.,Cinclidium latifolium,414,356
TRH,B,723919/2,222504,extractions institutionnelles,"Bergfrid Flatberg, Kjell Ivar Flatberg",39291,Sphagnum teres (Schimp.) Ångstr.,Sphagnum teres,937,800
TRH,B,724388/1,222505,extractions institutionnelles,"Bergfrid Flatberg, Kjell Ivar Flatberg",39306,Sphagnum concinnum (Berggr.) Flatberg,Sphagnum concinnum,900,763
TRH,B,724517/1,222506,extractions institutionnelles,"Bergfrid Flatberg, Kjell Ivar Flatberg",39308,Sphagnum fuscum (Schimp.) H.Klinggr.,Sphagnum fuscum,907,770
TRH,B,724520/1,222507,extractions institutionnelles,"Bergfrid Flatberg, Kjell Ivar Flatberg",39284,Sphagnum fuscum (Schimp.) H.Klinggr.,Sphagnum fuscum,907,770
TRH,B,725378/1,222510,extractions institutionnelles,"Bergfrid Flatberg, Kjell Ivar Flatberg",39310,Sphagnum russowii Warnst.,Sphagnum russowii,930,793
TRH,B,725837/1,222511,extractions institutionnelles,"Bergfrid Flatberg, Kjell Ivar Flatberg",39298,Sphagnum warnstorfii Russow,Sphagnum warnstorfii,941,804
TRH,B,741570/1,222513,extractions institutionnelles,"Kjell Ivar Flatberg, Bergfrid Flatberg",39306,Tortella tortuosa var. fragilifolia (Jur.) Limpr.,Tortella tortuosa var. fragilifolia,2188,NA
TRH,B,742296/1,222514,extractions institutionnelles,"Kjell Ivar Flatberg, Bergfrid Flatberg",39308,Sphagnum concinnum (Berggr.) Flatberg,Sphagnum concinnum,900,763
CMN,CANM,CANM 335974,222795,extractions institutionnelles,"Ley, Linda M.",39583,Metzgeria furcata (L.) Dumort.,Metzgeria furcata,3087,149
CMN,CANM,CANM 336601,222814,extractions institutionnelles,"Ley, Linda M.",41893,Chiloscyphus polyanthos (L.) Corda,Chiloscyphus polyanthos,3104,1104
CMN,CANM,CANM 331866,222855,extractions institutionnelles,"Robillard, Cassandra;Lehmberg, Emma;Doubt, Jennifer",41060,Chiloscyphus pallescens (Ehrh. ex Hoffm.) Dumort.,Chiloscyphus pallescens,3103,1103
CMN,CANM,CANM 336478,222915,extractions institutionnelles,"Ley, Linda M.;Doubt, Jennifer",41754,Orthotrichum obtusifolium Brid.,Orthotrichum obtusifolium,669,581
CMN,CANM,CANM 335921,222917,extractions institutionnelles,"Ley, Linda M.",36746,Barbula convoluta Hedw.,Barbula convoluta,311,271
CMN,CANM,CANM 336471,222939,extractions institutionnelles,"Ley, Linda M.;Doubt, Jennifer",41754,Ceratodon purpureus (Hedw.) Brid.,Ceratodon purpureus,413,355
CMN,CANM,CANM 336474,222950,extractions institutionnelles,"Ley, Linda M.;Doubt, Jennifer",41754,Leskea polycarpa Hedw.,Leskea polycarpa,630,548
CMN,CANM,CANM 336325,222983,extractions institutionnelles,"Ley, Linda M.",41148,Lophozia ventricosa (Dicks.) Dumort.,Lophozia ventricosa,2050,1014
CMN,CANM,CANM 336403,222987,extractions institutionnelles,"Ley, Linda M.",41460,Lophozia incisa (Schrad.) Dumort.,Lophozia incisa,1180,222
CMN,CANM,CANM 331848,223028,extractions institutionnelles,"Robillard, Cassandra;Lehmberg, Emma;Doubt, Jennifer",41058,Sphagnum capillifolium (Ehrh.) Hedw.,Sphagnum capillifolium,897,760
CMN,CANM,CANM 336356,223034,extractions institutionnelles,"Ley, Linda M.",41457,Jungermannia gracillima Sm.,Jungermannia gracillima,118,103
CMN,CANM,CANM 335567,223040,extractions institutionnelles,"Spears, Tom",41932,"Amblystegium serpens (I.Hagen) Gams, 1957",Amblystegium serpens,3453,240
CMN,CANM,CANM 336367,223048,extractions institutionnelles,"Ley, Linda M.",41457,Schistidium papillosum Culm.,Schistidium papillosum,866,732
CMN,CANM,CANM 335936,223060,extractions institutionnelles,"Ley, Linda M.",38499,Helodium paludosum (Austin) Austin,Helodium paludosum,2231,497
CMN,CANM,CANM 336375,223094,extractions institutionnelles,"Ley, Linda M.",41458,Tritomaria exsectiformis (Breidl.) Schiffn. ex Loeske,Tritomaria exsectiformis,263,228
CMN,CANM,CANM 336477,223171,extractions institutionnelles,"Ley, Linda M.;Doubt, Jennifer",41754,Orthotrichum elegans Schwägr. ex Hook. & Grev.,Orthotrichum elegans,1955,580
CMN,CANM,CANM 331888,223345,extractions institutionnelles,"Robillard, Cassandra;Doubt, Jennifer",41060,Campyliadelphus chrysophyllus (Brid.) Kanda,Campyliadelphus chrysophyllus,399,345
CMN,CANM,CANM 335920,223364,extractions institutionnelles,"Ley, Linda M.",36746,Barbula unguiculata Hedw.,Barbula unguiculata,312,272
CMN,CANM,CANM 331896,223440,extractions institutionnelles,"Robillard, Cassandra;Doubt, Jennifer",41060,Barbula convoluta Hedw.,Barbula convoluta,311,271
CMN,CANM,CANM 338477,223479,extractions institutionnelles,"Spears, Tom",42133,Leucobryum glaucum (Hedw.) Ångstr.,Leucobryum glaucum,631,549
CMN,CANM,CANM 331856,223498,extractions institutionnelles,"Robillard, Cassandra;Lehmberg, Emma;Doubt, Jennifer",41058,Hypnum pratense W.D.J.Koch ex Spruce,Hypnum pratense,1506,295
CMN,CANM,CANM 336364,223521,extractions institutionnelles,"Ley, Linda M.",41457,Calypogeia integristipula Steph.,Calypogeia integristipula,41,36
CMN,CANM,CANM 336609,223618,extractions institutionnelles,"Ley, Linda M.",41894,Tritomaria quinquedentata (Huds.) H.Buch,Tritomaria quinquedentata,3116,1116
CMN,CANM,CANM 331831,223623,extractions institutionnelles,"Robillard, Cassandra;Lehmberg, Emma;Doubt, Jennifer",41058,Ulota crispa (Hedw.) Brid.,Ulota crispa,1012,863
CMN,CANM,CANM 336385,223663,extractions institutionnelles,"Ley, Linda M.",41458,Lophozia sudetica (Nees ex Huebener) Grolle,Lophozia sudetica,156,131
CMN,CANM,CANM 331845,223678,extractions institutionnelles,"Robillard, Cassandra;Lehmberg, Emma;Doubt, Jennifer",41058,Geocalyx graveolens (Schrad.) Nees,Geocalyx graveolens,99,86
CMN,CANM,CANM 336594,223692,extractions institutionnelles,"Ley, Linda M.",41893,Anastrophyllum hellerianum (Nees ex Lindenb.) R.M.Schust.,Anastrophyllum hellerianum,11,7
CMN,CANM,CANM 336393,223699,extractions institutionnelles,"Ley, Linda M.",41458,Sphagnum capillifolium (Ehrh.) Hedw.,Sphagnum capillifolium,897,760
CMN,CANM,CANM 331830,223706,extractions institutionnelles,"Robillard, Cassandra;Lehmberg, Emma;Doubt, Jennifer",41058,Radula complanata (L.) Dumort.,Radula complanata,206,177
CMN,CANM,CANM 336401,223762,extractions institutionnelles,"Ley, Linda M.",41459,Calliergon cordifolium (Hedw.) Kindb.,Calliergon cordifolium,393,341
CMN,CANM,CANM 332144,223772,extractions institutionnelles,"Bouchard, D.;Dion, Marie-Ève",2012,Racomitrium canescens (Hedw.) Brid.,Racomitrium canescens,3112,1112
CMN,CANM,CANM 336462,223882,extractions institutionnelles,"Ley, Linda M.;Doubt, Jennifer",41754,Brachythecium rutabulum (Hedw.) Schimp.,Brachythecium rutabulum,332,291
CMN,CANM,CANM 332140,223883,extractions institutionnelles,équipe Taconite,2012,Racomitrium microcarpon (Hedw.) Brid.,Racomitrium microcarpum,2170,693
CMN,CANM,CANM 331884,223887,extractions institutionnelles,"Robillard, Cassandra;Lehmberg, Emma;Doubt, Jennifer",41060,Dicranella heteromalla (Hedw.) Schimp.,Dicranella heteromalla,442,382
CMN,CANM,CANM 331890,223946,extractions institutionnelles,"Robillard, Cassandra;Doubt, Jennifer",41060,Plagiothecium denticulatum (Hedw.) Schimp.,Plagiothecium denticulatum,712,615
CMN,CANM,CANM 336577,223970,extractions institutionnelles,"Ley, Linda M.",41892,Sphagnum squarrosum Crome,Sphagnum squarrosum,931,794
CMN,CANM,CANM 336587,224004,extractions institutionnelles,"Ley, Linda M.",41892,Tritomaria polita (Nees) Jørg.,Tritomaria polita,2098,1004
CMN,CANM,CANM 331882,224009,extractions institutionnelles,"Robillard, Cassandra;Lehmberg, Emma;Doubt, Jennifer",41060,Brachythecium acutum (Mitt.) Sull.,Brachythecium acutum,317,277
CMN,CANM,CANM 331863,224024,extractions institutionnelles,"Robillard, Cassandra;Lehmberg, Emma;Doubt, Jennifer",41058,Orthotrichum speciosum Nees,Orthotrichum speciosum,1958,587
CMN,CANM,CANM 331878,224030,extractions institutionnelles,"Robillard, Cassandra;Lehmberg, Emma;Doubt, Jennifer",41060,Campyliadelphus chrysophyllus (Brid.) Kanda,Campyliadelphus chrysophyllus,399,345
CMN,CANM,CANM 336398,224043,extractions institutionnelles,"Ley, Linda M.",41459,Calypogeia muelleriana (Schiffn.) Müll.Frib.,Calypogeia muelleriana,42,37
CMN,CANM,CANM 336470,224064,extractions institutionnelles,"Ley, Linda M.;Doubt, Jennifer",41754,Aulacomnium palustre (Hedw.) Schwägr.,Aulacomnium palustre,309,269
CMN,CANM,CANM 336077,224081,extractions institutionnelles,"Ley, Linda M.",38934,Brachythecium rivulare Schimp.,Brachythecium rivulare,330,289
CMN,CANM,CANM 336569,224082,extractions institutionnelles,"Ley, Linda M.",41891,Tortella tortuosa (Schrad. ex Hedw.) Limpr.,Tortella tortuosa,2226,849
CMN,CANM,CANM 336463,224097,extractions institutionnelles,"Ley, Linda M.;Doubt, Jennifer",41754,Oxyrrhynchium hians (Hedw.) Loeske,Oxyrrhynchium hians,678,590
CMN,CANM,CANM 336476,224133,extractions institutionnelles,"Ley, Linda M.;Doubt, Jennifer",41754,Herzogiella turfacea (Lindb.) Z.Iwats.,Herzogiella turfacea,576,500
CMN,CANM,CANM 335977,224134,extractions institutionnelles,"Ley, Linda M.",39583,Riccardia palmata (Hedw.) Carruth.,Riccardia palmata,211,182
CMN,CANM,CANM 10008624,252388,extractions institutionnelles,"Sokoloff, Paul C.",45140,Racomitrium lanuginosum (Hedw.) Brid.,Racomitrium lanuginosum,811,692
TRH,B,147956/1,252434,extractions institutionnelles,"Bergfrid Flatberg, Kjell Ivar Flatberg",39287,Sphagnum angustifolium (Russow) C.E.O.Jensen,Sphagnum angustifolium,891,754
NY,NY,1088961,253160,extractions institutionnelles,K. I. Flatberg,39287,Sphagnum venustum Flatberg,Sphagnum venustum Flatberg,940,803
CMN,CANM,CANM 332130,253528,extractions institutionnelles,"Robitaille, Hugo ; Dion, Marie",2012,Barbilophozia lycopodioides (Wallr.) Loeske,Barbilophozia lycopodioides,32,27
TRH,B,724593/2,254248,extractions institutionnelles,"Bergfrid Flatberg, Kjell Ivar Flatberg",39287,Sphagnum girgensohnii Russow,Sphagnum girgensohnii,908,771
TRH,B,724233/1,254249,extractions institutionnelles,"Bergfrid Flatberg, Kjell Ivar Flatberg",39288,Sphagnum compactum DC.,Sphagnum compactum,899,762
TRH,B,728494/1,254251,extractions institutionnelles,Kjell Ivar Flatberg,39287,Sphagnum venustum Flatberg,Sphagnum venustum,940,803
TRH,B,728488/1,254252,extractions institutionnelles,"Bergfrid Flatberg, Kjell Ivar Flatberg",39288,Sphagnum capillifolium (Ehrh.) Hedw.,Sphagnum capillifolium,897,760
TRH,B,725304/1,254253,extractions institutionnelles,"Bergfrid Flatberg, Kjell Ivar Flatberg",39287,Sphagnum rubellum Wilson,Sphagnum rubellum,928,791
TRH,B,724893/1,254254,extractions institutionnelles,"Bergfrid Flatberg, Kjell Ivar Flatberg",39288,Sphagnum majus (Russow) C.E.O.Jensen,Sphagnum majus,2040,1012
TRH,B,724523/1,254255,extractions institutionnelles,"Bergfrid Flatberg, Kjell Ivar Flatberg",39287,Sphagnum fuscum (Schimp.) H.Klinggr.,Sphagnum fuscum,907,770
TRH,B,19816/1,254256,extractions institutionnelles,"Bergfrid Flatberg, Kjell Ivar Flatberg",39289,Campylium stellatum (Hedw.) Lange & C.E.O.Jensen,Campylium stellatum,3472,347
TRH,B,725305/1,254257,extractions institutionnelles,"Bergfrid Flatberg, Kjell Ivar Flatberg",39289,Sphagnum rubellum Wilson,Sphagnum rubellum,928,791
TRH,B,724175/1,254258,extractions institutionnelles,"Bergfrid Flatberg, Kjell Ivar Flatberg",39286,Sphagnum capillifolium (Ehrh.) Hedw.,Sphagnum capillifolium,897,760
TRH,B,725162/2,254259,extractions institutionnelles,"Bergfrid Flatberg, Kjell Ivar Flatberg",39288,Sphagnum lindbergii Schimp.,Sphagnum lindbergii,912,775
TRH,B,725098/1,254260,extractions institutionnelles,"Bergfrid Flatberg, Kjell Ivar Flatberg",39288,Sphagnum papillosum Lindb.,Sphagnum papillosum,921,784
TRH,B,728491/1,254261,extractions institutionnelles,"Bergfrid Flatberg, Kjell Ivar Flatberg",39287,Sphagnum venustum Flatberg,Sphagnum venustum,940,803
TRH,B,724048/3,254262,extractions institutionnelles,"Bergfrid Flatberg, Kjell Ivar Flatberg",39288,Sphagnum tenellum (Brid.) Pers. ex Brid.,Sphagnum tenellum,3535,798
TRH,B,728483/2,254263,extractions institutionnelles,"Bergfrid Flatberg, Kjell Ivar Flatberg",39287,Sphagnum lindbergii Schimp.,Sphagnum lindbergii,912,775
TRH,B,725276/1,254264,extractions institutionnelles,"Bergfrid Flatberg, Kjell Ivar Flatberg",39287,Sphagnum riparium Ångstr.,Sphagnum riparium,927,790
TRH,B,672370/1,254265,extractions institutionnelles,Kjell Ivar Flatberg,39287,Sphagnum venustum Flatberg,Sphagnum venustum,940,803
TRH,B,725840/1,254266,extractions institutionnelles,"Bergfrid Flatberg, Kjell Ivar Flatberg",39286,Sphagnum warnstorfii Russow,Sphagnum warnstorfii,941,804
TRH,B,728486/1,254267,extractions institutionnelles,"Bergfrid Flatberg, Kjell Ivar Flatberg",39288,Sphagnum venustum Flatberg,Sphagnum venustum,940,803
TRH,B,723914/1,254268,extractions institutionnelles,"Bergfrid Flatberg, Kjell Ivar Flatberg",39287,Sphagnum angustifolium (Russow) C.E.O.Jensen,Sphagnum angustifolium,891,754
TRH,B,724047/3,254269,extractions institutionnelles,"Bergfrid Flatberg, Kjell Ivar Flatberg",39289,Sphagnum lindbergii Schimp.,Sphagnum lindbergii,912,775
TRH,B,82147/1,254270,extractions institutionnelles,"Bergfrid Flatberg, Kjell Ivar Flatberg",39289,Aulacomnium palustre (Hedw.) Schwägr.,Aulacomnium palustre,309,269
TRH,B,741890/1,254271,extractions institutionnelles,Kjell Ivar Flatberg,39288,Sphagnum capillifolium (Ehrh.) Hedw.,Sphagnum capillifolium,897,760
TRH,B,725383/1,254272,extractions institutionnelles,"Bergfrid Flatberg, Kjell Ivar Flatberg",39289,Sphagnum russowii Warnst.,Sphagnum russowii,930,793
TRH,B,724894/1,254273,extractions institutionnelles,"Bergfrid Flatberg, Kjell Ivar Flatberg",39288,Sphagnum majus (Russow) C.E.O.Jensen,Sphagnum majus,2040,1012
TRH,B,725304/2,254274,extractions institutionnelles,"Bergfrid Flatberg, Kjell Ivar Flatberg",39287,Sphagnum papillosum Lindb.,Sphagnum papillosum,921,784
TRH,B,724522/1,254275,extractions institutionnelles,"Bergfrid Flatberg, Kjell Ivar Flatberg",39289,Sphagnum fuscum (Schimp.) H.Klinggr.,Sphagnum fuscum,907,770
TRH,B,724786/1,254276,extractions institutionnelles,"Bergfrid Flatberg, Kjell Ivar Flatberg",39287,Sphagnum lindbergii Schimp.,Sphagnum lindbergii,912,775
TRH,B,727918/1,254277,extractions institutionnelles,"Bergfrid Flatberg, Kjell Ivar Flatberg",39287,Sphagnum pylaesii Brid.,Sphagnum pylaesii,925,788
TRH,B,673463/1,254278,extractions institutionnelles,"Bergfrid Flatberg, Kjell Ivar Flatberg",39286,Cinclidium stygium Sw.,Cinclidium stygium,415,357
TRH,B,724788/1,254279,extractions institutionnelles,"Bergfrid Flatberg, Kjell Ivar Flatberg",39289,Sphagnum lindbergii Schimp.,Sphagnum lindbergii,912,775
TRH,B,725097/1,254280,extractions institutionnelles,"Bergfrid Flatberg, Kjell Ivar Flatberg",39288,Sphagnum papillosum Lindb.,Sphagnum papillosum,921,784
TRH,B,725161/1,254281,extractions institutionnelles,"Bergfrid Flatberg, Kjell Ivar Flatberg",39288,Sphagnum pulchrum (Lindb.) Warnst.,Sphagnum pulchrum,924,787
TRH,B,724525/1,254282,extractions institutionnelles,"Bergfrid Flatberg, Kjell Ivar Flatberg",39287,Sphagnum russowii Warnst.,Sphagnum russowii,930,793
TRH,B,724326/1,254283,extractions institutionnelles,"Bergfrid Flatberg, Kjell Ivar Flatberg",39287,Sphagnum fallax (H.Klinggr.) H.Klinggr.,Sphagnum fallax,903,766
TRH,B,741519/1,254284,extractions institutionnelles,"Kjell Ivar Flatberg, Bergfrid Flatberg",39288,Sphagnum pylaesii Brid.,Sphagnum pylaesii,925,788
TRH,B,82148/1,254285,extractions institutionnelles,"Bergfrid Flatberg, Kjell Ivar Flatberg",39286,Aulacomnium palustre (Hedw.) Schwägr.,Aulacomnium palustre,309,269
TRH,B,83327/1,254286,extractions institutionnelles,"Bergfrid Flatberg, Kjell Ivar Flatberg",39289,Tomentypnum nitens (Hedw.) Loeske,Tomentypnum nitens,987,844
TRH,B,82388/1,254287,extractions institutionnelles,"Bergfrid Flatberg, Kjell Ivar Flatberg",39289,Scorpidium cossonii (Schimp.) Hedenäs,Scorpidium cossonii,875,741
TRH,B,728579/1,254288,extractions institutionnelles,"Bergfrid Flatberg, Kjell Ivar Flatberg",39289,Plagiomnium ellipticum (Brid.) T.J.Kop.,Plagiomnium ellipticum,707,610
TRH,B,728489/1,254289,extractions institutionnelles,"Bergfrid Flatberg, Kjell Ivar Flatberg",39287,Sphagnum venustum Flatberg,Sphagnum venustum,940,803
TRH,B,728493/1,254290,extractions institutionnelles,"Bergfrid Flatberg, Kjell Ivar Flatberg",39287,Sphagnum venustum Flatberg,Sphagnum venustum,940,803
TRH,B,728490/1,254291,extractions institutionnelles,"Bergfrid Flatberg, Kjell Ivar Flatberg",39287,Sphagnum venustum Flatberg,Sphagnum venustum,940,803
TRH,B,727919/1,254292,extractions institutionnelles,"Bergfrid Flatberg, Kjell Ivar Flatberg",39288,Sphagnum pylaesii Brid.,Sphagnum pylaesii,925,788
TRH,B,728483/1,254293,extractions institutionnelles,"Bergfrid Flatberg, Kjell Ivar Flatberg",39287,Sphagnum venustum Flatberg,Sphagnum venustum,940,803
TRH,B,724048/2,254294,extractions institutionnelles,"Bergfrid Flatberg, Kjell Ivar Flatberg",39288,Sphagnum pulchrum (Lindb.) Warnst.,Sphagnum pulchrum,924,787
TRH,B,82991/1,254295,extractions institutionnelles,"Bergfrid Flatberg, Kjell Ivar Flatberg",39289,Meesia triquetra (L. ex Jolycl.) Ångstr.,Meesia triquetra,641,555
TRH,B,83557/1,254296,extractions institutionnelles,"Bergfrid Flatberg, Kjell Ivar Flatberg",39289,Paludella squarrosa (Hedw.) Brid.,Paludella squarrosa,680,591
TRH,B,741437/1,254297,extractions institutionnelles,"Kjell Ivar Flatberg, Bergfrid Flatberg",39289,Schistidium flexipile (Lindb. ex Broth.) G.Roth,Schistidium flexipile,860,726
TRH,B,741435/1,254298,extractions institutionnelles,"Kjell Ivar Flatberg, Bergfrid Flatberg",39286,Schistidium Brid.,Schistidium,4165,NA
TRH,B,724877/1,254299,extractions institutionnelles,"Bergfrid Flatberg, Kjell Ivar Flatberg",39287,Sphagnum divinum Flatberg & K.Hassel,Sphagnum divinum,2056,904
TRH,B,728492/1,254300,extractions institutionnelles,"Bergfrid Flatberg, Kjell Ivar Flatberg",39287,Sphagnum venustum Flatberg,Sphagnum venustum,940,803
TRH,B,724047/2,254301,extractions institutionnelles,"Bergfrid Flatberg, Kjell Ivar Flatberg",39289,Sphagnum rubellum Wilson,Sphagnum rubellum,928,791
TRH,B,741436/1,254302,extractions institutionnelles,"Kjell Ivar Flatberg, Bergfrid Flatberg",39289,Schistidium Brid.,Schistidium,4165,NA
TRH,B,741442/1,254303,extractions institutionnelles,"Kjell Ivar Flatberg, Bergfrid Flatberg",39289,Schistidium flexipile (Lindb. ex Broth.) G.Roth,Schistidium flexipile,860,726
TRH,B,726073/1,254304,extractions institutionnelles,"Bergfrid Flatberg, Kjell Ivar Flatberg",39289,Calliergon giganteum (Schimp.) Kindb.,Calliergon giganteum,394,342
TRH,B,724902/1,254305,extractions institutionnelles,"Bergfrid Flatberg, Kjell Ivar Flatberg",39288,Sphagnum majus subsp. norvegicum Flatberg,Sphagnum majus ssp. norvegicum,915,1012
TRH,B,724876/1,254306,extractions institutionnelles,"Bergfrid Flatberg, Kjell Ivar Flatberg",39288,Sphagnum divinum Flatberg & K.Hassel,Sphagnum divinum,2056,904
TRH,B,725287/1,254307,extractions institutionnelles,"Bergfrid Flatberg, Kjell Ivar Flatberg",39288,Sphagnum rubellum Wilson,Sphagnum rubellum,928,791
TRH,B,724174/1,254308,extractions institutionnelles,"Bergfrid Flatberg, Kjell Ivar Flatberg",39289,Sphagnum capillifolium (Ehrh.) Hedw.,Sphagnum capillifolium,897,760
TRH,B,724327/1,254309,extractions institutionnelles,"Bergfrid Flatberg, Kjell Ivar Flatberg",39287,Sphagnum fallax (H.Klinggr.) H.Klinggr.,Sphagnum fallax,903,766
TRH,B,725303/1,254310,extractions institutionnelles,"Bergfrid Flatberg, Kjell Ivar Flatberg",39287,Sphagnum rubellum Wilson,Sphagnum rubellum,928,791
TRH,B,725162/1,254311,extractions institutionnelles,"Bergfrid Flatberg, Kjell Ivar Flatberg",39288,Sphagnum pulchrum (Lindb.) Warnst.,Sphagnum pulchrum,924,787
TRH,B,725302/1,254312,extractions institutionnelles,"Bergfrid Flatberg, Kjell Ivar Flatberg",39287,Sphagnum rubellum Wilson,Sphagnum rubellum,928,791
TRH,B,724787/1,254313,extractions institutionnelles,"Bergfrid Flatberg, Kjell Ivar Flatberg",39287,Sphagnum lindbergii Schimp.,Sphagnum lindbergii,912,775
TRH,B,724524/1,254314,extractions institutionnelles,"Bergfrid Flatberg, Kjell Ivar Flatberg",39287,Sphagnum beothuk R.E.Andrus,Sphagnum beothuk,3240,908
TRH,B,724521/1,254315,extractions institutionnelles,"Bergfrid Flatberg, Kjell Ivar Flatberg",39286,Sphagnum beothuk R.E.Andrus,Sphagnum beothuk,3240,908
TRH,B,724591/2,254316,extractions institutionnelles,"Bergfrid Flatberg, Kjell Ivar Flatberg",39287,Sphagnum russowii Warnst.,Sphagnum russowii,930,793
TRH,B,724592/2,254317,extractions institutionnelles,"Bergfrid Flatberg, Kjell Ivar Flatberg",39287,Sphagnum russowii Warnst.,Sphagnum russowii,930,793
TRH,B,725383/2,254318,extractions institutionnelles,"Bergfrid Flatberg, Kjell Ivar Flatberg",39289,Sphagnum lindbergii Schimp.,Sphagnum lindbergii,912,775
TRH,B,725377/1,254319,extractions institutionnelles,"Bergfrid Flatberg, Kjell Ivar Flatberg",39287,Sphagnum russowii Warnst.,Sphagnum russowii,930,793
TRH,B,728491/2,254320,extractions institutionnelles,"Bergfrid Flatberg, Kjell Ivar Flatberg",39287,Sphagnum lindbergii Schimp.,Sphagnum lindbergii,912,775
TRH,B,728490/2,254321,extractions institutionnelles,"Bergfrid Flatberg, Kjell Ivar Flatberg",39287,Sphagnum lindbergii Schimp.,Sphagnum lindbergii,912,775
TRH,B,728487/1,254322,extractions institutionnelles,"Bergfrid Flatberg, Kjell Ivar Flatberg",39288,Sphagnum venustum Flatberg,Sphagnum venustum,940,803
TRH,B,728485/1,254323,extractions institutionnelles,"Bergfrid Flatberg, Kjell Ivar Flatberg",39288,Sphagnum venustum Flatberg,Sphagnum venustum,940,803
TRH,B,724047/1,254324,extractions institutionnelles,"Bergfrid Flatberg, Kjell Ivar Flatberg",39289,Sphagnum balticum (Russow) C.E.O.Jensen,Sphagnum balticum,896,759
TRH,B,724048/1,254325,extractions institutionnelles,"Bergfrid Flatberg, Kjell Ivar Flatberg",39288,Sphagnum balticum (Russow) C.E.O.Jensen,Sphagnum balticum,896,759
TRH,B,725699/1,254326,extractions institutionnelles,"Bergfrid Flatberg, Kjell Ivar Flatberg",39288,Sphagnum tenellum (Brid.) Pers. ex Brid.,Sphagnum tenellum,3535,798
TRH,B,725698/1,254327,extractions institutionnelles,"Bergfrid Flatberg, Kjell Ivar Flatberg",39288,Sphagnum tenellum (Brid.) Pers. ex Brid.,Sphagnum tenellum,3535,798
TRH,B,725692/1,254328,extractions institutionnelles,"Bergfrid Flatberg, Kjell Ivar Flatberg",39289,Sphagnum tenellum (Brid.) Pers. ex Brid.,Sphagnum tenellum,3535,798
TRH,B,725691/1,254329,extractions institutionnelles,"Bergfrid Flatberg, Kjell Ivar Flatberg",39289,Sphagnum tenellum (Brid.) Pers. ex Brid.,Sphagnum tenellum,3535,798
TRH,B,725690/1,254330,extractions institutionnelles,"Bergfrid Flatberg, Kjell Ivar Flatberg",39289,Sphagnum tenellum (Brid.) Pers. ex Brid.,Sphagnum tenellum,3535,798
TRH,B,673464/1,254331,extractions institutionnelles,"Bergfrid Flatberg, Kjell Ivar Flatberg",39289,Cinclidium stygium Sw.,Cinclidium stygium,415,357
TRH,B,83325/1,254332,extractions institutionnelles,"Bergfrid Flatberg, Kjell Ivar Flatberg",39289,Tomentypnum nitens (Hedw.) Loeske,Tomentypnum nitens,987,844
TRH,B,83504/1,254333,extractions institutionnelles,"Bergfrid Flatberg, Kjell Ivar Flatberg",39289,Racomitrium lanuginosum (Hedw.) Brid.,Racomitrium lanuginosum,811,692
TRH,B,82985/1,254334,extractions institutionnelles,"Bergfrid Flatberg, Kjell Ivar Flatberg",39289,Meesia longiseta Hedw.,Meesia longiseta,1033,878
CMN,CANM,NA,43652,contributions membres interim,Linda M. Ley,41891,Racomitrium canescens (Hedw.) Brid. subsp. canescens,Racomitrium canescens,NA,687
CMN,CANM,NA,43667,contributions membres interim,Linda M. Ley,41892,Pohlia andalusica (Höhn.) Broth.,Pohlia andalusica,NA,630
CMN,CANM,NA,43674,contributions membres interim,Linda M. Ley,41892,Barbilophozia lycopodioides (Wallr.) Loeske,Barbilophozia lycopodioides,NA,27
CMN,CANM,NA,43688,contributions membres interim,Linda M. Ley,41892,Riccardia multifida (L.) Gray,Riccardia multifida,NA,181
CMN,CANM,NA,43693,contributions membres interim,Linda M. Ley,41892,"Neoorthocaulis attenuatus (Mart.) L. Söderstr., De Roo, Hedd. & Mart.",Barbilophozia attenuata,NA,21
CMN,CANM,NA,43694,contributions membres interim,Linda M. Ley,41892,Barbilophozia lycopodioides (Wallr.) Loeske,Barbilophozia lycopodioides,NA,27
CMN,CANM,NA,43699,contributions membres interim,Linda M. Ley,41892,Lophozia guttulata (Lindb. & Arnell) A. Evans,Lophozia guttulata,NA,125
CMN,CANM,NA,43700,contributions membres interim,Linda M. Ley,41892,Lophozia silvicola H. Buch,Lophozia silvicola,NA,130
CMN,CANM,NA,43705,contributions membres interim,Linda M. Ley,41893,Sphenolobus hellerianus (Nees ex Lindenb.) Steph.,Anastrophyllum hellerianum,NA,7
CMN,CANM,NA,43706,contributions membres interim,Linda M. Ley,41893,Anastrophyllum michauxii (F. Weber) H. Buch ex A. Evans,Anastrophyllum michauxii,NA,8
CMN,CANM,NA,43713,contributions membres interim,Linda M. Ley,41893,Diplophyllum taxifolium (Wahlenb.) Dumort. var. taxifolium,Diplophyllum taxifolium,NA,74
CMN,CANM,NA,43718,contributions membres interim,Linda M. Ley,41893,Riccardia multifida (L.) Gray,Riccardia multifida,NA,181
CMN,CANM,NA,43719,contributions membres interim,Linda M. Ley,41893,Tritomaria exsecta (Schmidel ex Schrad.) Schiffn. ex Loeske,Tritomaria exsecta,NA,227
CMN,CANM,NA,43721,contributions membres interim,Linda M. Ley,41894,Sphenolobus hellerianus (Nees ex Lindenb.) Steph.,Anastrophyllum hellerianum,NA,7
CMN,CANM,NA,43731,contributions membres interim,Linda M. Ley,41894,Riccardia multifida (L.) Gray,Riccardia multifida,NA,181
CMN,CANM,NA,43740,entrées manuelles herbiers,Eric Snyder,41861,Polytrichastrum longisetum (Sw. ex Brid.) G.L. Sm.,Bryum longisetum,NA,651
CMN,CANM,NA,43837,entrées manuelles herbiers,Eric Snyder,41863,Tayloria splachnoides (Schleich. ex Schwägr.) Hook.,Tayloria splachnoides,NA,821
CMN,CANM,NA,43736,entrées manuelles herbiers,Eric Snyder,41862,Bryum warneum (Röhl.) Brid.,Bryum warneum,NA,336
CMN,CANM,NA,43737,entrées manuelles herbiers,Eric Snyder,41862,Fontinalis sphagnifolia (Müll. Hal.) Wijk & Margad.,Fontinalis sphagnifolia,NA,466
CMN,CANM,NA,43738,entrées manuelles herbiers,Eric Snyder,41861,Meesia hexasticha (Funck) Bruch,Meesia hexasticha,NA,554
CMN,CANM,NA,43739,entrées manuelles herbiers,Eric Snyder,41858,Meesia hexasticha (Funck) Bruch,Meesia hexasticha,NA,554
CMN,CANM,NA,43838,entrées manuelles herbiers,Eric Snyder,41863,Bryum acutiforme Limpr.,Bryum acutiforme,NA,884
CMN,CANM,NA,43839,entrées manuelles herbiers,Eric Snyder,41863,Bryum arcticum (R. Br.) Bruch & Schimp.,Bryum arcticum,NA,303
CMN,CANM,NA,43840,entrées manuelles herbiers,Eric Snyder,41863,Bryum lonchocaulon Müll. Hal.,Bryum lonchocaulon,NA,885
CMN,CANM,NA,45544,entrées manuelles herbiers,Eric Snyder,41862,Bryum warneum (Röhl.) Brid.,Bryum warneum,NA,336
CMN,CANM,NA,45545,entrées manuelles herbiers,Eric Snyder,41862,Fontinalis sphagnifolia (Müll. Hal.) Wijk & Margad.,Fontinalis sphagnifolia,NA,466
CMN,CANM,NA,45546,entrées manuelles herbiers,Eric Snyder,41861,Meesia hexasticha (Funck) Bruch,Meesia hexasticha,NA,554
CMN,CANM,NA,45547,entrées manuelles herbiers,Eric Snyder,41858,Meesia hexasticha (Funck) Bruch,Meesia hexasticha,NA,554
CMN,CANM,NA,45548,entrées manuelles herbiers,Eric Snyder,41861,Bryum longisetum Blandow ex Schwägr. var. longisetum,Bryum longisetum,NA,323
CMN,CANM,NA,45549,entrées manuelles herbiers,Eric Snyder,41863,Bryum acutiforme Limpr.,Bryum acutiforme,NA,884
CMN,CANM,NA,45550,entrées manuelles herbiers,Eric Snyder,41863,Bryum lonchocaulon Müll. Hal.,Bryum lonchocaulon,NA,885
CMN,CANM,NA,45551,entrées manuelles herbiers,Eric Snyder,41863,Timmia norvegica J.E. Zetterst. var. norvegica,Timmia norvegica var. norvegica,NA,841
CMN,CANM,NA,45552,entrées manuelles herbiers,Eric Snyder,41861,Schistochilopsis grandiretis (Lindb.) Konstant.,Schistochilopsis grandiretis,NA,221
CMN,CANM,NA,45736,entrées manuelles herbiers,Dorothy Allard,42630,Forsstroemia trichomitria (Hedw.) Lindb.,Forrstroemia trichomitria,NA,468
NY,NY,NA,97394,contributions membres interim,William R. Buck,41457,Hygrohypnum subeugyrium (Renauld & Cardot) Broth.,Hygrohypnum subeugyrium,NA,516
NY,NY,NA,97395,contributions membres interim,William R. Buck,41458,Campylophyllum sommerfeltii (Myrin) Hedenäs,Campylophyllum sommerfeltii,NA,350
NY,NY,NA,97396,contributions membres interim,William R. Buck,41458,Seligeria recurvata (Hedw.) Bruch & Schimp.,Seligeria recurvata,NA,750
NY,NY,NA,97415,contributions membres interim,William R. Buck,41457,Atrichum crispulum Schimp. ex Besch.,Atrichum crispulum,NA,265
NY,NY,NA,97416,contributions membres interim,William R. Buck,41459,Arctoa fulvella (Dicks.) Bruch & Schimp.,Arctoa fulvella,NA,261
NY,NY,NA,97417,contributions membres interim,William R. Buck,41459,Kiaeria blyttii (Bruch & Schimp.) Broth.,Kiaeria blyttii,NA,538
NY,NY,NA,97418,contributions membres interim,William R. Buck,41459,Tayloria serrata (Hedw.) Bruch & Schimp.,Tayloria serrata,NA,820
NY,NY,NA,97722,contributions membres interim,William R. Buck,41457,Anomodon attenuatus (Hedw.) Huebener,Anomodon attenuatus,NA,252
NY,NY,NA,97723,contributions membres interim,William R. Buck,41457,Brachythecium campestre (Müll. Hal.) Schimp.,Brachythecium campestre,NA,279
NY,NY,NA,97724,contributions membres interim,William R. Buck,41457,Brachythecium rivulare Schimp.,Brachythecium rivulare,NA,289
NY,NY,NA,97725,contributions membres interim,William R. Buck,41457,Hypnum lindbergii Mitt.,Calliergonella lindbergii,NA,530
NY,NY,NA,97726,contributions membres interim,William R. Buck,41457,Campyliadelphus chrysophyllus (Brid.) Kanda,Campyliadelphus chrysophyllus,NA,345
NY,NY,NA,97727,contributions membres interim,William R. Buck,41457,Campylium stellatum (Hedw.) C.E.O. Jensen,Campylium stellatum,NA,347
NY,NY,NA,97728,contributions membres interim,William R. Buck,41457,Climacium dendroides (Hedw.) F. Weber & D. Mohr,Climacium dendroides,NA,361
NY,NY,NA,97729,contributions membres interim,William R. Buck,41457,Dicranum fuscescens Turner,Dicranum fuscescens,NA,400
NY,NY,NA,97730,contributions membres interim,William R. Buck,41457,Dicranum scoparium Hedw.,Dicranum scoparium,NA,409
NY,NY,NA,97731,contributions membres interim,William R. Buck,41457,Dicranum viride (Sull. & Lesq.) Lindb.,Dicranum viride,NA,413
NY,NY,NA,97732,contributions membres interim,William R. Buck,41457,Distichium capillaceum (Hedw.) Bruch & Schimp.,Distichium capillaceum,NA,423
NY,NY,NA,97733,contributions membres interim,William R. Buck,41457,Eurhynchiastrum pulchellum (Hedw.) Ignatov & Huttunen,Eurhynchium pulchellum,NA,450
NY,NY,NA,97734,contributions membres interim,William R. Buck,41457,Fissidens adianthoides Hedw.,Fissidens adianthoides,NA,451
NY,NY,NA,97735,contributions membres interim,William R. Buck,41457,Fissidens bryoides Hedw.,Fissidens bryoides,NA,452
NY,NY,NA,97736,contributions membres interim,William R. Buck,41457,Fissidens osmundoides Hedw.,Fissidens osmundoides,NA,459
NY,NY,NA,97737,contributions membres interim,William R. Buck,41457,Homalia trichomanoides (Hedw.) Schimp.,Homalia trichomanoides,NA,502
NY,NY,NA,97738,contributions membres interim,William R. Buck,41457,Hylocomium splendens (Hedw.) Schimp.,Hylocomium splendens,NA,519
NY,NY,NA,97739,contributions membres interim,William R. Buck,41457,Hypnum pallescens (Hedw.) P. Beauv.,Hypnum pallescens,NA,531
NY,NY,NA,97740,contributions membres interim,William R. Buck,41457,Myurella sibirica (Müll. Hal.) Reimers,Myurella sibirica,NA,567
NY,NY,NA,97741,contributions membres interim,William R. Buck,41457,Neckera pennata Hedw.,Neckera pennata,NA,569
NY,NY,NA,97742,contributions membres interim,William R. Buck,41457,Oncophorus wahlenbergii Brid.,Oncophorus wahlenbergii,NA,573
NY,NY,NA,97743,contributions membres interim,William R. Buck,41457,Pleurozium schreberi (Willd. ex Brid.) Mitt.,Pleurozium schreberi,NA,626
NY,NY,NA,97744,contributions membres interim,William R. Buck,41457,Ptilium crista-castrensis (Hedw.) De Not.,Ptilium crista-castrensis,NA,681
NY,NY,NA,97745,contributions membres interim,William R. Buck,41457,Pylaisia polyantha (Hedw.) Schimp.,Pylaisia polyantha,NA,683
NY,NY,NA,97746,contributions membres interim,William R. Buck,41457,Rhytidiadelphus subpinnatus (Lindb.) T.J. Kop.,Rhytidiadelphus subpinnatus,NA,709
NY,NY,NA,97747,contributions membres interim,William R. Buck,41457,Rhytidiadelphus triquetrus (Hedw.) Warnst.,Rhytidiadelphus triquetrus,NA,710
NY,NY,NA,97748,contributions membres interim,William R. Buck,41457,Saelania glaucescens (Hedw.) Broth.,Saelania glaucescens,NA,712
NY,NY,NA,97749,contributions membres interim,William R. Buck,41457,Sanionia uncinata (Hedw.) Loeske,Sanionia uncinata,NA,714
NY,NY,NA,97750,contributions membres interim,William R. Buck,41457,Thuidium delicatulum (Hedw.) Schimp.,Thuidium delicatulum,NA,835
NY,NY,NA,97751,contributions membres interim,William R. Buck,41457,Timmia austriaca Hedw.,Timmia austriaca,NA,837
NY,NY,NA,97752,contributions membres interim,William R. Buck,41457,Timmia megapolitana Hedw. subsp. megapolitana,Timmia megapolitana,NA,839
NY,NY,NA,97753,contributions membres interim,William R. Buck,41457,Tortella tortuosa (Hedw.) Limpr.,Tortella tortuosa,NA,849
NY,NY,NA,97754,contributions membres interim,William R. Buck,41457,Ulota coarctata (P. Beauv.) Hammar,Ulota coarctata,NA,862
NY,NY,NA,97755,contributions membres interim,William R. Buck,41457,Bartramia pomiformis Hedw.,Bartramia pomiformis,NA,274
NY,NY,NA,97756,contributions membres interim,William R. Buck,41457,Brachythecium rotaeanum De Not.,Brachythecium rotaeanum,NA,290
NY,NY,NA,97757,contributions membres interim,William R. Buck,41457,Brachythecium velutinum (Hedw.) Schimp.,Brachythecium velutinum,NA,294
NY,NY,NA,97758,contributions membres interim,William R. Buck,41457,Hypnum lindbergii Mitt.,Calliergonella lindbergii,NA,530
NY,NY,NA,97759,contributions membres interim,William R. Buck,41457,Cratoneuron filicinum (Hedw.) Spruce,Cratoneuron filicinum,NA,365
NY,NY,NA,97760,contributions membres interim,William R. Buck,41457,Dichodontium pellucidum (Hedw.) Schimp.,Dichodontium pellucidum,NA,379
NY,NY,NA,97761,contributions membres interim,William R. Buck,41457,Dicranella subulata (Hedw.) Schimp.,Dicranella subulata,NA,387
NY,NY,NA,97762,contributions membres interim,William R. Buck,41457,Hygrohypnum eugyrium (Schimp.) Loeske,Hygrohypnum eugyrium,NA,510
NY,NY,NA,97763,contributions membres interim,William R. Buck,41457,Orthotrichum speciosum Nees,Orthotrichum speciosum,NA,587
NY,NY,NA,97764,contributions membres interim,William R. Buck,41457,Plagiomnium cuspidatum (Hedw.) T.J. Kop.,Plagiomnium cuspidatum,NA,608
NY,NY,NA,97765,contributions membres interim,William R. Buck,41457,Pogonatum urnigerum (Hedw.) P. Beauv.,Pogonatum urnigerum,NA,629
NY,NY,NA,97766,contributions membres interim,William R. Buck,41457,Polytrichastrum alpinum (Hedw.) G.L. Sm. var. alpinum,Polytrichastrum alpinum,NA,647
NY,NY,NA,97767,contributions membres interim,William R. Buck,41457,Sanionia uncinata (Hedw.) Loeske,Sanionia uncinata,NA,714
NY,NY,NA,97768,contributions membres interim,William R. Buck,41457,Schistidium rivulare (Brid.) Podp.,Schistidium rivulare,NA,734
NY,NY,NA,97769,contributions membres interim,William R. Buck,41460,Brachythecium campestre (Müll. Hal.) Schimp.,Brachythecium campestre,NA,279
NY,NY,NA,97770,contributions membres interim,William R. Buck,41460,Brachythecium plumosum (Hedw.) Schimp.,Brachythecium plumosum,NA,286
NY,NY,NA,97771,contributions membres interim,William R. Buck,41460,Brachythecium starkei (Brid.) Schimp.,Brachythecium starkei,NA,292
NY,NY,NA,97772,contributions membres interim,William R. Buck,41460,Brachythecium novae-angliae (Sull. & Lesq.) Jaeg.,Bryhnia novae-angliae,NA,299
NY,NY,NA,97773,contributions membres interim,William R. Buck,41460,Callicladium haldanianum (Grev.) H.A. Crum,Callicladium haldanianum,NA,340
NY,NY,NA,97774,contributions membres interim,William R. Buck,41460,Calliergon cordifolium (Hedw.) Kindb.,Calliergon cordifolium,NA,341
NY,NY,NA,97775,contributions membres interim,William R. Buck,41460,Hypnum lindbergii Mitt.,Calliergonella lindbergii,NA,530
NY,NY,NA,97776,contributions membres interim,William R. Buck,41460,Hygrohypnum duriusculum (De Not.) D.W. Jamieson,Hygrohypnum duriusculum,NA,509
NY,NY,NA,97777,contributions membres interim,William R. Buck,41460,Hylocomiastrum umbratum (Hedw.) M. Fleisch. ex Broth.,Hylocomiastrum umbratum,NA,518
NY,NY,NA,97778,contributions membres interim,William R. Buck,41460,Isopterygiopsis pulchella (Hedw.) Z. Iwats.,Isopterygiopsis pulchella,NA,537
NY,NY,NA,97779,contributions membres interim,William R. Buck,41460,Dicranum montanum Hedw.,Orthodicranum montanum,NA,405
NY,NY,NA,97780,contributions membres interim,William R. Buck,41460,Racomitrium aciculare (Hedw.) Brid.,Racomitrium aciculare,NA,685
NY,NY,NA,97781,contributions membres interim,William R. Buck,41460,Rhizomnium magnifolium (Horik.) T.J. Kop.,Rhizomnium magnifolium,NA,702
NY,NY,NA,97782,contributions membres interim,William R. Buck,41460,Tetraphis pellucida Hedw.,Tetraphis pellucida,NA,823
NY,NY,NA,97783,contributions membres interim,William R. Buck,41458,Ditrichum pusillum (Hedw.) Hampe,Ditrichum pusillum,NA,429
NY,NY,NA,97784,contributions membres interim,William R. Buck,41458,Racomitrium canescens (Hedw.) Brid. subsp. canescens,Racomitrium canescens,NA,687
NY,NY,NA,97785,contributions membres interim,William R. Buck,41459,Andreaea rupestris Hedw.,Andreaea rupestris,NA,250
NY,NY,NA,97786,contributions membres interim,William R. Buck,41459,Aulacomnium palustre (Hedw.) Schwägr.,Aulacomnium palustre,NA,269
NY,NY,NA,97787,contributions membres interim,William R. Buck,41459,Brachythecium starkei (Brid.) Schimp.,Brachythecium starkei,NA,292
NY,NY,NA,97788,contributions membres interim,William R. Buck,41459,Grimmia donniana Sm.,Grimmia donniana,NA,473
NY,NY,NA,97789,contributions membres interim,William R. Buck,41459,Grimmia longirostris Hook.,Grimmia longirostris,NA,478
NY,NY,NA,97790,contributions membres interim,William R. Buck,41459,Hypnum pallescens (Hedw.) P. Beauv.,Hypnum pallescens,NA,531
NY,NY,NA,97791,contributions membres interim,William R. Buck,41459,Pogonatum dentatum (Menzies ex Brid.) Brid.,Pogonatum dentatum,NA,627
NY,NY,NA,97792,contributions membres interim,William R. Buck,41459,Pohlia nutans (Hedw.) Lindb.,Pohlia nutans,NA,642
NY,NY,NA,97793,contributions membres interim,William R. Buck,41459,Polytrichastrum longisetum (Sw. ex Brid.) G.L. Sm.,Polytrichastrum longisetum,NA,651
NY,NY,NA,97794,contributions membres interim,William R. Buck,41459,Polytrichum commune Hedw. var. commune,Polytrichum commune,NA,655
NY,NY,NA,97795,contributions membres interim,William R. Buck,41459,Polytrichum piliferum Hedw.,Polytrichum piliferum,NA,660
NY,NY,NA,97796,contributions membres interim,William R. Buck,41459,Pseudotaxiphyllum elegans (Brid.) Z. Iwats.,Pseudotaxiphyllum elegans,NA,676
NY,NY,NA,97797,contributions membres interim,William R. Buck,41459,Ptilium crista-castrensis (Hedw.) De Not.,Ptilium crista-castrensis,NA,681
NY,NY,NA,97798,contributions membres interim,William R. Buck,41459,Racomitrium fasciculare (Hedw.) Brid.,Racomitrium fasciculare,NA,691
NY,NY,NA,97799,contributions membres interim,William R. Buck,41459,Racomitrium lanuginosum (Hedw.) Brid.,Racomitrium lanuginosum,NA,692
NY,NY,NA,97800,contributions membres interim,William R. Buck,41459,Racomitrium microcarpum (Hedw.) Brid.,Racomitrium microcarpum,NA,693
NY,NY,NA,97801,contributions membres interim,William R. Buck,41459,Straminergon stramineum (Dicks. ex Brid.) Hedenäs,Straminergon stramineum,NA,814
NY,NY,NA,97803,contributions membres interim,William R. Buck,41458,Plagiothecium laetum Schimp.,Plagiothecium laetum,NA,616
NY,NY,NA,97804,contributions membres interim,William R. Buck,41458,Rhizomnium punctatum (Hedw.) T.J. Kop.,Rhizomnium punctatum,NA,704
CMN,CANM,NA,107660,contributions membres interim,"Kellina L. Higgins, Stéphane Leclerc et Étienne Lacroix-Carignan",44051,Fissidens dubius P. Beauv.,Fissidens dubuis,NA,454
CMN,CANM,NA,107667,contributions membres interim,"Kellina L. Higgins, Stéphane Leclerc et Étienne Lacroix-Carignan",44051,Cololejeunea biddlecomiae (Austin ex Pearson) A. Evans,Cololejeuna biddlecomiae,NA,69
CMN,CANM,NA,107672,contributions membres interim,Kellina L. Higgins,44079,Gymnocolea inflata (Huds.) Dumort. subsp. inflata,Gymnocolea inflata,NA,88
CMN,CANM,NA,107680,contributions membres interim,Kellina L. Higgins,44112,Lophozia silvicola H. Buch,Lophozia sylvicola,NA,130
CMN,CANM,NA,107682,contributions membres interim,Kellina L. Higgins,44112,Scapania nemorea (L.) Grolle,Scapania nemorea,NA,207
CMN,CANM,NA,107685,contributions membres interim,Kellina L. Higgins,44112,Andreaea rothii F. Weber & D. Mohr,Andreaea rothii,NA,249
CMN,CANM,NA,107686,contributions membres interim,Kellina L. Higgins,44112,Polytrichum juniperinum Hedw.,Polytrichum juniperinum,NA,659
CMN,CANM,NA,109568,à vérifier; contributions membres interim,Jennifer Doubt,45206,Riccia beyrichiana Hampe ex Lehm.,Riccia beyrichiana,NA,886
NY,NY,03091598,106893,extractions institutionnelles,W. R. Buck,43000,Andreaea rupestris Hedw.,Andreaea rupestris,NA,250
NY,NY,03091596,106912,extractions institutionnelles,W. R. Buck,43000,Brachythecium glaciale Schimp.,Brachythecium glaciale,NA,283
NY,NY,03091615,106928,extractions institutionnelles,W. R. Buck,43000,Ceratodon purpureus (Hedw.) Brid.,Ceratodon purpureus,NA,355
NY,NY,03091613,106930,extractions institutionnelles,W. R. Buck,43000,Dicranella rufescens (With.) Schimp.,Dicranella rufescens,NA,384
NY,NY,03091602,106931,extractions institutionnelles,W. R. Buck,43000,Dicranella schreberiana (Hedw.) Hilf. ex H.A. Crum & L.E. Anderson,Dicranella schreberiana,NA,385
NY,NY,03216785,106941,extractions institutionnelles,W. R. Buck,43000,Dicranum fuscescens Turner,Dicranum fuscescens,NA,400
NY,NY,03216786,106947,extractions institutionnelles,W. R. Buck,43000,Dicranum spadiceum J.E. Zetterst.,Dicranum spadiceum,NA,410
NY,NY,03091600,106957,extractions institutionnelles,W. R. Buck,43000,Hylocomium splendens (Hedw.) Schimp.,Hylocomium splendens,NA,519
NY,NY,03091595,106962,extractions institutionnelles,W. R. Buck,43000,Kiaeria blyttii (Bruch & Schimp.) Broth.,Kiaeria blyttii,NA,538
NY,NY,03091597,106964,extractions institutionnelles,W. R. Buck,43000,Loeskypnum badium (Hartm.) H.K.G. Paul,Loeskypnum badium,NA,552
NY,NY,03091616,106965,extractions institutionnelles,W. R. Buck,43000,Meesia triquetra (L. ex Jolycl.) Ångström,Meesia triquetra,NA,555
NY,NY,03091614,106968,extractions institutionnelles,W. R. Buck,43000,Oligotrichum hercynicum (Hedw.) Lam. & DC.,Oligotrichum hercynicum,NA,571
NY,NY,03091603,106969,extractions institutionnelles,W. R. Buck,43000,Oncophorus wahlenbergii Brid.,Oncophorus wahlenbergii,NA,573
NY,NY,03091605,106978,extractions institutionnelles,W. R. Buck,43000,Pogonatum urnigerum (Hedw.) P. Beauv.,Pogonatum urnigerum,NA,629
NY,NY,03091609,106980,extractions institutionnelles,W. R. Buck,43000,Pohlia andalusica (Höhn.) Broth.,Pohlia andalusica,NA,630
NY,NY,03091612,106984,extractions institutionnelles,W. R. Buck,43000,Pohlia nutans (Hedw.) Lindb.,Pohlia nutans,NA,642
NY,NY,03091604,107006,extractions institutionnelles,W. R. Buck,43000,Sanionia uncinata (Hedw.) Loeske,Sanionia uncinata,NA,714
NY,NY,03091599,107014,extractions institutionnelles,W. R. Buck,43000,Scorpidium scorpioides (Hedw.) Limpr.,Scorpidium scorpioides,NA,743
NY,NY,03091611,107017,extractions institutionnelles,W. R. Buck,43000,Straminergon stramineum (Dicks. ex Brid.) Hedenäs,Straminergon stramineum,NA,814
NY,NY,03091608,107020,extractions institutionnelles,W. R. Buck,43000,Tetraplodon mnioides (Hedw.) Bruch & Schimp.,Tetraplodon mnioides,NA,825
NY,NY,03091601,107023,extractions institutionnelles,W. R. Buck,43000,Tomentypnum nitens (Hedw.) Loeske,Tomentypnum nitens,NA,844
NY,NY,03091610,107028,extractions institutionnelles,W. R. Buck,43000,Sarmentypnum exannulatum (Schimp.) Hedenäs,Warnstorfia exannulata,NA,715
NY,NY,03091606,107029,extractions institutionnelles,W. R. Buck,43000,Sarmentypnum exannulatum (Schimp.) Hedenäs,Warnstorfia exannulata var. purpurascens,NA,715
