dateCreation,dateModif,IDtaxon,ID_CDPNQ,IDnameForExport,etatTaxon,etatTaxonCommentaire,LienURL,ELEMENT_ID
2014-11-29 00:00:00,2025-06-19 00:00:00,110,,125,inactif,aucun,,
2014-11-29 00:00:00,2025-06-19 00:00:00,123,,1877,inactif,aucun,,
2014-11-29 00:00:00,2025-06-19 00:00:00,194,,223,inactif,aucun,,17131
2014-11-29 00:00:00,2025-06-19 00:00:00,574,NBMUS55021,1936,inactif,La variété Orthothecium chryseon var. chryseon n'est plus reconnue comme un taxon valide. Le taxon est considéré en synonymie avec l'espèce (IDtaxon 1013).,http://www.societequebecoisedebryologie.org/images/cartes/Orthothecium_chryseum_chryseum.jpg,2002
2014-11-29 00:00:00,2025-06-19 00:00:00,878,NBMUS4L010,1033,inactif,L'espèce Meesia longiseta n'est pas reconnu sur notre territoire.,http://www.societequebecoisedebryologie.org/images/cartes/Meesia_longiseta.jpg,6850
2014-11-29 00:00:00,2025-06-19 00:00:00,777,NBMUS6Z0N0,914,inactif,La sous-espèce Sphagnum majus subsp. norvegicum n'est plus reconnue comme un taxon valide. La sous-espèce majus (autonyme) devient en synonymie avec l'espèce (IDtaxon 1012).,http://www.societequebecoisedebryologie.org/images/cartes/Sphagnum_majus_majus.jpg,2142
2014-11-29 00:00:00,2025-06-19 00:00:00,778,NBMUS6Z0N1,915,inactif,La sous-espèce Sphagnum majus subsp. norvegicum n'est plus reconnue comme un taxon valide. Le taxon est considéré en synonymie avec l'espèce (IDtaxon 1012).,http://www.societequebecoisedebryologie.org/images/cartes/Sphagnum_majus_norvegicum.jpg,15083
2016-01-01 00:00:00,2025-06-19 00:00:00,884,,1882,inactif,L'espèce Bryum acutiforme n'est plus reconnue comme un taxon valide. Les taxon est considéré en synonymie avec Bryum calophyllum R. Br.,,30025
2014-11-29 00:00:00,2025-06-19 00:00:00,575,NBMUS55022,1937,inactif,La variété Orthothecium chryseon var. cochleariifolium n'est plus reconnue comme un taxon valide. Le taxon est considéré en synonymie avec l'espèce (IDtaxon 1013).,http://www.societequebecoisedebryologie.org/images/cartes/Orthothecium_chryseum_cochleariifolium.jpg,2003
2014-11-29 00:00:00,2025-06-19 00:00:00,881,NBMUS6Z410,1850,inactif,L'espèce Sphagnum isoviitae n'est plus reconnue comme un taxon valide. Le taxon est considéré en synonymie avec Sphagnum fallax (IDtaxon 766).,,17135
2014-11-29 00:00:00,2025-06-19 00:00:00,877,NBHEP10010,1032,inactif,L'espèce Cryptocolea imbricata n'est pas reconnu sur notre territoire.,http://www.societequebecoisedebryologie.org/images/cartes/Cryptocolea_imbricata.jpg,15264
2016-01-01 00:00:00,2025-06-19 00:00:00,883,NBMUS4A010,1881,inactif,Les spécimens de Leucobryum albidum ont été re-examinés et identifiés à L. glaucum. L'espèce n'est pas présente dans notre territoire.,,30011
2014-11-29 00:00:00,2014-11-29 00:00:00,447,NBMUS2Q020,515,actif,aucun,http://www.societequebecoisedebryologie.org/images/cartes/Ephemerum_crassinervium.jpg,1875
2025-06-19 00:00:00,2025-06-19 00:00:00,1022,,2021,actif,,,
2014-11-29 00:00:00,2014-11-29 00:00:00,448,NBMUS2Q030,516,actif,aucun,http://www.societequebecoisedebryologie.org/images/cartes/Ephemerum_serratum.jpg,1876
2025-06-19 00:00:00,2025-06-19 00:00:00,1006,,2022,actif,,,
2025-06-19 00:00:00,2025-06-19 00:00:00,1007,,2064,actif,,,
2014-11-29 00:00:00,2014-11-29 00:00:00,504,NBMUS44080,2089,actif,aucun,http://www.societequebecoisedebryologie.org/images/cartes/Hygroamblystegium_varium_humile.jpg,1972
2014-11-29 00:00:00,2014-11-29 00:00:00,505,NBMUS06030,581,actif,aucun,http://www.societequebecoisedebryologie.org/images/cartes/Hygroamblystegium_varium_varium.jpg,1632
2016-01-01 00:00:00,2016-01-01 00:00:00,898,NBMUS3R020,2001,actif,aucun,,6845
2025-06-19 00:00:00,2025-06-19 00:00:00,1001,,1646,actif,,,
2025-06-19 00:00:00,2025-06-19 00:00:00,1002,,1647,actif,,,
2025-06-19 00:00:00,2025-06-19 00:00:00,1003,,2010,actif,,,
2014-11-29 00:00:00,2014-11-29 00:00:00,531,NBMUS3V0D0,611,actif,aucun,http://www.societequebecoisedebryologie.org/images/cartes/Hypnum_pallescens.jpg,1954
2025-06-19 00:00:00,2025-06-19 00:00:00,1010,,2038,actif,,,
2025-06-19 00:00:00,2025-06-19 00:00:00,1011,,2039,actif,,,
2014-11-29 00:00:00,2014-11-29 00:00:00,131,NBHEP1Y0W0,1875,actif,aucun,http://www.societequebecoisedebryologie.org/images/cartes/Lophozia_sudetica.jpg,17075
2014-11-29 00:00:00,2014-11-29 00:00:00,125,NBHEP1Y0E0,146,actif,L'espèce n'est plus reconnue comme un taxon valide. Le taxon est considéré en synonymie.,http://www.societequebecoisedebryologie.org/images/cartes/Lophozia_guttulata.jpg,1526
2014-11-29 00:00:00,2014-11-29 00:00:00,132,NBHEP1Y0X3,147,actif,aucun,http://www.societequebecoisedebryologie.org/images/cartes/Lophozia_ventricosa_longiflora.jpg,1536
2014-11-29 00:00:00,2014-11-29 00:00:00,133,NBHEP1Y0X0,2051,actif,aucun,http://www.societequebecoisedebryologie.org/images/cartes/Lophozia_ventricosa_ventricosa.jpg,1535
2025-06-19 00:00:00,2025-06-19 00:00:00,1014,,2050,actif,,,
2014-11-29 00:00:00,2014-11-29 00:00:00,556,NBMUS4L030,2097,actif,aucun,http://www.societequebecoisedebryologie.org/images/cartes/Meesia_uliginosa.jpg,1984
2025-06-19 00:00:00,2025-06-19 00:00:00,1005,,1693,actif,,,
2025-06-19 00:00:00,2025-06-19 00:00:00,1026,,2065,actif,,,
2025-06-19 00:00:00,2025-06-19 00:00:00,1027,,642,actif,,,
2014-11-29 00:00:00,2014-11-29 00:00:00,193,NBHEP33050,1988,actif,aucun,http://www.societequebecoisedebryologie.org/images/cartes/Scapania_brevicaulis_brevicaulis.jpg,1598
2025-06-19 00:00:00,2025-06-19 00:00:00,1017,,222,actif,,,
2025-06-19 00:00:00,2025-06-19 00:00:00,1018,,1987,actif,,,
2025-06-19 00:00:00,2025-06-19 00:00:00,1053,,3091,actif,,,
2016-01-01 00:00:00,2016-01-01 00:00:00,911,NBHEP33050,1173,actif,aucun,http://www.societequebecoisedebryologie.org/images/cartes/Scapania_brevicaulis_brevicaulis.jpg,
2014-11-29 00:00:00,2014-11-29 00:00:00,213,NBHEP33190,243,actif,aucun,http://www.societequebecoisedebryologie.org/images/cartes/Scapania_scandica.jpg,1611
2014-11-29 00:00:00,2014-11-29 00:00:00,776,NBMUS6Z0M0,2055,actif,aucun,http://www.societequebecoisedebryologie.org/images/cartes/Sphagnum_magellanicum.jpg,
2016-01-01 00:00:00,2016-01-01 00:00:00,904,,2056,actif,aucun,,30114
2016-01-01 00:00:00,2016-01-01 00:00:00,905,,2060,actif,aucun,,30115
2025-06-19 00:00:00,2025-06-19 00:00:00,1020,,2068,actif,,,
2014-11-29 00:00:00,2014-11-29 00:00:00,863,NBMUS7T020,1012,actif,aucun,http://www.societequebecoisedebryologie.org/images/cartes/Ulota_crispa.jpg,2225
2016-01-01 00:00:00,2016-01-01 00:00:00,892,NBMUS7T0D0,1901,actif,aucun,,30006
2016-01-01 00:00:00,2016-01-01 00:00:00,893,NBMUS7T0C0,1902,actif,aucun,,30005
2014-11-29 00:00:00,2014-11-29 00:00:00,128,NBHEP1Y0S0,1912,actif,aucun,http://www.societequebecoisedebryologie.org/images/cartes/Lophozia_polaris.jpg,15060
2014-11-29 00:00:00,2014-11-29 00:00:00,130,NBHEP1Y0X5,155,actif,aucun,http://www.societequebecoisedebryologie.org/images/cartes/Lophozia_silvicola.jpg,1537
2014-11-29 00:00:00,2014-11-29 00:00:00,365,NBMUS1W030,423,actif,aucun,http://www.societequebecoisedebryologie.org/images/cartes/Cratoneuron_filicinum.jpg,1775
2014-11-29 00:00:00,2014-11-29 00:00:00,446,NBMUS2Q010,514,actif,aucun,http://www.societequebecoisedebryologie.org/images/cartes/Ephemerum_cohaerens.jpg,15074
2014-11-29 00:00:00,2014-11-29 00:00:00,449,NBMUS2Q040,517,actif,aucun,http://www.societequebecoisedebryologie.org/images/cartes/Ephemerum_spinulosum.jpg,1877
2014-11-29 00:00:00,2014-11-29 00:00:00,554,NBMUS4L040,640,actif,aucun,http://www.societequebecoisedebryologie.org/images/cartes/Meesia_hexasticha.jpg,16630
2014-11-29 00:00:00,2014-11-29 00:00:00,555,NBMUS4L020,641,actif,aucun,http://www.societequebecoisedebryologie.org/images/cartes/Meesia_triquetra.jpg,1983
2014-11-29 00:00:00,2014-11-29 00:00:00,569,NBMUS4W030,656,actif,aucun,http://www.societequebecoisedebryologie.org/images/cartes/Neckera_pennata.jpg,1996
2014-11-29 00:00:00,2014-11-29 00:00:00,576,NBMUS55040,663,actif,aucun,http://www.societequebecoisedebryologie.org/images/cartes/Orthothecium_intricatum.jpg,2004
2014-11-29 00:00:00,2014-11-29 00:00:00,577,NBMUS55060,664,actif,aucun,http://www.societequebecoisedebryologie.org/images/cartes/Orthothecium_strictum.jpg,2005
2014-11-29 00:00:00,2014-11-29 00:00:00,578,NBMUS56020,665,actif,aucun,http://www.societequebecoisedebryologie.org/images/cartes/Orthotrichum_alpestre.jpg,2006
2014-11-29 00:00:00,2014-11-29 00:00:00,592,NBMUS1W010,681,actif,aucun,http://www.societequebecoisedebryologie.org/images/cartes/Palustriella_falcata.jpg,1773
2014-11-29 00:00:00,2014-11-29 00:00:00,837,NBMUS7G010,979,actif,aucun,http://www.societequebecoisedebryologie.org/images/cartes/Timmia_austriaca.jpg,2203
2014-11-29 00:00:00,2014-11-29 00:00:00,842,NBMUS7G040,985,actif,aucun,http://www.societequebecoisedebryologie.org/images/cartes/Timmia_sibirica.jpg,2208
2014-11-29 00:00:00,2014-11-29 00:00:00,862,NBMUS7T010,1011,actif,aucun,http://www.societequebecoisedebryologie.org/images/cartes/Ulota_coarctata.jpg,2224
2014-11-29 00:00:00,2014-11-29 00:00:00,864,NBMUS7T030,2025,actif,aucun,http://www.societequebecoisedebryologie.org/images/cartes/Ulota_curvifolia.jpg,2226
2014-11-29 00:00:00,2014-11-29 00:00:00,865,NBMUS7T040,1014,actif,aucun,http://www.societequebecoisedebryologie.org/images/cartes/Ulota_drummondii.jpg,2227
2014-11-29 00:00:00,2014-11-29 00:00:00,866,NBMUS7T050,1015,actif,aucun,http://www.societequebecoisedebryologie.org/images/cartes/Ulota_hutchinsiae.jpg,2228
2014-11-29 00:00:00,2014-11-29 00:00:00,867,NBMUS7T090,2024,actif,aucun,http://www.societequebecoisedebryologie.org/images/cartes/Ulota_phyllantha.jpg,2229
2025-06-19 00:00:00,2025-06-19 00:00:00,1008,,2026,actif,,,
2014-11-29 00:00:00,2014-11-29 00:00:00,766,NBMUS6Z230,903,actif,aucun,http://www.societequebecoisedebryologie.org/images/cartes/Sphagnum_fallax.jpg,2173
2025-06-19 00:00:00,2025-06-19 00:00:00,1012,,2040,actif,,,
2025-06-19 00:00:00,2025-06-19 00:00:00,1013,,2041,actif,,,
2014-11-29 00:00:00,2014-11-29 00:00:00,838,NBMUS7G021,1450,actif,aucun,http://www.societequebecoisedebryologie.org/images/cartes/Timmia_megapolitana_bavarica.jpg,2205
2014-11-29 00:00:00,2014-11-29 00:00:00,839,NBMUS7G020,2093,actif,aucun,http://www.societequebecoisedebryologie.org/images/cartes/Timmia_megapolitana_megapolitana.jpg,2204
2014-11-29 00:00:00,2014-11-29 00:00:00,840,NBMUS7G031,1453,actif,aucun,http://www.societequebecoisedebryologie.org/images/cartes/Timmia_norvegica_excurrens.jpg,2207
2014-11-29 00:00:00,2014-11-29 00:00:00,841,NBMUS7G030,3001,actif,aucun,http://www.societequebecoisedebryologie.org/images/cartes/Timmia_norvegica_norvegica.jpg,2206
2025-06-19 00:00:00,2025-06-19 00:00:00,1024,,2094,actif,,,
2025-06-19 00:00:00,2025-06-19 00:00:00,1025,,2095,actif,,,
2014-11-29 00:00:00,2014-11-29 00:00:00,222,NBHEP1Y0J0,254,actif,aucun,http://www.societequebecoisedebryologie.org/images/cartes/Schistochilopsis_incisa_incisa.jpg,1528
2014-11-29 00:00:00,2014-11-29 00:00:00,223,NBHEP1Y0P0,256,actif,L'espèce n'est plus reconnue comme un taxon valide. Le taxon est considéré en synonymie.,http://www.societequebecoisedebryologie.org/images/cartes/Schistochilopsis_incisa_opacifolia.jpg,1533
2025-06-19 00:00:00,2025-06-19 00:00:00,1015,,1975,actif,,,
2014-11-29 00:00:00,2014-11-29 00:00:00,882,NBHEP1Y080,1853,actif,aucun,http://www.societequebecoisedebryologie.org/images/cartes/Leiocolea_collaris.jpg,1521
2014-11-29 00:00:00,2014-11-29 00:00:00,134,NBHEP1Y0Y0,159,actif,aucun,http://www.societequebecoisedebryologie.org/images/cartes/Lophozia_wenzelii.jpg,1538
2025-06-19 00:00:00,2025-06-19 00:00:00,1021,,2070,actif,,,
2014-11-29 00:00:00,2014-11-29 00:00:00,230,NBHEP3C040,1187,actif,aucun,http://www.societequebecoisedebryologie.org/images/cartes/Tritomaria_polita_polita.jpg,1621
2014-11-29 00:00:00,2014-11-29 00:00:00,231,NBHEP3C042,1918,actif,aucun,http://www.societequebecoisedebryologie.org/images/cartes/Tritomaria_polita_polymorpha.jpg,1622
2025-06-19 00:00:00,2025-06-19 00:00:00,1004,,2098,actif,,,
2014-11-29 00:00:00,2014-11-29 00:00:00,235,NBMUS8A010,270,actif,aucun,http://www.societequebecoisedebryologie.org/images/cartes/Abietinella_abietina.jpg,2254
2014-11-29 00:00:00,2014-11-29 00:00:00,237,NBMUS03020,273,actif,aucun,http://www.societequebecoisedebryologie.org/images/cartes/Aloina_brevirostris.jpg,1628
2014-11-29 00:00:00,2014-11-29 00:00:00,238,NBMUS03040,274,actif,aucun,http://www.societequebecoisedebryologie.org/images/cartes/Aloina_rigida.jpg,6822
2014-11-29 00:00:00,2014-11-29 00:00:00,239,NBMUS05010,275,actif,aucun,http://www.societequebecoisedebryologie.org/images/cartes/Amblyodon_dealbatus.jpg,1629
2014-11-29 00:00:00,2014-11-29 00:00:00,240,NBMUS06020,276,actif,aucun,http://www.societequebecoisedebryologie.org/images/cartes/Amblystegium_serpens.jpg,1630
2014-11-29 00:00:00,2014-11-29 00:00:00,241,NBMUS07020,278,actif,aucun,http://www.societequebecoisedebryologie.org/images/cartes/Amphidium_lapponicum.jpg,1633
2014-11-29 00:00:00,2014-11-29 00:00:00,242,NBMUS07030,279,actif,aucun,http://www.societequebecoisedebryologie.org/images/cartes/Amphidium_mougeotii.jpg,1634
2014-11-29 00:00:00,2014-11-29 00:00:00,5,NBHEP04010,7,actif,aucun,http://www.societequebecoisedebryologie.org/images/cartes/Anastrophyllum_assimile.jpg,1407
2014-11-29 00:00:00,2014-11-29 00:00:00,8,NBHEP04040,12,actif,aucun,http://www.societequebecoisedebryologie.org/images/cartes/Anastrophyllum_michauxii.jpg,1409
2014-11-29 00:00:00,2014-11-29 00:00:00,244,NBMUS0A090,281,actif,aucun,http://www.societequebecoisedebryologie.org/images/cartes/Andreaea_alpestris.jpg,1643
2014-11-29 00:00:00,2014-11-29 00:00:00,245,NBMUS0A010,282,actif,aucun,http://www.societequebecoisedebryologie.org/images/cartes/Andreaea_blyttii.jpg,1636
2014-11-29 00:00:00,2014-11-29 00:00:00,246,NBMUS0A020,283,actif,aucun,http://www.societequebecoisedebryologie.org/images/cartes/Andreaea_crassinervia.jpg,1637
2014-11-29 00:00:00,2014-11-29 00:00:00,247,NBMUS0A040,285,actif,aucun,http://www.societequebecoisedebryologie.org/images/cartes/Andreaea_nivalis.jpg,1638
2014-11-29 00:00:00,2014-11-29 00:00:00,249,NBMUS0A050,287,actif,aucun,http://www.societequebecoisedebryologie.org/images/cartes/Andreaea_rothii.jpg,1639
2014-11-29 00:00:00,2014-11-29 00:00:00,250,NBMUS0A060,288,actif,aucun,http://www.societequebecoisedebryologie.org/images/cartes/Andreaea_rupestris.jpg,1640
2014-11-29 00:00:00,2014-11-29 00:00:00,13,NBHEP05010,17,actif,aucun,http://www.societequebecoisedebryologie.org/images/cartes/Aneura_pinguis.jpg,1412
2014-11-29 00:00:00,2014-11-29 00:00:00,253,NBMUS0C020,293,actif,aucun,http://www.societequebecoisedebryologie.org/images/cartes/Anomodon_minor.jpg,1645
2014-11-29 00:00:00,2014-11-29 00:00:00,256,NBMUS0C050,296,actif,aucun,http://www.societequebecoisedebryologie.org/images/cartes/Anomodon_viticulosus.jpg,1648
2014-11-29 00:00:00,2014-11-29 00:00:00,255,NBMUS0C040,295,actif,aucun,http://www.societequebecoisedebryologie.org/images/cartes/Anomodon_rugelii.jpg,1647
2014-11-29 00:00:00,2014-11-29 00:00:00,14,NBHEP07010,18,actif,aucun,http://www.societequebecoisedebryologie.org/images/cartes/Anthelia_julacea.jpg,1413
2014-11-29 00:00:00,2014-11-29 00:00:00,15,NBHEP07020,19,actif,aucun,http://www.societequebecoisedebryologie.org/images/cartes/Anthelia_juratzkana.jpg,1414
2014-11-29 00:00:00,2014-11-29 00:00:00,1,NBANT01090,1,actif,aucun,http://www.societequebecoisedebryologie.org/images/cartes/Anthoceros_agrestis.jpg,1405
2014-11-29 00:00:00,2014-11-29 00:00:00,2,NBANT01040,2,actif,aucun,http://www.societequebecoisedebryologie.org/images/cartes/Anthoceros_macounii.jpg,1404
2014-11-29 00:00:00,2014-11-29 00:00:00,257,NBMUS0E010,297,actif,aucun,http://www.societequebecoisedebryologie.org/images/cartes/Aongstroemia_longipes.jpg,1649
2014-11-29 00:00:00,2014-11-29 00:00:00,259,NBMUS9C010,299,actif,aucun,http://www.societequebecoisedebryologie.org/images/cartes/Aplodon_wormskioldii.jpg,2275
2014-11-29 00:00:00,2014-11-29 00:00:00,162,NBHEP2H010,1949,actif,aucun,http://www.societequebecoisedebryologie.org/images/cartes/Pellia_endiviifolia.jpg,1568
2025-06-19 00:00:00,2025-06-19 00:00:00,1069,,2239,actif,,,
2014-11-29 00:00:00,2014-11-29 00:00:00,164,NBHEP2H050,1950,actif,aucun,http://www.societequebecoisedebryologie.org/images/cartes/Pellia_megaspora.jpg,17048
2014-11-29 00:00:00,2014-11-29 00:00:00,260,NBMUS0H030,300,actif,aucun,http://www.societequebecoisedebryologie.org/images/cartes/Arctoa_anderssonii.jpg,1654
2014-11-29 00:00:00,2014-11-29 00:00:00,538,NBMUS41010,618,actif,aucun,http://www.societequebecoisedebryologie.org/images/cartes/Kiaeria_blyttii.jpg,1966
2014-11-29 00:00:00,2014-11-29 00:00:00,261,NBMUS0H010,301,actif,aucun,http://www.societequebecoisedebryologie.org/images/cartes/Arctoa_fulvella.jpg,1652
2014-11-29 00:00:00,2014-11-29 00:00:00,262,NBMUS0H020,302,actif,aucun,http://www.societequebecoisedebryologie.org/images/cartes/Arctoa_hyperborea.jpg,1653
2014-11-29 00:00:00,2014-11-29 00:00:00,19,NBHEP0C080,24,actif,aucun,http://www.societequebecoisedebryologie.org/images/cartes/Asterella_tenella.jpg,1417
2014-11-29 00:00:00,2014-11-29 00:00:00,263,NBMUS0M010,3457,actif,aucun,http://www.societequebecoisedebryologie.org/images/cartes/Atrichum_altecristatum.jpg,1657
2014-11-29 00:00:00,2014-11-29 00:00:00,264,NBMUS0M020,304,actif,aucun,http://www.societequebecoisedebryologie.org/images/cartes/Atrichum_angustatum.jpg,1658
2014-11-29 00:00:00,2014-11-29 00:00:00,265,NBMUS0M0A0,305,actif,aucun,http://www.societequebecoisedebryologie.org/images/cartes/Atrichum_crispulum.jpg,15088
2014-11-29 00:00:00,2014-11-29 00:00:00,266,NBMUS0M030,306,actif,aucun,http://www.societequebecoisedebryologie.org/images/cartes/Atrichum_crispum.jpg,1659
2014-11-29 00:00:00,2014-11-29 00:00:00,267,NBMUS0M070,307,actif,aucun,http://www.societequebecoisedebryologie.org/images/cartes/Atrichum_tenellum.jpg,1661
2016-01-01 00:00:00,2016-01-01 00:00:00,901,,3201,actif,aucun,,
2014-11-29 00:00:00,2014-11-29 00:00:00,268,NBMUS0N020,308,actif,aucun,http://www.societequebecoisedebryologie.org/images/cartes/Aulacomnium_androgynum.jpg,1663
2014-11-29 00:00:00,2014-11-29 00:00:00,269,NBMUS0N040,309,actif,aucun,http://www.societequebecoisedebryologie.org/images/cartes/Aulacomnium_palustre.jpg,1664
2014-11-29 00:00:00,2014-11-29 00:00:00,270,NBMUS0N050,310,actif,aucun,http://www.societequebecoisedebryologie.org/images/cartes/Aulacomnium_turgidum.jpg,1667
2014-11-29 00:00:00,2014-11-29 00:00:00,22,NBHEP0E030,27,actif,aucun,http://www.societequebecoisedebryologie.org/images/cartes/Barbilophozia_barbata.jpg,1421
2014-11-29 00:00:00,2014-11-29 00:00:00,25,NBHEP0E070,30,actif,aucun,http://www.societequebecoisedebryologie.org/images/cartes/Barbilophozia_hatcheri.jpg,1425
2014-11-29 00:00:00,2014-11-29 00:00:00,27,NBHEP0E0A0,32,actif,aucun,http://www.societequebecoisedebryologie.org/images/cartes/Barbilophozia_lycopodioides.jpg,1427
2014-11-29 00:00:00,2014-11-29 00:00:00,272,NBMUS0Q0K0,312,actif,aucun,http://www.societequebecoisedebryologie.org/images/cartes/Barbula_unguiculata.jpg,1669
2014-11-29 00:00:00,2014-11-29 00:00:00,273,NBMUS0R030,313,actif,aucun,http://www.societequebecoisedebryologie.org/images/cartes/Bartramia_ithyphylla.jpg,1670
2014-11-29 00:00:00,2014-11-29 00:00:00,274,NBMUS0R050,314,actif,aucun,http://www.societequebecoisedebryologie.org/images/cartes/Bartramia_pomiformis.jpg,1671
2014-11-29 00:00:00,2014-11-29 00:00:00,29,NBHEP0F020,34,actif,aucun,http://www.societequebecoisedebryologie.org/images/cartes/Bazzania_denudata.jpg,1429
2014-11-29 00:00:00,2014-11-29 00:00:00,30,NBHEP0F050,35,actif,aucun,http://www.societequebecoisedebryologie.org/images/cartes/Bazzania_tricrenata.jpg,1430
2014-11-29 00:00:00,2014-11-29 00:00:00,31,NBHEP0F060,36,actif,aucun,http://www.societequebecoisedebryologie.org/images/cartes/Bazzania_trilobata.jpg,1431
2014-11-29 00:00:00,2014-11-29 00:00:00,879,NBHEP1M020,1847,actif,aucun,http://www.societequebecoisedebryologie.org/images/cartes/Jamesoniella_undulifolia.jpg,17121
2014-11-29 00:00:00,2014-11-29 00:00:00,32,NBHEP0G010,37,actif,aucun,http://www.societequebecoisedebryologie.org/images/cartes/Blasia_pusilla.jpg,1432
2014-11-29 00:00:00,2014-11-29 00:00:00,33,NBHEP0H021,3202,actif,aucun,http://www.societequebecoisedebryologie.org/images/cartes/Blepharostoma_trichophyllum_brevirete.jpg,15054
2025-06-19 00:00:00,2025-06-19 00:00:00,1101,,3101,actif,,,
2014-11-29 00:00:00,2014-11-29 00:00:00,34,NBHEP0H020,39,actif,aucun,http://www.societequebecoisedebryologie.org/images/cartes/Blepharostoma_trichophyllum_trichophyllum.jpg,1433
2014-11-29 00:00:00,2014-11-29 00:00:00,275,NBMUS0V010,315,actif,aucun,http://www.societequebecoisedebryologie.org/images/cartes/Blindia_acuta.jpg,1673
2014-11-29 00:00:00,2014-11-29 00:00:00,294,NBMUS0Z0W0,1505,actif,aucun,http://www.societequebecoisedebryologie.org/images/cartes/Brachythecium_velutinum.jpg,1696
2014-11-29 00:00:00,2014-11-29 00:00:00,276,NBMUS0Z010,316,actif,aucun,http://www.societequebecoisedebryologie.org/images/cartes/Brachythecium_acuminatum.jpg,1674
2014-11-29 00:00:00,2014-11-29 00:00:00,277,NBMUS0Z020,317,actif,aucun,http://www.societequebecoisedebryologie.org/images/cartes/Brachythecium_acutum.jpg,1675
2014-11-29 00:00:00,2014-11-29 00:00:00,278,NBMUS0Z030,318,actif,aucun,http://www.societequebecoisedebryologie.org/images/cartes/Brachythecium_albicans.jpg,1676
2014-11-29 00:00:00,2014-11-29 00:00:00,279,NBMUS0Z070,319,actif,aucun,http://www.societequebecoisedebryologie.org/images/cartes/Brachythecium_campestre.jpg,1679
2014-11-29 00:00:00,2014-11-29 00:00:00,281,NBMUS0Z0B0,321,actif,aucun,http://www.societequebecoisedebryologie.org/images/cartes/Brachythecium_erythrorrhizon.jpg,1682
2014-11-29 00:00:00,2014-11-29 00:00:00,282,NBMUS0Z1E0,322,actif,aucun,http://www.societequebecoisedebryologie.org/images/cartes/Brachythecium_falcatum.jpg,17106
2014-11-29 00:00:00,2014-11-29 00:00:00,284,NBMUS0Z0K0,324,actif,aucun,http://www.societequebecoisedebryologie.org/images/cartes/Brachythecium_laetum.jpg,1685
2014-11-29 00:00:00,2014-11-29 00:00:00,299,NBMUS14030,1895,actif,aucun,http://www.societequebecoisedebryologie.org/images/cartes/Bryhnia_novae-angliae.jpg,1702
2014-11-29 00:00:00,2014-11-29 00:00:00,289,NBMUS0Z0P0,330,actif,aucun,http://www.societequebecoisedebryologie.org/images/cartes/Brachythecium_rivulare.jpg,1691
2014-11-29 00:00:00,2014-11-29 00:00:00,291,NBMUS0Z0R0,332,actif,aucun,http://www.societequebecoisedebryologie.org/images/cartes/Brachythecium_rutabulum.jpg,1692
2025-06-19 00:00:00,2025-06-19 00:00:00,1065,,2201,actif,,,
2025-06-19 00:00:00,2025-06-19 00:00:00,1066,,2202,actif,,,
2014-11-29 00:00:00,2014-11-29 00:00:00,293,NBMUS0Z0V0,2206,actif,aucun,http://www.societequebecoisedebryologie.org/images/cartes/Brachythecium_turgidum.jpg,1695
2014-11-29 00:00:00,2014-11-29 00:00:00,573,NBMUS52030,2227,actif,aucun,http://www.societequebecoisedebryologie.org/images/cartes/Oncophorus_wahlenbergii.jpg,2001
2014-11-29 00:00:00,2014-11-29 00:00:00,296,NBMUS12010,1508,actif,aucun,http://www.societequebecoisedebryologie.org/images/cartes/Brotherella_recurvans.jpg,1699
2014-11-29 00:00:00,2014-11-29 00:00:00,297,NBMUS13060,339,actif,aucun,http://www.societequebecoisedebryologie.org/images/cartes/Bruchia_flexuosa.jpg,1700
2014-11-29 00:00:00,2014-11-29 00:00:00,300,NBMUS18010,342,actif,aucun,http://www.societequebecoisedebryologie.org/images/cartes/Bryoerythrophyllum_recurvirostrum.jpg,1703
2014-11-29 00:00:00,2014-11-29 00:00:00,304,NBMUS1A070,351,actif,aucun,http://www.societequebecoisedebryologie.org/images/cartes/Bryum_argenteum.jpg,1707
2014-11-29 00:00:00,2014-11-29 00:00:00,306,NBMUS1A0A0,354,actif,aucun,http://www.societequebecoisedebryologie.org/images/cartes/Bryum_blindii.jpg,6826
2014-11-29 00:00:00,2014-11-29 00:00:00,308,NBMUS1A1W0,356,actif,aucun,http://www.societequebecoisedebryologie.org/images/cartes/Bryum_calobryoides.jpg,15046
2014-11-29 00:00:00,2014-11-29 00:00:00,334,NBMUS1A400,386,actif,aucun,http://www.societequebecoisedebryologie.org/images/cartes/Bryum_veronense.jpg,16622
2014-11-29 00:00:00,2014-11-29 00:00:00,686,NBMUS6B0B0,799,actif,aucun,http://www.societequebecoisedebryologie.org/images/cartes/Racomitrium_affine.jpg,2103
2025-06-19 00:00:00,2025-06-19 00:00:00,1061,,2168,actif,,,
2014-11-29 00:00:00,2014-11-29 00:00:00,693,NBMUS6B0D0,2170,actif,aucun,http://www.societequebecoisedebryologie.org/images/cartes/Racomitrium_microcarpum.jpg,2104
2014-11-29 00:00:00,2014-11-29 00:00:00,695,NBMUS6B150,816,actif,aucun,http://www.societequebecoisedebryologie.org/images/cartes/Racomitrium_sudeticum.jpg,2108
2014-11-29 00:00:00,2014-11-29 00:00:00,696,NBMUS6B160,818,actif,aucun,http://www.societequebecoisedebryologie.org/images/cartes/Racomitrium_venustum.jpg,17129
2014-11-29 00:00:00,2014-11-29 00:00:00,339,NBMUS1B010,391,actif,aucun,http://www.societequebecoisedebryologie.org/images/cartes/Buxbaumia_aphylla.jpg,1742
2014-11-29 00:00:00,2014-11-29 00:00:00,876,NBMUS1B030,1030,actif,aucun,http://www.societequebecoisedebryologie.org/images/cartes/Buxbaumia_piperi.jpg,17112
2014-11-29 00:00:00,2014-11-29 00:00:00,340,NBMUS1C010,392,actif,aucun,http://www.societequebecoisedebryologie.org/images/cartes/Callicladium_haldanianum.jpg,1743
2014-11-29 00:00:00,2014-11-29 00:00:00,341,NBMUS1F010,393,actif,aucun,http://www.societequebecoisedebryologie.org/images/cartes/Calliergon_cordifolium.jpg,1744
2014-11-29 00:00:00,2014-11-29 00:00:00,342,NBMUS1F020,394,actif,aucun,http://www.societequebecoisedebryologie.org/images/cartes/Calliergon_giganteum.jpg,1745
2014-11-29 00:00:00,2014-11-29 00:00:00,343,NBMUS1F060,3470,actif,aucun,http://www.societequebecoisedebryologie.org/images/cartes/Calliergon_richardsonii.jpg,1748
2014-11-29 00:00:00,2014-11-29 00:00:00,527,NBMUS3V060,3204,actif,aucun,http://www.societequebecoisedebryologie.org/images/cartes/Hypnum_curvifolium.jpg,1950
2014-11-29 00:00:00,2014-11-29 00:00:00,344,NBMUS1G020,397,actif,aucun,http://www.societequebecoisedebryologie.org/images/cartes/Calliergonella_cuspidata.jpg,1751
2014-11-29 00:00:00,2014-11-29 00:00:00,530,NBMUS3V0C0,1660,actif,aucun,http://www.societequebecoisedebryologie.org/images/cartes/Hypnum_lindbergii.jpg,1953
2014-11-29 00:00:00,2014-11-29 00:00:00,36,NBHEP0M020,41,actif,aucun,http://www.societequebecoisedebryologie.org/images/cartes/Calypogeia_integristipula.jpg,1435
2014-11-29 00:00:00,2014-11-29 00:00:00,37,NBHEP0M030,42,actif,aucun,,1436
2014-11-29 00:00:00,2014-11-29 00:00:00,38,NBHEP0M040,43,actif,aucun,http://www.societequebecoisedebryologie.org/images/cartes/Calypogeia_neesiana.jpg,1437
2014-11-29 00:00:00,2014-11-29 00:00:00,35,NBHEP0M010,2126,actif,aucun,http://www.societequebecoisedebryologie.org/images/cartes/Calypogeia_fissa_neogaea.jpg,1434
2014-11-29 00:00:00,2014-11-29 00:00:00,39,NBHEP0M060,44,actif,aucun,http://www.societequebecoisedebryologie.org/images/cartes/Calypogeia_sphagnicola.jpg,1438
2014-11-29 00:00:00,2014-11-29 00:00:00,40,NBHEP0M070,45,actif,aucun,http://www.societequebecoisedebryologie.org/images/cartes/Calypogeia_suecica.jpg,1439
2014-11-29 00:00:00,2014-11-29 00:00:00,345,NBMUS1J030,1573,actif,aucun,http://www.societequebecoisedebryologie.org/images/cartes/Campyliadelphus_chrysophyllus.jpg,1753
2014-11-29 00:00:00,2014-11-29 00:00:00,346,NBMUS1J082,401,actif,aucun,http://www.societequebecoisedebryologie.org/images/cartes/Campylium_protensum.jpg,1759
2014-11-29 00:00:00,2014-11-29 00:00:00,347,NBMUS1J080,3472,actif,aucun,http://www.societequebecoisedebryologie.org/images/cartes/Campylium_stellatum.jpg,1758
2014-11-29 00:00:00,2014-11-29 00:00:00,348,NBMUS1J040,403,actif,aucun,http://www.societequebecoisedebryologie.org/images/cartes/Campylophyllum_halleri.jpg,1754
2014-11-29 00:00:00,2014-11-29 00:00:00,351,NBMUS1K0Q0,409,actif,aucun,http://www.societequebecoisedebryologie.org/images/cartes/Campylopus_schimperi.jpg,1761
2014-11-29 00:00:00,2014-11-29 00:00:00,352,NBMUS1L010,410,actif,aucun,http://www.societequebecoisedebryologie.org/images/cartes/Campylostelium_saxicola.jpg,6829
2014-11-29 00:00:00,2014-11-29 00:00:00,353,NBMUS1M010,411,actif,aucun,http://www.societequebecoisedebryologie.org/images/cartes/Catoscopium_nigritum.jpg,1762
2014-11-29 00:00:00,2014-11-29 00:00:00,41,NBHEP0P021,46,actif,aucun,http://www.societequebecoisedebryologie.org/images/cartes/Cephalozia_ambigua.jpg,15085
2014-11-29 00:00:00,2014-11-29 00:00:00,42,NBHEP0P020,47,actif,aucun,http://www.societequebecoisedebryologie.org/images/cartes/Cephalozia_bicuspidata.jpg,1442
2014-11-29 00:00:00,2014-11-29 00:00:00,50,NBHEP0Q050,55,actif,aucun,http://www.societequebecoisedebryologie.org/images/cartes/Cephaloziella_divaricata.jpg,1453
2014-11-29 00:00:00,2014-11-29 00:00:00,51,NBHEP0Q060,56,actif,aucun,http://www.societequebecoisedebryologie.org/images/cartes/Cephaloziella_elachista.jpg,1454
2014-11-29 00:00:00,2014-11-29 00:00:00,52,NBHEP0Q080,57,actif,aucun,http://www.societequebecoisedebryologie.org/images/cartes/Cephaloziella_grimsulana.jpg,15056
2014-11-29 00:00:00,2014-11-29 00:00:00,53,NBHEP0Q090,3401,actif,aucun,http://www.societequebecoisedebryologie.org/images/cartes/Cephaloziella_hampeana.jpg,1455
2014-11-29 00:00:00,2014-11-29 00:00:00,54,NBHEP0Q0H0,59,actif,aucun,http://www.societequebecoisedebryologie.org/images/cartes/Cephaloziella_rubella_rubella.jpg,1457
2025-06-19 00:00:00,2025-06-19 00:00:00,1102,,3102,actif,,,
2014-11-29 00:00:00,2014-11-29 00:00:00,56,NBHEP0Q0P0,61,actif,aucun,http://www.societequebecoisedebryologie.org/images/cartes/Cephaloziella_spinigera.jpg,1460
2014-11-29 00:00:00,2014-11-29 00:00:00,57,NBHEP0Q0M0,62,actif,aucun,http://www.societequebecoisedebryologie.org/images/cartes/Cephaloziella_uncinata.jpg,15348
2014-11-29 00:00:00,2014-11-29 00:00:00,58,NBHEP0Q010,63,actif,aucun,http://www.societequebecoisedebryologie.org/images/cartes/Cephaloziella_varians.jpg,1452
2014-11-29 00:00:00,2014-11-29 00:00:00,354,NBMUS1N022,412,actif,aucun,http://www.societequebecoisedebryologie.org/images/cartes/Ceratodon_heterophyllus.jpg,1764
2014-11-29 00:00:00,2014-11-29 00:00:00,355,NBMUS1N020,413,actif,aucun,http://www.societequebecoisedebryologie.org/images/cartes/Ceratodon_purpureus.jpg,1763
2025-06-19 00:00:00,2025-06-19 00:00:00,1103,,3103,actif,,,
2014-11-29 00:00:00,2014-11-29 00:00:00,61,NBHEP0U020,68,actif,aucun,http://www.societequebecoisedebryologie.org/images/cartes/Chiloscyphus_pallescens_sensu_lato.jpg,1463
2025-06-19 00:00:00,2025-06-19 00:00:00,1104,,3104,actif,,,
2014-11-29 00:00:00,2014-11-29 00:00:00,64,NBHEP0U032,71,actif,aucun,http://www.societequebecoisedebryologie.org/images/cartes/Chiloscyphus_polyanthos_rivularis.jpg,1467
2014-11-29 00:00:00,2014-11-29 00:00:00,861,NBMUS8D020,3206,actif,aucun,http://www.societequebecoisedebryologie.org/images/cartes/Trichostomum_tenuirostre.jpg,2257
2014-11-29 00:00:00,2014-11-29 00:00:00,356,NBMUS1P020,414,actif,aucun,http://www.societequebecoisedebryologie.org/images/cartes/Cinclidium_latifolium.jpg,1765
2014-11-29 00:00:00,2014-11-29 00:00:00,357,NBMUS1P030,415,actif,aucun,http://www.societequebecoisedebryologie.org/images/cartes/Cinclidium_stygium.jpg,1766
2014-11-29 00:00:00,2014-11-29 00:00:00,358,NBMUS1P040,416,actif,aucun,http://www.societequebecoisedebryologie.org/images/cartes/Cinclidium_subrotundum.jpg,1767
2014-11-29 00:00:00,2014-11-29 00:00:00,359,NBMUS1Q030,417,actif,aucun,http://www.societequebecoisedebryologie.org/images/cartes/Cirriphyllum_piliferum.jpg,1768
2014-11-29 00:00:00,2014-11-29 00:00:00,254,NBMUS0C030,3208,actif,aucun,http://www.societequebecoisedebryologie.org/images/cartes/Anomodon_rostratus.jpg,1646
2014-11-29 00:00:00,2014-11-29 00:00:00,68,NBHEP0D010,76,actif,aucun,http://www.societequebecoisedebryologie.org/images/cartes/Clevea_hyalina.jpg,1418
2014-11-29 00:00:00,2014-11-29 00:00:00,360,NBMUS1T010,418,actif,aucun,http://www.societequebecoisedebryologie.org/images/cartes/Climacium_americanum.jpg,1769
2014-11-29 00:00:00,2014-11-29 00:00:00,361,NBMUS1T020,419,actif,aucun,http://www.societequebecoisedebryologie.org/images/cartes/Climacium_dendroides.jpg,1770
2014-11-29 00:00:00,2014-11-29 00:00:00,367,NBMUS22060,1208,actif,aucun,http://www.societequebecoisedebryologie.org/images/cartes/Cynodontium_glaucescens.jpg,1781
2014-11-29 00:00:00,2014-11-29 00:00:00,369,NBMUS22030,1211,actif,aucun,http://www.societequebecoisedebryologie.org/images/cartes/Cynodontium_schisti.jpg,1778
2014-11-29 00:00:00,2014-11-29 00:00:00,685,NBMUS6B010,797,actif,aucun,http://www.societequebecoisedebryologie.org/images/cartes/Racomitrium_aciculare.jpg,2097
2014-11-29 00:00:00,2014-11-29 00:00:00,69,NBHEP0X010,78,actif,aucun,http://www.societequebecoisedebryologie.org/images/cartes/Cololejeunea_biddlecomiae.jpg,1470
2014-11-29 00:00:00,2014-11-29 00:00:00,70,NBHEP0Y020,79,actif,aucun,http://www.societequebecoisedebryologie.org/images/cartes/Conocephalum_salebrosum.jpg,1471
2014-11-29 00:00:00,2014-11-29 00:00:00,363,NBMUS1V010,421,actif,aucun,http://www.societequebecoisedebryologie.org/images/cartes/Conostomum_tetragonum.jpg,1772
2014-11-29 00:00:00,2014-11-29 00:00:00,364,NBMUS96020,422,actif,aucun,http://www.societequebecoisedebryologie.org/images/cartes/Coscinodon_cribrosus.jpg,2270
2014-11-29 00:00:00,2014-11-29 00:00:00,7,NBHEP04030,1930,actif,aucun,http://www.societequebecoisedebryologie.org/images/cartes/Anastrophyllum_hellerianum.jpg,1408
2014-11-29 00:00:00,2014-11-29 00:00:00,366,NBMUS20040,3474,actif,aucun,http://www.societequebecoisedebryologie.org/images/cartes/Ctenidium_subrectifolium.jpg,1776
2014-11-29 00:00:00,2014-11-29 00:00:00,368,NBMUS22070,3209,actif,aucun,http://www.societequebecoisedebryologie.org/images/cartes/Cynodontium_polycarpum.jpg,1782
2014-11-29 00:00:00,2014-11-29 00:00:00,370,NBMUS22040,430,actif,aucun,http://www.societequebecoisedebryologie.org/images/cartes/Cynodontium_strumiferum.jpg,1779
2014-11-29 00:00:00,2014-11-29 00:00:00,371,NBMUS22090,431,actif,aucun,http://www.societequebecoisedebryologie.org/images/cartes/Cynodontium_strumulosum.jpg,16627
2014-11-29 00:00:00,2014-11-29 00:00:00,372,NBMUS22050,432,actif,aucun,http://www.societequebecoisedebryologie.org/images/cartes/Cynodontium_tenellum.jpg,1780
2014-11-29 00:00:00,2014-11-29 00:00:00,373,NBMUS9R010,433,actif,aucun,http://www.societequebecoisedebryologie.org/images/cartes/Cyrtomnium_hymenophylloides.jpg,2286
2014-11-29 00:00:00,2014-11-29 00:00:00,374,NBMUS9R020,434,actif,aucun,http://www.societequebecoisedebryologie.org/images/cartes/Cyrtomnium_hymenophyllum.jpg,2287
2014-11-29 00:00:00,2014-11-29 00:00:00,376,NBMUS26020,436,actif,aucun,http://www.societequebecoisedebryologie.org/images/cartes/Dichelyma_falcatum.jpg,1792
2014-11-29 00:00:00,2014-11-29 00:00:00,377,NBMUS26030,437,actif,aucun,http://www.societequebecoisedebryologie.org/images/cartes/Dichelyma_pallescens.jpg,1793
2014-11-29 00:00:00,2014-11-29 00:00:00,378,NBMUS26040,438,actif,aucun,http://www.societequebecoisedebryologie.org/images/cartes/Dichelyma_uncinatum.jpg,1794
2014-11-29 00:00:00,2014-11-29 00:00:00,379,NBMUS27020,439,actif,aucun,http://www.societequebecoisedebryologie.org/images/cartes/Dichodontium_pellucidum.jpg,1795
2014-11-29 00:00:00,2014-11-29 00:00:00,380,NBMUS28010,440,actif,aucun,http://www.societequebecoisedebryologie.org/images/cartes/Dicranella_cerviculata.jpg,1797
2014-11-29 00:00:00,2014-11-29 00:00:00,382,NBMUS28040,442,actif,aucun,http://www.societequebecoisedebryologie.org/images/cartes/Dicranella_heteromalla.jpg,1800
2014-11-29 00:00:00,2014-11-29 00:00:00,385,NBMUS280A0,445,actif,aucun,http://www.societequebecoisedebryologie.org/images/cartes/Dicranella_schreberiana.jpg,1803
2014-11-29 00:00:00,2014-11-29 00:00:00,389,NBMUS29020,449,actif,aucun,http://www.societequebecoisedebryologie.org/images/cartes/Dicranodontium_denudatum.jpg,1807
2014-11-29 00:00:00,2014-11-29 00:00:00,391,NBMUS2B010,451,actif,aucun,http://www.societequebecoisedebryologie.org/images/cartes/Dicranum_acutifolium.jpg,1810
2014-11-29 00:00:00,2014-11-29 00:00:00,392,NBMUS2B030,452,actif,aucun,http://www.societequebecoisedebryologie.org/images/cartes/Dicranum_bonjeanii.jpg,1812
2014-11-29 00:00:00,2014-11-29 00:00:00,393,NBMUS2B0U0,453,actif,aucun,http://www.societequebecoisedebryologie.org/images/cartes/Dicranum_brevifolium.jpg,1832
2014-11-29 00:00:00,2014-11-29 00:00:00,394,NBMUS2B0T0,454,actif,aucun,http://www.societequebecoisedebryologie.org/images/cartes/Dicranum_condensatum.jpg,1831
2014-11-29 00:00:00,2014-11-29 00:00:00,395,NBMUS2B050,455,actif,aucun,http://www.societequebecoisedebryologie.org/images/cartes/Dicranum_elongatum.jpg,1813
2014-11-29 00:00:00,2014-11-29 00:00:00,397,NBMUS2B0X0,458,actif,aucun,http://www.societequebecoisedebryologie.org/images/cartes/Dicranum_flexicaule.jpg,1818
2014-11-29 00:00:00,2014-11-29 00:00:00,398,NBMUS2B070,459,actif,aucun,http://www.societequebecoisedebryologie.org/images/cartes/Dicranum_fragilifolium.jpg,1815
2014-11-29 00:00:00,2014-11-29 00:00:00,400,NBMUS2B090,462,actif,aucun,http://www.societequebecoisedebryologie.org/images/cartes/Dicranum_fuscescens.jpg,1817
2014-11-29 00:00:00,2014-11-29 00:00:00,401,NBMUS2B0A0,463,actif,aucun,http://www.societequebecoisedebryologie.org/images/cartes/Dicranum_groenlandicum.jpg,1819
2014-11-29 00:00:00,2014-11-29 00:00:00,402,NBMUS2B0W0,464,actif,aucun,http://www.societequebecoisedebryologie.org/images/cartes/Dicranum_leioneuron.jpg,1833
2025-06-19 00:00:00,2025-06-19 00:00:00,1105,,3105,actif,,,
2014-11-29 00:00:00,2014-11-29 00:00:00,403,NBMUS2B0C0,465,actif,aucun,http://www.societequebecoisedebryologie.org/images/cartes/Dicranum_majus_majus.jpg,1820
2014-11-29 00:00:00,2014-11-29 00:00:00,404,NBMUS2B0C2,466,actif,aucun,http://www.societequebecoisedebryologie.org/images/cartes/Dicranum_majus_orthophyllum.jpg,1821
2014-11-29 00:00:00,2014-11-29 00:00:00,406,NBMUS2B0E0,469,actif,aucun,http://www.societequebecoisedebryologie.org/images/cartes/Dicranum_muehlenbeckii.jpg,1823
2014-11-29 00:00:00,2014-11-29 00:00:00,407,NBMUS2B0R0,470,actif,aucun,http://www.societequebecoisedebryologie.org/images/cartes/Dicranum_ontariense.jpg,1830
2014-11-29 00:00:00,2014-11-29 00:00:00,408,NBMUS2B0G0,471,actif,aucun,http://www.societequebecoisedebryologie.org/images/cartes/Dicranum_polysetum.jpg,1824
2014-11-29 00:00:00,2014-11-29 00:00:00,409,NBMUS2B0K0,472,actif,aucun,http://www.societequebecoisedebryologie.org/images/cartes/Dicranum_scoparium.jpg,1825
2014-11-29 00:00:00,2014-11-29 00:00:00,410,NBMUS2B0L0,473,actif,aucun,http://www.societequebecoisedebryologie.org/images/cartes/Dicranum_spadiceum.jpg,1826
2014-11-29 00:00:00,2014-11-29 00:00:00,411,NBMUS2B0M0,474,actif,aucun,http://www.societequebecoisedebryologie.org/images/cartes/Dicranum_spurium.jpg,1827
2014-11-29 00:00:00,2014-11-29 00:00:00,412,NBMUS2B0P0,475,actif,aucun,http://www.societequebecoisedebryologie.org/images/cartes/Dicranum_undulatum.jpg,1828
2014-11-29 00:00:00,2014-11-29 00:00:00,413,NBMUS2B0Q0,476,actif,aucun,http://www.societequebecoisedebryologie.org/images/cartes/Dicranum_viride.jpg,1829
2014-11-29 00:00:00,2014-11-29 00:00:00,414,NBMUS2C061,478,actif,aucun,http://www.societequebecoisedebryologie.org/images/cartes/Didymodon_acutus.jpg,1836
2014-11-29 00:00:00,2014-11-29 00:00:00,418,NBMUS2C0C0,483,actif,aucun,http://www.societequebecoisedebryologie.org/images/cartes/Didymodon_maschalogena.jpg,1841
2025-12-18 00:00:00,2025-12-18 00:00:00,1118,,3210,actif,Aucune variété reconnue; Didymodon rigidulus var. rigidulus reconnu seulement niveau de l'espèce.,,
2014-11-29 00:00:00,2025-12-18 00:00:00,419,NBMUS2C060,484,inactif,Aucune variété reconnue; Didymodon rigidulus var. rigidulus reconnu seulement niveau de l'espèce.,http://www.societequebecoisedebryologie.org/images/cartes/Didymodon_rigidulus_rigidulus.jpg,1835
2014-11-29 00:00:00,2014-11-29 00:00:00,691,NBMUS6B060,3516,actif,aucun,http://www.societequebecoisedebryologie.org/images/cartes/Racomitrium_fasciculare.jpg,2100
2014-11-29 00:00:00,2014-11-29 00:00:00,421,NBMUS2D020,486,actif,aucun,http://www.societequebecoisedebryologie.org/images/cartes/Diphyscium_foliosum.jpg,1842
2014-11-29 00:00:00,2014-11-29 00:00:00,71,NBHEP15010,81,actif,aucun,http://www.societequebecoisedebryologie.org/images/cartes/Diplophyllum_albicans.jpg,1472
2014-11-29 00:00:00,2014-11-29 00:00:00,72,NBHEP15030,82,actif,aucun,http://www.societequebecoisedebryologie.org/images/cartes/Diplophyllum_apiculatum.jpg,1473
2014-11-29 00:00:00,2014-11-29 00:00:00,73,NBHEP15060,83,actif,aucun,http://www.societequebecoisedebryologie.org/images/cartes/Diplophyllum_obtusatum.jpg,15347
2025-06-19 00:00:00,2025-06-19 00:00:00,1051,,3074,actif,,,
2014-11-29 00:00:00,2014-11-29 00:00:00,74,NBHEP15090,84,actif,aucun,http://www.societequebecoisedebryologie.org/images/cartes/Diplophyllum_taxifolium_taxifolium.jpg,1474
2025-06-19 00:00:00,2025-06-19 00:00:00,1052,,3075,actif,,,
2014-11-29 00:00:00,2014-11-29 00:00:00,422,NBMUS2E010,487,actif,aucun,http://www.societequebecoisedebryologie.org/images/cartes/Discelium_nudum.jpg,1843
2014-11-29 00:00:00,2014-11-29 00:00:00,423,NBMUS2F010,488,actif,aucun,http://www.societequebecoisedebryologie.org/images/cartes/Distichium_capillaceum.jpg,1844
2014-11-29 00:00:00,2014-11-29 00:00:00,424,NBMUS2F030,489,actif,aucun,http://www.societequebecoisedebryologie.org/images/cartes/Distichium_inclinatum.jpg,1845
2014-11-29 00:00:00,2014-11-29 00:00:00,427,NBMUS2G040,492,actif,aucun,http://www.societequebecoisedebryologie.org/images/cartes/Ditrichum_lineare.jpg,1849
2014-11-29 00:00:00,2014-11-29 00:00:00,428,NBMUS2G060,493,actif,aucun,http://www.societequebecoisedebryologie.org/images/cartes/Ditrichum_pallidum.jpg,1850
2014-11-29 00:00:00,2014-11-29 00:00:00,429,NBMUS2G070,494,actif,aucun,http://www.societequebecoisedebryologie.org/images/cartes/Ditrichum_pusillum.jpg,1851
2014-11-29 00:00:00,2014-11-29 00:00:00,533,NBMUS3V0N0,3211,actif,aucun,http://www.societequebecoisedebryologie.org/images/cartes/Hypnum_recurvatum.jpg,1960
2014-11-29 00:00:00,2014-11-29 00:00:00,430,NBMUS2J010,495,actif,aucun,http://www.societequebecoisedebryologie.org/images/cartes/Drepanocladus_aduncus.jpg,1853
2014-11-29 00:00:00,2014-11-29 00:00:00,431,NBMUS1J081,496,actif,aucun,http://www.societequebecoisedebryologie.org/images/cartes/Drepanocladus_arcticus.jpg,1760
2014-11-29 00:00:00,2014-11-29 00:00:00,664,NBMUS2J0E0,766,actif,aucun,http://www.societequebecoisedebryologie.org/images/cartes/Pseudocalliergon_brevifolium.jpg,1858
2014-11-29 00:00:00,2014-11-29 00:00:00,432,NBMUS2J0L0,1602,actif,aucun,http://www.societequebecoisedebryologie.org/images/cartes/Drepanocladus_longifolius.jpg,1859
2014-11-29 00:00:00,2014-11-29 00:00:00,433,NBMUS1J060,500,actif,aucun,http://www.societequebecoisedebryologie.org/images/cartes/Drepanocladus_polygamus.jpg,1756
2014-11-29 00:00:00,2014-11-29 00:00:00,666,NBMUS9Y010,3212,actif,aucun,http://www.societequebecoisedebryologie.org/images/cartes/Pseudocalliergon_turgescens.jpg,2294
2025-06-19 00:00:00,2025-06-19 00:00:00,1106,,3106,actif,,,
2014-11-29 00:00:00,2014-11-29 00:00:00,435,NBMUS2M010,503,actif,aucun,http://www.societequebecoisedebryologie.org/images/cartes/Encalypta_affinis_affinis.jpg,1863
2014-11-29 00:00:00,2014-11-29 00:00:00,437,NBMUS2M020,505,actif,aucun,http://www.societequebecoisedebryologie.org/images/cartes/Encalypta_alpina.jpg,1865
2025-06-19 00:00:00,2025-06-19 00:00:00,1041,,3039,actif,,,
2014-11-29 00:00:00,2014-11-29 00:00:00,438,NBMUS2M030,3040,actif,aucun,http://www.societequebecoisedebryologie.org/images/cartes/Encalypta_brevicollis.jpg,1866
2025-06-19 00:00:00,2025-06-19 00:00:00,1042,,3056,actif,,,
2014-11-29 00:00:00,2014-11-29 00:00:00,439,NBMUS2M040,507,actif,aucun,http://www.societequebecoisedebryologie.org/images/cartes/Encalypta_brevipes.jpg,1867
2014-11-29 00:00:00,2014-11-29 00:00:00,440,NBMUS2M050,508,actif,aucun,http://www.societequebecoisedebryologie.org/images/cartes/Encalypta_ciliata.jpg,1868
2014-11-29 00:00:00,2014-11-29 00:00:00,441,NBMUS2M060,3213,actif,aucun,http://www.societequebecoisedebryologie.org/images/cartes/Encalypta_longicollis.jpg,1869
2014-11-29 00:00:00,2014-11-29 00:00:00,442,NBMUS2M070,510,actif,aucun,http://www.societequebecoisedebryologie.org/images/cartes/Encalypta_procera.jpg,1870
2014-11-29 00:00:00,2014-11-29 00:00:00,443,NBMUS2M080,511,actif,aucun,http://www.societequebecoisedebryologie.org/images/cartes/Encalypta_rhaptocarpa.jpg,1871
2014-11-29 00:00:00,2014-11-29 00:00:00,99,NBHEP1P020,1908,actif,aucun,http://www.societequebecoisedebryologie.org/images/cartes/Jungermannia_caespiticia.jpg,16566
2014-11-29 00:00:00,2014-11-29 00:00:00,444,NBMUS2N020,512,actif,aucun,http://www.societequebecoisedebryologie.org/images/cartes/Entodon_cladorrhizans.jpg,1872
2014-11-29 00:00:00,2014-11-29 00:00:00,445,NBMUS2N060,513,actif,aucun,http://www.societequebecoisedebryologie.org/images/cartes/Entodon_seductrix.jpg,1873
2014-11-29 00:00:00,2014-11-29 00:00:00,75,NBHEP26010,3214,actif,aucun,http://www.societequebecoisedebryologie.org/images/cartes/Eocalypogeia_schusterana.jpg,1553
2014-11-29 00:00:00,2014-11-29 00:00:00,450,NBMUS2U040,518,actif,aucun,http://www.societequebecoisedebryologie.org/images/cartes/Eurhynchiastrum_pulchellum.jpg,1879
2014-11-29 00:00:00,2014-11-29 00:00:00,451,NBMUS2W010,520,actif,aucun,http://www.societequebecoisedebryologie.org/images/cartes/Fissidens_adianthoides.jpg,1881
2014-11-29 00:00:00,2014-11-29 00:00:00,452,NBMUS2W050,521,actif,aucun,http://www.societequebecoisedebryologie.org/images/cartes/Fissidens_bryoides.jpg,1882
2014-11-29 00:00:00,2014-11-29 00:00:00,453,NBMUS2W060,522,actif,aucun,http://www.societequebecoisedebryologie.org/images/cartes/Fissidens_bushii.jpg,1883
2014-11-29 00:00:00,2014-11-29 00:00:00,454,NBMUS2W230,523,actif,aucun,http://www.societequebecoisedebryologie.org/images/cartes/Fissidens_dubius.jpg,1889
2014-11-29 00:00:00,2014-11-29 00:00:00,455,NBMUS2W0C0,525,actif,aucun,http://www.societequebecoisedebryologie.org/images/cartes/Fissidens_exilis.jpg,1884
2014-11-29 00:00:00,2014-11-29 00:00:00,456,NBMUS2W0D0,526,actif,aucun,http://www.societequebecoisedebryologie.org/images/cartes/Fissidens_fontanus.jpg,1885
2014-11-29 00:00:00,2014-11-29 00:00:00,457,NBMUS2W2A0,527,actif,aucun,http://www.societequebecoisedebryologie.org/images/cartes/Fissidens_minutulus.jpg,15363
2014-11-29 00:00:00,2014-11-29 00:00:00,458,NBMUS2W0S0,528,actif,aucun,http://www.societequebecoisedebryologie.org/images/cartes/Fissidens_obtusifolius.jpg,1886
2014-11-29 00:00:00,2014-11-29 00:00:00,459,NBMUS2W0T0,2217,actif,aucun,http://www.societequebecoisedebryologie.org/images/cartes/Fissidens_osmundoides.jpg,1887
2014-11-29 00:00:00,2014-11-29 00:00:00,460,NBMUS2W100,530,actif,aucun,http://www.societequebecoisedebryologie.org/images/cartes/Fissidens_subbasilaris.jpg,6839
2014-11-29 00:00:00,2014-11-29 00:00:00,461,NBMUS2W120,531,actif,aucun,http://www.societequebecoisedebryologie.org/images/cartes/Fissidens_taxifolius.jpg,1888
2014-11-29 00:00:00,2014-11-29 00:00:00,425,NBMUS2G020,490,actif,aucun,http://www.societequebecoisedebryologie.org/images/cartes/Ditrichum_flexicaule.jpg,1847
2014-11-29 00:00:00,2014-11-29 00:00:00,462,NBMUS2X020,532,actif,aucun,http://www.societequebecoisedebryologie.org/images/cartes/Fontinalis_antipyretica.jpg,1890
2014-11-29 00:00:00,2014-11-29 00:00:00,463,NBMUS2X040,533,actif,aucun,http://www.societequebecoisedebryologie.org/images/cartes/Fontinalis_dalecarlica.jpg,1893
2014-11-29 00:00:00,2014-11-29 00:00:00,464,NBMUS2X080,534,actif,aucun,http://www.societequebecoisedebryologie.org/images/cartes/Fontinalis_hypnoides.jpg,1895
2014-11-29 00:00:00,2014-11-29 00:00:00,465,NBMUS2X0D0,535,actif,aucun,http://www.societequebecoisedebryologie.org/images/cartes/Fontinalis_novae-angliae.jpg,1897
2014-11-29 00:00:00,2014-11-29 00:00:00,466,NBMUS2X0F0,536,actif,aucun,http://www.societequebecoisedebryologie.org/images/cartes/Fontinalis_sphagnifolia.jpg,17114
2014-11-29 00:00:00,2014-11-29 00:00:00,467,NBMUS2X0G0,537,actif,aucun,http://www.societequebecoisedebryologie.org/images/cartes/Fontinalis_sullivantii.jpg,1898
2014-11-29 00:00:00,2014-11-29 00:00:00,468,NBMUS2Y030,540,actif,aucun,http://www.societequebecoisedebryologie.org/images/cartes/Forsstroemia_trichomitria.jpg,17049
2014-11-29 00:00:00,2014-11-29 00:00:00,77,NBHEP19050,89,actif,aucun,http://www.societequebecoisedebryologie.org/images/cartes/Fossombronia_foveolata.jpg,1475
2014-11-29 00:00:00,2014-11-29 00:00:00,79,NBHEP1A0N1,91,actif,aucun,http://www.societequebecoisedebryologie.org/images/cartes/Frullania_asagrayana.jpg,17116
2014-11-29 00:00:00,2014-11-29 00:00:00,80,NBHEP1A020,3076,actif,aucun,http://www.societequebecoisedebryologie.org/images/cartes/Frullania_bolanderi.jpg,1478
2016-01-01 00:00:00,2016-01-01 00:00:00,891,NBHEP1A030,1926,actif,aucun,,1479
2014-11-29 00:00:00,2014-11-29 00:00:00,81,NBHEP1A0A0,3077,actif,aucun,http://www.societequebecoisedebryologie.org/images/cartes/Frullania_eboracensis.jpg,1480
2014-11-29 00:00:00,2014-11-29 00:00:00,83,NBHEP1A0G0,96,actif,aucun,http://www.societequebecoisedebryologie.org/images/cartes/Frullania_oakesiana.jpg,1481
2014-11-29 00:00:00,2014-11-29 00:00:00,84,NBHEP1A0K0,97,actif,aucun,http://www.societequebecoisedebryologie.org/images/cartes/Frullania_riparia.jpg,15043
2014-11-29 00:00:00,2014-11-29 00:00:00,85,NBHEP1A0L0,98,actif,aucun,http://www.societequebecoisedebryologie.org/images/cartes/Frullania_selwyniana.jpg,1482
2014-11-29 00:00:00,2014-11-29 00:00:00,469,NBMUS2Z050,541,actif,aucun,http://www.societequebecoisedebryologie.org/images/cartes/Funaria_hygrometrica.jpg,1899
2014-11-29 00:00:00,2014-11-29 00:00:00,168,NBHEP2N010,1858,actif,aucun,http://www.societequebecoisedebryologie.org/images/cartes/Pleurocladula_albescens_albescens.jpg,1571
2014-11-29 00:00:00,2014-11-29 00:00:00,45,NBHEP0P060,1862,actif,aucun,http://www.societequebecoisedebryologie.org/images/cartes/Cephalozia_leucantha.jpg,1445
2014-11-29 00:00:00,2014-11-29 00:00:00,46,NBHEP0P070,1863,actif,aucun,http://www.societequebecoisedebryologie.org/images/cartes/Cephalozia_loitlesbergeri.jpg,1446
2014-11-29 00:00:00,2014-11-29 00:00:00,47,NBHEP0P080,1907,actif,aucun,http://www.societequebecoisedebryologie.org/images/cartes/Cephalozia_lunulifolia.jpg,1447
2025-12-18 00:00:00,2025-12-18 00:00:00,1120,NBHEP0P0A0,3216,actif,Aucune variété reconnue; Fuscocephaloziopsis macrostachya var. macrostachya n'est plus reconnue comme variété et ainsi seulement au niveau de l'espèce.,http://www.societequebecoisedebryologie.org/images/cartes/Cephalozia_macrostachya.jpg,
2014-11-29 00:00:00,2025-12-18 00:00:00,48,NBHEP0P0A2,1864,inactif,Aucune variété reconnue; Fuscocephaloziopsis macrostachya var. macrostachya n'est plus reconnue comme variété et ainsi seulement au niveau de l'espèce.,,1449
2014-11-29 00:00:00,2014-11-29 00:00:00,49,NBHEP0P0B0,1865,actif,aucun,http://www.societequebecoisedebryologie.org/images/cartes/Cephalozia_pleniceps.jpg,1450
2014-11-29 00:00:00,2014-11-29 00:00:00,307,NBMUS1A0D0,355,actif,aucun,http://www.societequebecoisedebryologie.org/images/cartes/Bryum_caespiticium.jpg,1708
2014-11-29 00:00:00,2014-11-29 00:00:00,314,NBMUS1A380,363,actif,aucun,http://www.societequebecoisedebryologie.org/images/cartes/Bryum_demaretianum.jpg,15045
2014-11-29 00:00:00,2014-11-29 00:00:00,315,NBMUS1A1N0,364,actif,aucun,http://www.societequebecoisedebryologie.org/images/cartes/Bryum_dichotomum.jpg,1737
2014-11-29 00:00:00,2014-11-29 00:00:00,319,NBMUS1A0N0,369,actif,aucun,http://www.societequebecoisedebryologie.org/images/cartes/Bryum_klinggraeffii.jpg,1712
2014-11-29 00:00:00,2014-11-29 00:00:00,331,NBMUS1A170,382,actif,aucun,http://www.societequebecoisedebryologie.org/images/cartes/Bryum_tenuisetum.jpg,1725
2014-11-29 00:00:00,2014-11-29 00:00:00,335,NBMUS1A1C0,387,actif,aucun,http://www.societequebecoisedebryologie.org/images/cartes/Bryum_violaceum.jpg,1728
2014-11-29 00:00:00,2014-11-29 00:00:00,86,NBHEP1B010,99,actif,aucun,http://www.societequebecoisedebryologie.org/images/cartes/Geocalyx_graveolens.jpg,1484
2014-11-29 00:00:00,2014-11-29 00:00:00,470,NBMUS32050,542,actif,aucun,http://www.societequebecoisedebryologie.org/images/cartes/Grimmia_anodon.jpg,1901
2014-11-29 00:00:00,2014-11-29 00:00:00,471,NBMUS32200,543,actif,aucun,http://www.societequebecoisedebryologie.org/images/cartes/Grimmia_atrata.jpg,1916
2014-11-29 00:00:00,2014-11-29 00:00:00,472,NBMUS32110,544,actif,aucun,http://www.societequebecoisedebryologie.org/images/cartes/Grimmia_crinitoleucophaea.jpg,6842
2014-11-29 00:00:00,2014-11-29 00:00:00,473,NBMUS320F0,545,actif,aucun,http://www.societequebecoisedebryologie.org/images/cartes/Grimmia_donniana.jpg,1902
2014-11-29 00:00:00,2014-11-29 00:00:00,474,NBMUS320G0,546,actif,aucun,http://www.societequebecoisedebryologie.org/images/cartes/Grimmia_elatior.jpg,17117
2014-11-29 00:00:00,2014-11-29 00:00:00,475,NBMUS321G0,547,actif,aucun,http://www.societequebecoisedebryologie.org/images/cartes/Grimmia_elongata.jpg,1915
2014-11-29 00:00:00,2014-11-29 00:00:00,477,NBMUS320M0,549,actif,aucun,http://www.societequebecoisedebryologie.org/images/cartes/Grimmia_incurva.jpg,1904
2014-11-29 00:00:00,2014-11-29 00:00:00,478,NBMUS32010,551,actif,aucun,http://www.societequebecoisedebryologie.org/images/cartes/Grimmia_longirostris.jpg,1900
2014-11-29 00:00:00,2014-11-29 00:00:00,479,NBMUS320R0,552,actif,aucun,http://www.societequebecoisedebryologie.org/images/cartes/Grimmia_mollis.jpg,1906
2014-11-29 00:00:00,2014-11-29 00:00:00,481,NBMUS320V0,554,actif,aucun,http://www.societequebecoisedebryologie.org/images/cartes/Grimmia_olneyi.jpg,1907
2014-11-29 00:00:00,2014-11-29 00:00:00,482,NBMUS320Y0,555,actif,aucun,http://www.societequebecoisedebryologie.org/images/cartes/Grimmia_ovalis.jpg,1908
2014-11-29 00:00:00,2014-11-29 00:00:00,483,NBMUS320Z0,556,actif,aucun,http://www.societequebecoisedebryologie.org/images/cartes/Grimmia_pilifera.jpg,1909
2014-11-29 00:00:00,2014-11-29 00:00:00,484,NBMUS32260,557,actif,aucun,http://www.societequebecoisedebryologie.org/images/cartes/Grimmia_sessitana.jpg,1910
2025-06-19 00:00:00,2025-06-19 00:00:00,1107,,3107,actif,,,
2014-11-29 00:00:00,2014-11-29 00:00:00,87,NBHEP1D010,100,actif,aucun,http://www.societequebecoisedebryologie.org/images/cartes/Gymnocolea_inflata_acutiloba.jpg,1485
2014-11-29 00:00:00,2014-11-29 00:00:00,88,NBHEP1D020,102,actif,aucun,http://www.societequebecoisedebryologie.org/images/cartes/Gymnocolea_inflata_inflata.jpg,1486
2014-11-29 00:00:00,2014-11-29 00:00:00,90,NBHEP1E020,105,actif,aucun,http://www.societequebecoisedebryologie.org/images/cartes/Gymnomitrion_concinnatum.jpg,1488
2014-11-29 00:00:00,2014-11-29 00:00:00,91,NBHEP1E030,106,actif,aucun,http://www.societequebecoisedebryologie.org/images/cartes/Gymnomitrion_corallioides.jpg,1489
2014-11-29 00:00:00,2014-11-29 00:00:00,489,NBMUS35010,563,actif,aucun,http://www.societequebecoisedebryologie.org/images/cartes/Gymnostomum_aeruginosum.jpg,1918
2014-11-29 00:00:00,2014-11-29 00:00:00,491,NBMUS90010,565,actif,aucun,http://www.societequebecoisedebryologie.org/images/cartes/Hamatocaulis_vernicosus.jpg,2258
2014-11-29 00:00:00,2014-11-29 00:00:00,492,NBMUS9A010,3488,actif,aucun,http://www.societequebecoisedebryologie.org/images/cartes/Haplocladium_microphyllum.jpg,2272
2014-11-29 00:00:00,2014-11-29 00:00:00,93,NBHEP1J010,108,actif,aucun,http://www.societequebecoisedebryologie.org/images/cartes/Harpanthus_drummondii.jpg,1490
2014-11-29 00:00:00,2014-11-29 00:00:00,94,NBHEP1J020,109,actif,aucun,http://www.societequebecoisedebryologie.org/images/cartes/Harpanthus_flotovianus.jpg,1491
2014-11-29 00:00:00,2014-11-29 00:00:00,95,NBHEP1J030,110,actif,aucun,http://www.societequebecoisedebryologie.org/images/cartes/Harpanthus_scutatus.jpg,1492
2014-11-29 00:00:00,2014-11-29 00:00:00,494,NBMUS3B010,3489,actif,aucun,http://www.societequebecoisedebryologie.org/images/cartes/Hedwigia_ciliata.jpg,1921
2025-06-19 00:00:00,2025-06-19 00:00:00,1054,,3097,actif,,,
2014-11-29 00:00:00,2014-11-29 00:00:00,495,NBMUS3C010,3094,actif,aucun,http://www.societequebecoisedebryologie.org/images/cartes/Helodium_blandowii_blandowii.jpg,1922
2014-11-29 00:00:00,2014-11-29 00:00:00,497,NBMUS3C020,2228,actif,aucun,http://www.societequebecoisedebryologie.org/images/cartes/Helodium_paludosum.jpg,1923
2014-11-29 00:00:00,2014-11-29 00:00:00,498,NBMUS25060,573,actif,aucun,http://www.societequebecoisedebryologie.org/images/cartes/Hennediella_heimii.jpg,1784
2014-11-29 00:00:00,2014-11-29 00:00:00,499,NBMUS3E020,575,actif,aucun,http://www.societequebecoisedebryologie.org/images/cartes/Herzogiella_striatella.jpg,1924
2014-11-29 00:00:00,2014-11-29 00:00:00,500,NBMUS3E030,576,actif,aucun,http://www.societequebecoisedebryologie.org/images/cartes/Herzogiella_turfacea.jpg,1925
2014-11-29 00:00:00,2014-11-29 00:00:00,220,NBHEP1Y070,1946,actif,aucun,http://www.societequebecoisedebryologie.org/images/cartes/Schistochilopsis_capitata.jpg,15059
2014-11-29 00:00:00,2014-11-29 00:00:00,502,NBMUS3H010,3490,actif,aucun,http://www.societequebecoisedebryologie.org/images/cartes/Homalia_trichomanoides.jpg,1928
2014-11-29 00:00:00,2014-11-29 00:00:00,503,NBMUS3M010,579,actif,aucun,http://www.societequebecoisedebryologie.org/images/cartes/Homomallium_adnatum.jpg,1929
2014-11-29 00:00:00,2014-11-29 00:00:00,415,NBMUS2C010,3220,actif,aucun,http://www.societequebecoisedebryologie.org/images/cartes/Didymodon_asperifolius.jpg,1834
2014-11-29 00:00:00,2014-11-29 00:00:00,96,NBHEP1L010,111,actif,aucun,http://www.societequebecoisedebryologie.org/images/cartes/Hygrobiella_laxifolia.jpg,1493
2014-11-29 00:00:00,2014-11-29 00:00:00,507,NBMUS3S020,3221,actif,aucun,http://www.societequebecoisedebryologie.org/images/cartes/Hygrohypnum_bestii.jpg,1933
2014-11-29 00:00:00,2014-11-29 00:00:00,513,NBMUS3S0A0,3222,actif,aucun,http://www.societequebecoisedebryologie.org/images/cartes/Hygrohypnum_ochraceum.jpg,1937
2014-11-29 00:00:00,2014-11-29 00:00:00,511,NBMUS3S070,587,actif,aucun,http://www.societequebecoisedebryologie.org/images/cartes/Hygrohypnum_luridum.jpg,1936
2014-11-29 00:00:00,2014-11-29 00:00:00,710,NBMUS6J030,835,actif,aucun,http://www.societequebecoisedebryologie.org/images/cartes/Rhytidiadelphus_triquetrus.jpg,2112
2014-11-29 00:00:00,2014-11-29 00:00:00,517,NBMUS9G010,593,actif,aucun,http://www.societequebecoisedebryologie.org/images/cartes/Hylocomiastrum_pyrenaicum.jpg,2277
2014-11-29 00:00:00,2014-11-29 00:00:00,518,NBMUS9G020,595,actif,aucun,http://www.societequebecoisedebryologie.org/images/cartes/Hylocomiastrum_umbratum.jpg,2278
2014-11-29 00:00:00,2014-11-29 00:00:00,519,NBMUS3T030,597,actif,aucun,http://www.societequebecoisedebryologie.org/images/cartes/Hylocomium_splendens.jpg,1943
2014-11-29 00:00:00,2014-11-29 00:00:00,390,NBMUS2A020,3223,actif,aucun,http://www.societequebecoisedebryologie.org/images/cartes/Dicranoweisia_crispula.jpg,1809
2014-11-29 00:00:00,2014-11-29 00:00:00,520,NBMUS98010,598,actif,aucun,http://www.societequebecoisedebryologie.org/images/cartes/Hymenostylium_recurvirostrum.jpg,2271
2025-06-19 00:00:00,2016-01-01 00:00:00,888,NBMUS3U010,3224,actif,aucun,,30009
2025-06-19 00:00:00,2025-06-19 00:00:00,1108,,3108,actif,,,
2014-11-29 00:00:00,2014-11-29 00:00:00,524,NBMUS3V050,603,actif,aucun,http://www.societequebecoisedebryologie.org/images/cartes/Hypnum_cupressiforme_cupressiforme.jpg,1947
2014-11-29 00:00:00,2014-11-29 00:00:00,525,NBMUS3V052,604,actif,aucun,http://www.societequebecoisedebryologie.org/images/cartes/Hypnum_cupressiforme_filiforme.jpg,1948
2014-11-29 00:00:00,2014-11-29 00:00:00,318,NBMUS1A0L0,368,actif,aucun,http://www.societequebecoisedebryologie.org/images/cartes/Bryum_gemmiparum.jpg,15071
2014-11-29 00:00:00,2014-11-29 00:00:00,325,NBMUS1A0V0,376,actif,aucun,http://www.societequebecoisedebryologie.org/images/cartes/Bryum_muehlenbeckii.jpg,1718
2014-11-29 00:00:00,2014-11-29 00:00:00,122,NBHEP1Y060,1140,actif,aucun,http://www.societequebecoisedebryologie.org/images/cartes/Lophozia_bicrenata.jpg,1520
2014-11-29 00:00:00,2014-11-29 00:00:00,536,NBMUS3X010,616,actif,aucun,http://www.societequebecoisedebryologie.org/images/cartes/Isopterygiopsis_muelleriana.jpg,1962
2014-11-29 00:00:00,2014-11-29 00:00:00,98,NBHEP1P010,113,actif,aucun,http://www.societequebecoisedebryologie.org/images/cartes/Jungermannia_atrovirens.jpg,1496
2014-11-29 00:00:00,2014-11-29 00:00:00,107,NBHEP1P0D0,122,actif,aucun,http://www.societequebecoisedebryologie.org/images/cartes/Jungermannia_polaris.jpg,1505
2014-11-29 00:00:00,2014-11-29 00:00:00,108,NBHEP1P0E0,123,actif,aucun,http://www.societequebecoisedebryologie.org/images/cartes/Jungermannia_pumila.jpg,1506
2014-11-29 00:00:00,2014-11-29 00:00:00,542,NBMUS2U0B0,622,actif,aucun,http://www.societequebecoisedebryologie.org/images/cartes/Kindbergia_praelonga.jpg,1880
2014-11-29 00:00:00,2014-11-29 00:00:00,298,NBMUS14010,1894,actif,aucun,http://www.societequebecoisedebryologie.org/images/cartes/Bryhnia_graminicolor.jpg,1701
2014-11-29 00:00:00,2014-11-29 00:00:00,111,NBHEP1Q010,126,actif,aucun,http://www.societequebecoisedebryologie.org/images/cartes/Kurzia_pauciflora.jpg,1509
2014-11-29 00:00:00,2014-11-29 00:00:00,119,NBHEP1R080,140,actif,aucun,http://www.societequebecoisedebryologie.org/images/cartes/Lejeunea_cavifolia.jpg,1511
2025-06-19 00:00:00,2025-06-19 00:00:00,1109,,3109,actif,,,
2014-11-29 00:00:00,2014-11-29 00:00:00,120,NBHEP1S020,141,actif,aucun,http://www.societequebecoisedebryologie.org/images/cartes/Lepidozia_reptans.jpg,1512
2014-11-29 00:00:00,2014-11-29 00:00:00,543,NBMUS43010,625,actif,aucun,http://www.societequebecoisedebryologie.org/images/cartes/Leptobryum_pyriforme.jpg,1970
2014-11-29 00:00:00,2014-11-29 00:00:00,544,NBMUS44040,626,actif,aucun,http://www.societequebecoisedebryologie.org/images/cartes/Leptodictyum_riparium.jpg,1971
2025-06-19 00:00:00,2025-06-19 00:00:00,1048,,1782,actif,,,
2014-11-29 00:00:00,2014-11-29 00:00:00,545,NBMUS47010,627,actif,aucun,http://www.societequebecoisedebryologie.org/images/cartes/Lescuraea_saxicola.jpg,1973
2014-11-29 00:00:00,2014-11-29 00:00:00,671,NBMUS5Z070,1783,actif,aucun,http://www.societequebecoisedebryologie.org/images/cartes/Pseudoleskea_stenophylla.jpg,15076
2014-11-29 00:00:00,2014-11-29 00:00:00,546,NBMUS48020,628,actif,aucun,http://www.societequebecoisedebryologie.org/images/cartes/Leskea_gracilescens.jpg,1974
2014-11-29 00:00:00,2014-11-29 00:00:00,547,NBMUS48030,629,actif,aucun,http://www.societequebecoisedebryologie.org/images/cartes/Leskea_obscura.jpg,1975
2014-11-29 00:00:00,2014-11-29 00:00:00,548,NBMUS48040,630,actif,aucun,http://www.societequebecoisedebryologie.org/images/cartes/Leskea_polycarpa.jpg,1976
2014-11-29 00:00:00,2014-11-29 00:00:00,549,NBMUS4A030,631,actif,aucun,http://www.societequebecoisedebryologie.org/images/cartes/Leucobryum_glaucum.jpg,1978
2014-11-29 00:00:00,2014-11-29 00:00:00,550,NBMUS4B011,632,actif,aucun,http://www.societequebecoisedebryologie.org/images/cartes/Leucodon_sciuroides.jpg,1981
2014-11-29 00:00:00,2014-11-29 00:00:00,580,NBMUS560X1,3226,actif,aucun,http://www.societequebecoisedebryologie.org/images/cartes/Orthotrichum_elegans.jpg,17126
2014-11-29 00:00:00,2014-11-29 00:00:00,585,NBMUS560T0,673,actif,aucun,http://www.societequebecoisedebryologie.org/images/cartes/Orthotrichum_pylaisii.jpg,2013
2014-11-29 00:00:00,2014-11-29 00:00:00,586,NBMUS560W0,674,actif,aucun,http://www.societequebecoisedebryologie.org/images/cartes/Orthotrichum_sordidum.jpg,2014
2014-11-29 00:00:00,2014-11-29 00:00:00,587,NBMUS560X0,675,actif,aucun,http://www.societequebecoisedebryologie.org/images/cartes/Orthotrichum_speciosum.jpg,2015
2014-11-29 00:00:00,2014-11-29 00:00:00,551,NBMUS4E010,635,actif,aucun,http://www.societequebecoisedebryologie.org/images/cartes/Lindbergia_brachyptera.jpg,1982
2014-11-29 00:00:00,2014-11-29 00:00:00,105,NBHEP1P0B0,1116,actif,aucun,http://www.societequebecoisedebryologie.org/images/cartes/Jungermannia_leiantha.jpg,1503
2014-11-29 00:00:00,2014-11-29 00:00:00,59,NBHEP1W010,1087,actif,aucun,http://www.societequebecoisedebryologie.org/images/cartes/Chiloscyphus_coadunatus_rivularis.jpg,1513
2014-11-29 00:00:00,2014-11-29 00:00:00,65,NBHEP1W040,1092,actif,aucun,http://www.societequebecoisedebryologie.org/images/cartes/Chiloscyphus_profundus.jpg,1514
2014-11-29 00:00:00,2014-11-29 00:00:00,60,NBHEP1W060,1091,actif,aucun,http://www.societequebecoisedebryologie.org/images/cartes/Chiloscyphus_minor.jpg,1515
2014-11-29 00:00:00,2014-11-29 00:00:00,121,NBHEP1Y030,142,actif,aucun,http://www.societequebecoisedebryologie.org/images/cartes/Lophozia_ascendens.jpg,1517
2014-11-29 00:00:00,2014-11-29 00:00:00,129,NBHEP1Y0Z0,2049,actif,aucun,http://www.societequebecoisedebryologie.org/images/cartes/Lophozia_schusterana.jpg,15062
2025-06-19 00:00:00,2025-06-19 00:00:00,1050,,1910,actif,,,
2014-11-29 00:00:00,2014-11-29 00:00:00,135,NBHEP20020,160,actif,aucun,http://www.societequebecoisedebryologie.org/images/cartes/Mannia_fragrans.jpg,1540
2014-11-29 00:00:00,2014-11-29 00:00:00,136,NBHEP20030,161,actif,aucun,http://www.societequebecoisedebryologie.org/images/cartes/Mannia_pilosa.jpg,1541
2025-06-19 00:00:00,2025-06-19 00:00:00,1049,,1152,actif,,,
2014-11-29 00:00:00,2014-11-29 00:00:00,138,NBHEP21060,163,actif,aucun,http://www.societequebecoisedebryologie.org/images/cartes/Marchantia_polymorpha_polymorpha.jpg,15089
2025-06-19 00:00:00,2025-06-19 00:00:00,1110,,3110,actif,,,
2014-11-29 00:00:00,2014-11-29 00:00:00,174,NBHEP2S011,1941,actif,aucun,http://www.societequebecoisedebryologie.org/images/cartes/Preissia_quadrata_hyperborea.jpg,16557
2014-11-29 00:00:00,2014-11-29 00:00:00,89,NBHEP1E010,1102,actif,aucun,http://www.societequebecoisedebryologie.org/images/cartes/Gymnomitrion_apiculatum.jpg,1487
2014-11-29 00:00:00,2014-11-29 00:00:00,897,NBHEP22083,1933,actif,aucun,,30021
2014-11-29 00:00:00,2014-11-29 00:00:00,140,NBHEP22020,165,actif,aucun,http://www.societequebecoisedebryologie.org/images/cartes/Marsupella_arctica.jpg,1544
2014-11-29 00:00:00,2014-11-29 00:00:00,141,NBHEP22030,166,actif,aucun,http://www.societequebecoisedebryologie.org/images/cartes/Marsupella_boeckii.jpg,16626
2014-11-29 00:00:00,2014-11-29 00:00:00,144,NBHEP22084,3227,actif,aucun,http://www.societequebecoisedebryologie.org/images/cartes/Marsupella_emarginata_emarginata.jpg,15064
2014-11-29 00:00:00,2014-11-29 00:00:00,145,NBHEP220C0,171,actif,aucun,http://www.societequebecoisedebryologie.org/images/cartes/Marsupella_sparsifolia.jpg,1549
2014-11-29 00:00:00,2014-11-29 00:00:00,146,NBHEP220D0,172,actif,aucun,http://www.societequebecoisedebryologie.org/images/cartes/Marsupella_sphacelata.jpg,1550
2014-11-29 00:00:00,2014-11-29 00:00:00,147,NBHEP220E0,173,actif,aucun,http://www.societequebecoisedebryologie.org/images/cartes/Marsupella_sprucei.jpg,1551
2014-11-29 00:00:00,2014-11-29 00:00:00,112,NBHEP1Y040,3228,actif,aucun,http://www.societequebecoisedebryologie.org/images/cartes/Leiocolea_badensis.jpg,1518
2014-11-29 00:00:00,2014-11-29 00:00:00,114,NBHEP1Y0B0,1889,actif,aucun,http://www.societequebecoisedebryologie.org/images/cartes/Leiocolea_gillmanii.jpg,1523
2025-06-19 00:00:00,2025-06-19 00:00:00,1111,,3111,actif,,,
2014-11-29 00:00:00,2014-11-29 00:00:00,117,NBHEP1Y0U0,1893,actif,aucun,http://www.societequebecoisedebryologie.org/images/cartes/Leiocolea_rutheana.jpg,1534
2014-11-29 00:00:00,2014-11-29 00:00:00,148,NBHEP27020,175,actif,aucun,http://www.societequebecoisedebryologie.org/images/cartes/Metzgeria_conjugata.jpg,1554
2014-11-29 00:00:00,2014-11-29 00:00:00,149,NBHEP27040,176,actif,aucun,http://www.societequebecoisedebryologie.org/images/cartes/Metzgeria_furcata.jpg,1555
2014-11-29 00:00:00,2014-11-29 00:00:00,150,NBHEP1R0L0,177,actif,aucun,http://www.societequebecoisedebryologie.org/images/cartes/Microlejeunea_ulicina.jpg,17095
2014-11-29 00:00:00,2014-11-29 00:00:00,557,NBMUS4P040,643,actif,aucun,http://www.societequebecoisedebryologie.org/images/cartes/Micromitrium_tenerum.jpg,15052
2014-11-29 00:00:00,2014-11-29 00:00:00,558,NBMUS4Q022,3496,actif,aucun,http://www.societequebecoisedebryologie.org/images/cartes/Mielichhoferia_elongata.jpg,1986
2014-11-29 00:00:00,2014-11-29 00:00:00,559,NBMUS4Q020,645,actif,aucun,http://www.societequebecoisedebryologie.org/images/cartes/Mielichhoferia_mielichhoferiana.jpg,1985
2014-11-29 00:00:00,2014-11-29 00:00:00,560,NBMUS4S0B0,646,actif,aucun,http://www.societequebecoisedebryologie.org/images/cartes/Mnium_hornum.jpg,1987
2014-11-29 00:00:00,2014-11-29 00:00:00,561,NBMUS4S0F0,647,actif,aucun,http://www.societequebecoisedebryologie.org/images/cartes/Mnium_lycopodioides.jpg,6853
2014-11-29 00:00:00,2014-11-29 00:00:00,563,NBMUS4S0R0,650,actif,aucun,http://www.societequebecoisedebryologie.org/images/cartes/Mnium_spinulosum.jpg,1989
2014-11-29 00:00:00,2014-11-29 00:00:00,564,NBMUS4S0S0,651,actif,aucun,http://www.societequebecoisedebryologie.org/images/cartes/Mnium_stellare.jpg,1990
2014-11-29 00:00:00,2014-11-29 00:00:00,565,NBMUS4S0T0,652,actif,aucun,http://www.societequebecoisedebryologie.org/images/cartes/Mnium_thomsonii.jpg,1991
2014-11-29 00:00:00,2014-11-29 00:00:00,152,NBHEP28030,179,actif,aucun,http://www.societequebecoisedebryologie.org/images/cartes/Moerckia_flotoviana.jpg,1557
2014-11-29 00:00:00,2014-11-29 00:00:00,118,NBHEP29010,1139,actif,aucun,http://www.societequebecoisedebryologie.org/images/cartes/Leiomylia_anomala.jpg,1558
2014-11-29 00:00:00,2014-11-29 00:00:00,153,NBHEP29020,180,actif,aucun,http://www.societequebecoisedebryologie.org/images/cartes/Mylia_taylorii.jpg,1559
2014-11-29 00:00:00,2014-11-29 00:00:00,566,NBMUS4U010,653,actif,aucun,http://www.societequebecoisedebryologie.org/images/cartes/Myurella_julacea.jpg,1993
2014-11-29 00:00:00,2014-11-29 00:00:00,567,NBMUS4U020,654,actif,aucun,http://www.societequebecoisedebryologie.org/images/cartes/Myurella_sibirica.jpg,1994
2014-11-29 00:00:00,2014-11-29 00:00:00,568,NBMUS4U030,655,actif,aucun,http://www.societequebecoisedebryologie.org/images/cartes/Myurella_tenerrima.jpg,1995
2014-11-29 00:00:00,2014-11-29 00:00:00,154,NBHEP2A030,181,actif,aucun,http://www.societequebecoisedebryologie.org/images/cartes/Nardia_geoscyphus.jpg,1560
2014-11-29 00:00:00,2014-11-29 00:00:00,155,NBHEP2A040,182,actif,aucun,http://www.societequebecoisedebryologie.org/images/cartes/Nardia_insecta.jpg,1561
2014-11-29 00:00:00,2014-11-29 00:00:00,156,NBHEP2A060,183,actif,aucun,http://www.societequebecoisedebryologie.org/images/cartes/Nardia_scalaris.jpg,1562
2014-11-29 00:00:00,2014-11-29 00:00:00,21,NBHEP0E020,1879,actif,aucun,http://www.societequebecoisedebryologie.org/images/cartes/Barbilophozia_attenuata.jpg,1420
2014-11-29 00:00:00,2014-11-29 00:00:00,23,NBHEP0E040,1867,actif,aucun,http://www.societequebecoisedebryologie.org/images/cartes/Barbilophozia_binsteadii.jpg,1422
2014-11-29 00:00:00,2014-11-29 00:00:00,24,NBHEP0E060,1868,actif,aucun,http://www.societequebecoisedebryologie.org/images/cartes/Barbilophozia_floerkei.jpg,1424
2025-06-19 00:00:00,2025-06-19 00:00:00,1112,,3112,actif,,,
2014-11-29 00:00:00,2014-11-29 00:00:00,688,NBMUS6B042,3515,actif,aucun,http://www.societequebecoisedebryologie.org/images/cartes/Racomitrium_canescens_latifolium.jpg,2099
2014-11-29 00:00:00,2014-11-29 00:00:00,689,NBMUS6B110,805,actif,aucun,http://www.societequebecoisedebryologie.org/images/cartes/Racomitrium_elongatum.jpg,2106
2014-11-29 00:00:00,2014-11-29 00:00:00,690,NBMUS6B120,807,actif,aucun,http://www.societequebecoisedebryologie.org/images/cartes/Racomitrium_ericoides.jpg,2107
2014-11-29 00:00:00,2014-11-29 00:00:00,694,NBMUS32280,814,actif,aucun,http://www.societequebecoisedebryologie.org/images/cartes/Racomitrium_panschii.jpg,2105
2014-11-29 00:00:00,2014-11-29 00:00:00,3,NBANT02020,3,actif,aucun,http://www.societequebecoisedebryologie.org/images/cartes/Notothylas_orbicularis.jpg,15044
2014-11-29 00:00:00,2014-11-29 00:00:00,157,NBHEP2C010,184,actif,aucun,http://www.societequebecoisedebryologie.org/images/cartes/Nowellia_curvifolia.jpg,1563
2014-11-29 00:00:00,2014-11-29 00:00:00,581,NBMUS560K0,3501,actif,aucun,http://www.societequebecoisedebryologie.org/images/cartes/Nyholmiella_obtusifolia.jpg,2008
2014-11-29 00:00:00,2014-11-29 00:00:00,127,NBHEP1Y0N0,1872,actif,aucun,http://www.societequebecoisedebryologie.org/images/cartes/Lophozia_obtusa.jpg,1532
2014-11-29 00:00:00,2014-11-29 00:00:00,159,NBHEP2D020,186,actif,aucun,http://www.societequebecoisedebryologie.org/images/cartes/Odontoschisma_elongatum.jpg,1565
2014-11-29 00:00:00,2014-11-29 00:00:00,66,NBHEP0W010,1856,actif,aucun,http://www.societequebecoisedebryologie.org/images/cartes/Cladopodiella_fluitans.jpg,1468
2014-11-29 00:00:00,2014-11-29 00:00:00,67,NBHEP0W020,1857,actif,aucun,http://www.societequebecoisedebryologie.org/images/cartes/Cladopodiella_francisci.jpg,1469
2014-11-29 00:00:00,2014-11-29 00:00:00,160,NBHEP2D040,187,actif,aucun,http://www.societequebecoisedebryologie.org/images/cartes/Odontoschisma_macounii.jpg,1566
2014-11-29 00:00:00,2014-11-29 00:00:00,896,NBHEP2D060,1932,actif,aucun,,30014
2014-11-29 00:00:00,2014-11-29 00:00:00,570,NBMUS51020,657,actif,aucun,http://www.societequebecoisedebryologie.org/images/cartes/Oligotrichum_falcatum.jpg,1998
2014-11-29 00:00:00,2014-11-29 00:00:00,571,NBMUS51030,3499,actif,aucun,http://www.societequebecoisedebryologie.org/images/cartes/Oligotrichum_hercynicum.jpg,1999
2014-11-29 00:00:00,2014-11-29 00:00:00,572,NBMUS52020,659,actif,aucun,http://www.societequebecoisedebryologie.org/images/cartes/Oncophorus_virens.jpg,2000
2014-11-29 00:00:00,2014-11-29 00:00:00,20,NBHEP0E010,1053,actif,aucun,http://www.societequebecoisedebryologie.org/images/cartes/Barbilophozia_atlantica.jpg,1419
2014-11-29 00:00:00,2014-11-29 00:00:00,396,NBMUS2B060,456,actif,aucun,http://www.societequebecoisedebryologie.org/images/cartes/Dicranum_flagellare.jpg,1814
2014-11-29 00:00:00,2014-11-29 00:00:00,399,NBMUS2B080,460,actif,aucun,http://www.societequebecoisedebryologie.org/images/cartes/Dicranum_fulvum.jpg,1816
2014-11-29 00:00:00,2014-11-29 00:00:00,405,NBMUS2B0D0,467,actif,aucun,http://www.societequebecoisedebryologie.org/images/cartes/Dicranum_montanum.jpg,1822
2014-11-29 00:00:00,2014-11-29 00:00:00,579,NBMUS56030,666,actif,aucun,http://www.societequebecoisedebryologie.org/images/cartes/Orthotrichum_anomalum.jpg,2007
2014-11-29 00:00:00,2014-11-29 00:00:00,582,NBMUS560L0,670,actif,aucun,http://www.societequebecoisedebryologie.org/images/cartes/Orthotrichum_ohioense.jpg,2009
2025-06-19 00:00:00,2025-06-19 00:00:00,1031,,3019,actif,,,
2014-11-29 00:00:00,2014-11-29 00:00:00,583,NBMUS560M0,671,actif,aucun,http://www.societequebecoisedebryologie.org/images/cartes/Orthotrichum_pallens.jpg,2010
2014-11-29 00:00:00,2014-11-29 00:00:00,584,NBMUS560Q0,672,actif,aucun,http://www.societequebecoisedebryologie.org/images/cartes/Orthotrichum_pumilum.jpg,2011
2014-11-29 00:00:00,2014-11-29 00:00:00,588,NBMUS560Y0,676,actif,aucun,http://www.societequebecoisedebryologie.org/images/cartes/Orthotrichum_stellatum.jpg,2017
2014-11-29 00:00:00,2014-11-29 00:00:00,589,NBMUS560Z0,677,actif,aucun,http://www.societequebecoisedebryologie.org/images/cartes/Orthotrichum_strangulatum.jpg,2018
2014-11-29 00:00:00,2014-11-29 00:00:00,590,NBMUS2U010,678,actif,aucun,http://www.societequebecoisedebryologie.org/images/cartes/Oxyrrhynchium_hians.jpg,1878
2014-11-29 00:00:00,2014-11-29 00:00:00,161,NBHEP2F010,3446,actif,aucun,http://www.societequebecoisedebryologie.org/images/cartes/Pallavicinia_lyellii.jpg,1567
2014-11-29 00:00:00,2014-11-29 00:00:00,591,NBMUS58010,680,actif,aucun,http://www.societequebecoisedebryologie.org/images/cartes/Paludella_squarrosa.jpg,2019
2014-11-29 00:00:00,2014-11-29 00:00:00,594,NBMUS8B020,685,actif,aucun,http://www.societequebecoisedebryologie.org/images/cartes/Pelekium_minutulum.jpg,2255
2014-11-29 00:00:00,2014-11-29 00:00:00,595,NBMUS8B030,3504,actif,aucun,http://www.societequebecoisedebryologie.org/images/cartes/Pelekium_pygmaeum.jpg,2256
2014-11-29 00:00:00,2014-11-29 00:00:00,163,NBHEP2H020,190,actif,aucun,http://www.societequebecoisedebryologie.org/images/cartes/Pellia_epiphylla.jpg,1569
2014-11-29 00:00:00,2014-11-29 00:00:00,165,NBHEP2H030,192,actif,aucun,http://www.societequebecoisedebryologie.org/images/cartes/Pellia_neesiana.jpg,6820
2014-11-29 00:00:00,2014-11-29 00:00:00,4,NBANT03021,1038,actif,aucun,http://www.societequebecoisedebryologie.org/images/cartes/Phaeoceros_laevis_carolinianus.jpg,17127
2025-06-19 00:00:00,2025-06-19 00:00:00,1030,,3016,actif,,,
2014-11-29 00:00:00,2014-11-29 00:00:00,597,NBMUS5C021,3011,actif,aucun,http://www.societequebecoisedebryologie.org/images/cartes/Philonotis_fontana_americana.jpg,2024
2025-06-19 00:00:00,2025-06-19 00:00:00,1043,,1721,actif,,,
2014-11-29 00:00:00,2014-11-29 00:00:00,598,NBMUS5C020,3014,actif,aucun,http://www.societequebecoisedebryologie.org/images/cartes/Philonotis_fontana_fontana.jpg,2023
2014-11-29 00:00:00,2014-11-29 00:00:00,599,NBMUS5C060,695,actif,aucun,http://www.societequebecoisedebryologie.org/images/cartes/Philonotis_marchica.jpg,2027
2014-11-29 00:00:00,2014-11-29 00:00:00,600,NBMUS5C100,696,actif,aucun,http://www.societequebecoisedebryologie.org/images/cartes/Philonotis_tomentella.jpg,2026
2014-11-29 00:00:00,2014-11-29 00:00:00,602,NBMUS5E040,699,actif,aucun,http://www.societequebecoisedebryologie.org/images/cartes/Physcomitrium_immersum.jpg,2030
2014-11-29 00:00:00,2014-11-29 00:00:00,603,NBMUS5E070,3505,actif,aucun,http://www.societequebecoisedebryologie.org/images/cartes/Physcomitrium_pyriforme.jpg,2031
2014-11-29 00:00:00,2014-11-29 00:00:00,604,NBMUS5G010,701,actif,aucun,http://www.societequebecoisedebryologie.org/images/cartes/Plagiobryum_demissum.jpg,2032
2014-11-29 00:00:00,2014-11-29 00:00:00,605,NBMUS5G020,3507,actif,aucun,http://www.societequebecoisedebryologie.org/images/cartes/Plagiobryum_zieri.jpg,2033
2025-06-19 00:00:00,2025-06-19 00:00:00,1067,,2214,actif,,,
2014-11-29 00:00:00,2014-11-29 00:00:00,167,NBHEP2M0J1,194,actif,aucun,http://www.societequebecoisedebryologie.org/images/cartes/Plagiochila_porelloides_porelloides.jpg,10000
2014-11-29 00:00:00,2014-11-29 00:00:00,166,NBHEP2M033,193,actif,aucun,http://www.societequebecoisedebryologie.org/images/cartes/Plagiochila_porelloides_subarctica.jpg,15065
2014-11-29 00:00:00,2014-11-29 00:00:00,606,NBMUS81030,703,actif,aucun,http://www.societequebecoisedebryologie.org/images/cartes/Plagiomnium_ciliare.jpg,2235
2014-11-29 00:00:00,2014-11-29 00:00:00,608,NBMUS81050,705,actif,aucun,http://www.societequebecoisedebryologie.org/images/cartes/Plagiomnium_cuspidatum.jpg,2236
2014-11-29 00:00:00,2014-11-29 00:00:00,609,NBMUS81060,706,actif,aucun,http://www.societequebecoisedebryologie.org/images/cartes/Plagiomnium_drummondii.jpg,2237
2014-11-29 00:00:00,2014-11-29 00:00:00,610,NBMUS81010,707,actif,aucun,http://www.societequebecoisedebryologie.org/images/cartes/Plagiomnium_ellipticum.jpg,2234
2014-11-29 00:00:00,2014-11-29 00:00:00,611,NBMUS81090,708,actif,aucun,http://www.societequebecoisedebryologie.org/images/cartes/Plagiomnium_medium.jpg,2239
2014-11-29 00:00:00,2014-11-29 00:00:00,612,NBMUS81080,709,actif,aucun,http://www.societequebecoisedebryologie.org/images/cartes/Plagiomnium_rostratum.jpg,2238
2014-11-29 00:00:00,2014-11-29 00:00:00,613,NBMUS5H010,710,actif,aucun,http://www.societequebecoisedebryologie.org/images/cartes/Plagiopus_oederianus.jpg,2034
2014-11-29 00:00:00,2014-11-29 00:00:00,614,NBMUS5J010,711,actif,aucun,http://www.societequebecoisedebryologie.org/images/cartes/Plagiothecium_cavifolium.jpg,2035
2014-11-29 00:00:00,2014-11-29 00:00:00,615,NBMUS5J020,712,actif,aucun,http://www.societequebecoisedebryologie.org/images/cartes/Plagiothecium_denticulatum.jpg,2036
2014-11-29 00:00:00,2014-11-29 00:00:00,616,NBMUS5J030,713,actif,aucun,http://www.societequebecoisedebryologie.org/images/cartes/Plagiothecium_laetum.jpg,2037
2014-11-29 00:00:00,2014-11-29 00:00:00,617,NBMUS5J040,714,actif,aucun,http://www.societequebecoisedebryologie.org/images/cartes/Plagiothecium_latebricola.jpg,2038
2014-11-29 00:00:00,2014-11-29 00:00:00,620,NBMUS5K020,717,actif,aucun,http://www.societequebecoisedebryologie.org/images/cartes/Platydictya_jungermannioides.jpg,2041
2014-11-29 00:00:00,2025-12-18 00:00:00,621,,3323,inactif,"Le Platydictya minutissima était signalé pour le Québec dans la FBQL, mais cette mention était fondée sur des spécimens mal identifiés.",,2042
2014-11-29 00:00:00,2014-11-29 00:00:00,623,NBMUS5L020,720,actif,aucun,http://www.societequebecoisedebryologie.org/images/cartes/Platygyrium_repens.jpg,2044
2014-11-29 00:00:00,2014-11-29 00:00:00,624,NBMUS9X010,721,actif,aucun,http://www.societequebecoisedebryologie.org/images/cartes/Platylomella_lescurii.jpg,2293
2014-11-29 00:00:00,2014-11-29 00:00:00,625,NBMUS5M060,723,actif,aucun,http://www.societequebecoisedebryologie.org/images/cartes/Pleuridium_subulatum.jpg,2045
2014-11-29 00:00:00,2014-11-29 00:00:00,626,NBMUS5Q010,724,actif,aucun,http://www.societequebecoisedebryologie.org/images/cartes/Pleurozium_schreberi.jpg,2046
2014-11-29 00:00:00,2014-11-29 00:00:00,627,NBMUS5R040,725,actif,aucun,http://www.societequebecoisedebryologie.org/images/cartes/Pogonatum_dentatum.jpg,2047
2014-11-29 00:00:00,2014-11-29 00:00:00,628,NBMUS5R050,3508,actif,aucun,http://www.societequebecoisedebryologie.org/images/cartes/Pogonatum_pensilvanicum.jpg,2048
2014-11-29 00:00:00,2014-11-29 00:00:00,629,NBMUS5R060,727,actif,aucun,http://www.societequebecoisedebryologie.org/images/cartes/Pogonatum_urnigerum.jpg,2049
2014-11-29 00:00:00,2014-11-29 00:00:00,630,NBMUS5S0X0,728,actif,aucun,http://www.societequebecoisedebryologie.org/images/cartes/Pohlia_andalusica.jpg,2066
2014-11-29 00:00:00,2014-11-29 00:00:00,631,NBMUS5S010,729,actif,aucun,http://www.societequebecoisedebryologie.org/images/cartes/Pohlia_annotina.jpg,2050
2014-11-29 00:00:00,2014-11-29 00:00:00,632,NBMUS5S030,730,actif,aucun,http://www.societequebecoisedebryologie.org/images/cartes/Pohlia_bulbifera.jpg,2052
2014-11-29 00:00:00,2014-11-29 00:00:00,633,NBMUS5S070,731,actif,aucun,http://www.societequebecoisedebryologie.org/images/cartes/Pohlia_cruda.jpg,2053
2014-11-29 00:00:00,2014-11-29 00:00:00,634,NBMUS5S080,732,actif,aucun,http://www.societequebecoisedebryologie.org/images/cartes/Pohlia_crudoides.jpg,2054
2014-11-29 00:00:00,2014-11-29 00:00:00,635,NBMUS5S0A0,733,actif,aucun,http://www.societequebecoisedebryologie.org/images/cartes/Pohlia_drummondii.jpg,2055
2025-06-19 00:00:00,2025-06-19 00:00:00,1029,,3010,actif,,,
2014-11-29 00:00:00,2014-11-29 00:00:00,636,NBMUS5S0B0,3006,actif,aucun,http://www.societequebecoisedebryologie.org/images/cartes/Pohlia_elongata_elongata.jpg,2056
2014-11-29 00:00:00,2014-11-29 00:00:00,638,NBMUS5S0W0,736,actif,aucun,http://www.societequebecoisedebryologie.org/images/cartes/Pohlia_filum.jpg,2065
2014-11-29 00:00:00,2014-11-29 00:00:00,639,NBMUS5S0E0,737,actif,aucun,http://www.societequebecoisedebryologie.org/images/cartes/Pohlia_lescuriana.jpg,2058
2014-11-29 00:00:00,2014-11-29 00:00:00,640,NBMUS5S0G0,738,actif,aucun,http://www.societequebecoisedebryologie.org/images/cartes/Pohlia_longicolla.jpg,2059
2014-11-29 00:00:00,2014-11-29 00:00:00,641,NBMUS5S0V0,739,actif,aucun,http://www.societequebecoisedebryologie.org/images/cartes/Pohlia_melanodon.jpg,6863
2014-11-29 00:00:00,2014-11-29 00:00:00,642,NBMUS5S0J0,740,actif,aucun,http://www.societequebecoisedebryologie.org/images/cartes/Pohlia_nutans.jpg,2060
2014-11-29 00:00:00,2014-11-29 00:00:00,643,NBMUS5S0K0,741,actif,aucun,http://www.societequebecoisedebryologie.org/images/cartes/Pohlia_obtusifolia.jpg,2061
2014-11-29 00:00:00,2014-11-29 00:00:00,644,NBMUS5S0L0,3510,actif,aucun,http://www.societequebecoisedebryologie.org/images/cartes/Pohlia_proligera.jpg,2062
2014-11-29 00:00:00,2014-11-29 00:00:00,645,NBMUS5S0Q0,743,actif,aucun,http://www.societequebecoisedebryologie.org/images/cartes/Pohlia_sphagnicola.jpg,2063
2014-11-29 00:00:00,2014-11-29 00:00:00,646,NBMUS5S0T0,744,actif,aucun,http://www.societequebecoisedebryologie.org/images/cartes/Pohlia_wahlenbergii.jpg,2064
2025-06-19 00:00:00,2025-06-19 00:00:00,1058,,2132,actif,,,
2014-11-29 00:00:00,2014-11-29 00:00:00,647,NBMUS9S010,2125,actif,aucun,http://www.societequebecoisedebryologie.org/images/cartes/Polytrichastrum_alpinum_alpinum.jpg,2288
2014-11-29 00:00:00,2025-06-19 00:00:00,654,NBMUS9S020,754,inactif,Aucune variété reconnue; Polytrichastrum sexangulare var. sexangulare est reconnu à l'espèce sans variété.,http://www.societequebecoisedebryologie.org/images/cartes/Polytrichastrum_sexangulare_sexangulare.jpg,2076
2025-06-19 00:00:00,2025-06-19 00:00:00,1121,,3229,actif,Aucune variété reconnue; Polytrichastrum sexangulare var. sexangulare est reconnu à l'espèce sans variété.,,
2025-06-19 00:00:00,2025-06-19 00:00:00,1059,,2139,actif,,,
2014-11-29 00:00:00,2014-11-29 00:00:00,655,NBMUS5T010,2140,actif,aucun,http://www.societequebecoisedebryologie.org/images/cartes/Polytrichum_commune_commune.jpg,2067
2014-11-29 00:00:00,2014-11-29 00:00:00,657,NBMUS5T100,757,actif,aucun,http://www.societequebecoisedebryologie.org/images/cartes/Polytrichum_hyperboreum.jpg,2078
2014-11-29 00:00:00,2014-11-29 00:00:00,658,NBMUS5T016,758,actif,aucun,http://www.societequebecoisedebryologie.org/images/cartes/Polytrichum_jensenii.jpg,2069
2014-11-29 00:00:00,2014-11-29 00:00:00,659,NBMUS5T030,760,actif,aucun,http://www.societequebecoisedebryologie.org/images/cartes/Polytrichum_juniperinum.jpg,2071
2014-11-29 00:00:00,2014-11-29 00:00:00,651,NBMUS5T040,1296,actif,aucun,http://www.societequebecoisedebryologie.org/images/cartes/Polytrichastrum_longisetum.jpg,2072
2014-11-29 00:00:00,2014-11-29 00:00:00,652,NBMUS5T060,1297,actif,aucun,http://www.societequebecoisedebryologie.org/images/cartes/Polytrichastrum_ohioense.jpg,2073
2014-11-29 00:00:00,2014-11-29 00:00:00,653,NBMUS5T070,1298,actif,aucun,http://www.societequebecoisedebryologie.org/images/cartes/Polytrichastrum_pallidisetum.jpg,2074
2014-11-29 00:00:00,2014-11-29 00:00:00,656,NBMUS5T014,2144,actif,aucun,http://www.societequebecoisedebryologie.org/images/cartes/Polytrichum_commune_perigoniale.jpg,2068
2014-11-29 00:00:00,2014-11-29 00:00:00,660,NBMUS5T080,761,actif,aucun,http://www.societequebecoisedebryologie.org/images/cartes/Polytrichum_piliferum.jpg,2075
2014-11-29 00:00:00,2014-11-29 00:00:00,661,NBMUS5T0A0,762,actif,aucun,http://www.societequebecoisedebryologie.org/images/cartes/Polytrichum_strictum.jpg,2077
2014-11-29 00:00:00,2014-11-29 00:00:00,662,NBMUS5T120,763,actif,aucun,http://www.societequebecoisedebryologie.org/images/cartes/Polytrichum_swartzii.jpg,2079
2014-11-29 00:00:00,2014-11-29 00:00:00,170,NBHEP2Q040,198,actif,aucun,http://www.societequebecoisedebryologie.org/images/cartes/Porella_pinnata.jpg,1573
2014-11-29 00:00:00,2014-11-29 00:00:00,171,NBHEP2Q050,199,actif,aucun,http://www.societequebecoisedebryologie.org/images/cartes/Porella_platyphylla.jpg,1574
2014-11-29 00:00:00,2014-11-29 00:00:00,172,NBHEP2R010,201,actif,aucun,http://www.societequebecoisedebryologie.org/images/cartes/Prasanthus_suecicus.jpg,15066
2014-11-29 00:00:00,2014-11-29 00:00:00,221,NBHEP1Y0C0,252,actif,aucun,http://www.societequebecoisedebryologie.org/images/cartes/Schistochilopsis_grandiretis.jpg,1524
2014-11-29 00:00:00,2014-11-29 00:00:00,252,NBMUS0C010,3230,actif,aucun,http://www.societequebecoisedebryologie.org/images/cartes/Anomodon_attenuatus.jpg,1644
2014-11-29 00:00:00,2014-11-29 00:00:00,539,NBMUS41020,619,actif,aucun,http://www.societequebecoisedebryologie.org/images/cartes/Kiaeria_falcata.jpg,1967
2014-11-29 00:00:00,2014-11-29 00:00:00,663,NBMUS9N010,764,actif,aucun,http://www.societequebecoisedebryologie.org/images/cartes/Pseudobryum_cinclidioides.jpg,2279
2014-11-29 00:00:00,2014-11-29 00:00:00,667,NBMUS1J070,771,actif,aucun,http://www.societequebecoisedebryologie.org/images/cartes/Pseudocampylium_radicale.jpg,1757
2014-11-29 00:00:00,2014-11-29 00:00:00,672,NBMUS49010,777,actif,aucun,http://www.societequebecoisedebryologie.org/images/cartes/Pseudoleskeella_nervosa.jpg,1977
2014-11-29 00:00:00,2014-11-29 00:00:00,673,NBMUS60060,779,actif,aucun,http://www.societequebecoisedebryologie.org/images/cartes/Pseudoleskeella_rupestris.jpg,2086
2014-11-29 00:00:00,2014-11-29 00:00:00,674,NBMUS60030,3513,actif,aucun,http://www.societequebecoisedebryologie.org/images/cartes/Pseudoleskeella_tectorum.jpg,2084
2014-11-29 00:00:00,2014-11-29 00:00:00,676,NBMUS82020,785,actif,aucun,http://www.societequebecoisedebryologie.org/images/cartes/Pseudotaxiphyllum_elegans.jpg,2242
2014-11-29 00:00:00,2014-11-29 00:00:00,229,NBHEP3C030,1917,actif,aucun,http://www.societequebecoisedebryologie.org/images/cartes/Tritomaria_heterophylla.jpg,15069
2014-11-29 00:00:00,2014-11-29 00:00:00,677,NBMUS62010,786,actif,aucun,http://www.societequebecoisedebryologie.org/images/cartes/Psilopilum_cavifolium.jpg,2088
2014-11-29 00:00:00,2014-11-29 00:00:00,678,NBMUS62020,787,actif,aucun,http://www.societequebecoisedebryologie.org/images/cartes/Psilopilum_laevigatum.jpg,2089
2014-11-29 00:00:00,2014-11-29 00:00:00,679,NBMUS63010,788,actif,aucun,http://www.societequebecoisedebryologie.org/images/cartes/Pterigynandrum_filiforme.jpg,2090
2014-11-29 00:00:00,2014-11-29 00:00:00,680,NBMUS65040,789,actif,aucun,http://www.societequebecoisedebryologie.org/images/cartes/Pterygoneurum_ovatum.jpg,2091
2014-11-29 00:00:00,2014-11-29 00:00:00,175,NBHEP2U020,204,actif,aucun,http://www.societequebecoisedebryologie.org/images/cartes/Ptilidium_ciliare.jpg,1578
2014-11-29 00:00:00,2014-11-29 00:00:00,176,NBHEP2U030,205,actif,aucun,http://www.societequebecoisedebryologie.org/images/cartes/Ptilidium_pulcherrimum.jpg,1579
2014-11-29 00:00:00,2014-11-29 00:00:00,681,NBMUS66010,790,actif,aucun,http://www.societequebecoisedebryologie.org/images/cartes/Ptilium_crista-castrensis.jpg,2092
2014-11-29 00:00:00,2014-11-29 00:00:00,302,NBMUS1A190,345,actif,aucun,http://www.societequebecoisedebryologie.org/images/cartes/Bryum_archangelicum.jpg,17108
2014-11-29 00:00:00,2014-11-29 00:00:00,303,NBMUS1A060,349,actif,aucun,http://www.societequebecoisedebryologie.org/images/cartes/Bryum_arcticum.jpg,1706
2014-11-29 00:00:00,2014-11-29 00:00:00,305,NBMUS1A0Z1,352,actif,aucun,http://www.societequebecoisedebryologie.org/images/cartes/Bryum_bimum.jpg,1722
2014-11-29 00:00:00,2014-11-29 00:00:00,309,NBMUS1A0E0,357,actif,aucun,http://www.societequebecoisedebryologie.org/images/cartes/Bryum_calophyllum.jpg,1709
2014-11-29 00:00:00,2014-11-29 00:00:00,333,NBMUS1A1B0,384,actif,aucun,http://www.societequebecoisedebryologie.org/images/cartes/Bryum_uliginosum.jpg,1727
2025-06-19 00:00:00,2025-06-19 00:00:00,1063,,2191,actif,,,
2025-06-19 00:00:00,2025-06-19 00:00:00,1064,,2192,actif,,,
2014-11-29 00:00:00,2014-11-29 00:00:00,301,NBMUS1A030,343,actif,aucun,http://www.societequebecoisedebryologie.org/images/cartes/Bryum_algovicum.jpg,1704
2014-11-29 00:00:00,2014-11-29 00:00:00,311,NBMUS1A1J1,359,actif,aucun,http://www.societequebecoisedebryologie.org/images/cartes/Bryum_creberrimum.jpg,1733
2014-11-29 00:00:00,2014-11-29 00:00:00,312,NBMUS1A340,361,actif,aucun,http://www.societequebecoisedebryologie.org/images/cartes/Bryum_cryophilum.jpg,1740
2014-11-29 00:00:00,2014-11-29 00:00:00,313,NBMUSA3010,362,actif,aucun,http://www.societequebecoisedebryologie.org/images/cartes/Bryum_cyclophyllum.jpg,1731
2014-11-29 00:00:00,2014-11-29 00:00:00,320,NBMUS1A0P0,370,actif,aucun,http://www.societequebecoisedebryologie.org/images/cartes/Bryum_knowltonii.jpg,1713
2014-11-29 00:00:00,2014-11-29 00:00:00,885,,1884,actif,aucun,,1714
2014-11-29 00:00:00,2025-12-18 00:00:00,322,,373,inactif,Aucune variété n'est reconnue; le taxon Bryum longisetum inclut B. longisetum var. longisetum et B. longisetum var. labradorense.,,17111
2014-11-29 00:00:00,2025-12-18 00:00:00,323,NBMUS1A0R0,374,inactif,Aucune variété n'est reconnue; le taxon Bryum longisetum inclut B. longisetum var. longisetum et B. longisetum var. labradorense.,http://www.societequebecoisedebryologie.org/images/cartes/Bryum_longisetum_longisetum.jpg,
2014-11-29 00:00:00,2014-11-29 00:00:00,324,NBMUS1A0S0,375,actif,aucun,http://www.societequebecoisedebryologie.org/images/cartes/Bryum_marratii.jpg,15266
2014-11-29 00:00:00,2014-11-29 00:00:00,326,NBMUS1A0X0,377,actif,aucun,http://www.societequebecoisedebryologie.org/images/cartes/Bryum_pallens.jpg,1719
2014-11-29 00:00:00,2014-11-29 00:00:00,327,NBMUS1A0Y0,378,actif,aucun,http://www.societequebecoisedebryologie.org/images/cartes/Bryum_pallescens.jpg,1720
2014-11-29 00:00:00,2014-11-29 00:00:00,328,NBMUS1A0Z0,379,actif,aucun,http://www.societequebecoisedebryologie.org/images/cartes/Bryum_pseudotriquetrum.jpg,1721
2014-11-29 00:00:00,2014-11-29 00:00:00,330,NBMUS1A130,381,actif,aucun,http://www.societequebecoisedebryologie.org/images/cartes/Bryum_salinum.jpg,1724
2014-11-29 00:00:00,2014-11-29 00:00:00,332,NBMUS1A1A0,383,actif,aucun,http://www.societequebecoisedebryologie.org/images/cartes/Bryum_turbinatum.jpg,1726
2014-11-29 00:00:00,2014-11-29 00:00:00,336,NBMUS1A330,3467,actif,aucun,http://www.societequebecoisedebryologie.org/images/cartes/Bryum_warneum.jpg,1739
2014-11-29 00:00:00,2014-11-29 00:00:00,337,NBMUS1A1D0,3468,actif,aucun,http://www.societequebecoisedebryologie.org/images/cartes/Bryum_weigelii.jpg,1729
2014-11-29 00:00:00,2014-11-29 00:00:00,682,NBMUS68010,791,actif,aucun,http://www.societequebecoisedebryologie.org/images/cartes/Pylaisia_intricata.jpg,2093
2014-11-29 00:00:00,2014-11-29 00:00:00,683,NBMUS68020,793,actif,aucun,http://www.societequebecoisedebryologie.org/images/cartes/Pylaisia_polyantha.jpg,2094
2014-11-29 00:00:00,2014-11-29 00:00:00,684,NBMUS68030,1947,actif,aucun,http://www.societequebecoisedebryologie.org/images/cartes/Pylaisia_selwynii.jpg,2095
2014-11-29 00:00:00,2014-11-29 00:00:00,687,NBMUS6B040,801,actif,aucun,http://www.societequebecoisedebryologie.org/images/cartes/Racomitrium_canescens_canescens.jpg,2098
2014-11-29 00:00:00,2014-11-29 00:00:00,692,NBMUS6B080,811,actif,aucun,http://www.societequebecoisedebryologie.org/images/cartes/Racomitrium_lanuginosum.jpg,2102
2014-11-29 00:00:00,2014-11-29 00:00:00,177,NBHEP2V040,206,actif,aucun,http://www.societequebecoisedebryologie.org/images/cartes/Radula_complanata.jpg,1580
2014-11-29 00:00:00,2014-11-29 00:00:00,697,NBMUS9B020,820,actif,aucun,http://www.societequebecoisedebryologie.org/images/cartes/Rauiella_scita.jpg,2274
2025-06-19 00:00:00,2025-06-19 00:00:00,1068,,3069,actif,,,
2014-11-29 00:00:00,2014-11-29 00:00:00,178,NBHEP2W010,207,actif,aucun,http://www.societequebecoisedebryologie.org/images/cartes/Reboulia_hemisphaerica.jpg,1582
2014-11-29 00:00:00,2014-11-29 00:00:00,618,NBMUS5J050,3232,actif,aucun,http://www.societequebecoisedebryologie.org/images/cartes/Plagiothecium_piliferum.jpg,2039
2014-11-29 00:00:00,2014-11-29 00:00:00,698,NBMUS6A020,3517,actif,aucun,http://www.societequebecoisedebryologie.org/images/cartes/Rhabdoweisia_crispata.jpg,2096
2014-11-29 00:00:00,2014-11-29 00:00:00,699,NBMUS9Q030,823,actif,aucun,http://www.societequebecoisedebryologie.org/images/cartes/Rhizomnium_andrewsianum.jpg,2281
2014-11-29 00:00:00,2014-11-29 00:00:00,700,NBMUS9Q070,824,actif,aucun,http://www.societequebecoisedebryologie.org/images/cartes/Rhizomnium_appalachianum.jpg,2284
2014-11-29 00:00:00,2014-11-29 00:00:00,701,NBMUS9Q020,825,actif,aucun,http://www.societequebecoisedebryologie.org/images/cartes/Rhizomnium_gracile.jpg,2280
2014-11-29 00:00:00,2014-11-29 00:00:00,702,NBMUS9Q080,826,actif,aucun,http://www.societequebecoisedebryologie.org/images/cartes/Rhizomnium_magnifolium.jpg,2285
2014-11-29 00:00:00,2014-11-29 00:00:00,703,NBMUS9Q050,827,actif,aucun,http://www.societequebecoisedebryologie.org/images/cartes/Rhizomnium_pseudopunctatum.jpg,2282
2014-11-29 00:00:00,2014-11-29 00:00:00,704,NBMUS9Q060,828,actif,aucun,http://www.societequebecoisedebryologie.org/images/cartes/Rhizomnium_punctatum.jpg,2283
2014-11-29 00:00:00,2014-11-29 00:00:00,705,NBMUS6F020,829,actif,aucun,http://www.societequebecoisedebryologie.org/images/cartes/Rhodobryum_ontariense.jpg,2109
2014-11-29 00:00:00,2014-11-29 00:00:00,708,NBMUS6J010,833,actif,aucun,http://www.societequebecoisedebryologie.org/images/cartes/Rhytidiadelphus_loreus.jpg,2110
2014-11-29 00:00:00,2014-11-29 00:00:00,709,NBMUS6J040,834,actif,aucun,http://www.societequebecoisedebryologie.org/images/cartes/Rhytidiadelphus_subpinnatus.jpg,2113
2014-11-29 00:00:00,2014-11-29 00:00:00,179,NBHEP2Y010,208,actif,aucun,http://www.societequebecoisedebryologie.org/images/cartes/Riccardia_chamedryfolia.jpg,1583
2014-11-29 00:00:00,2014-11-29 00:00:00,180,NBHEP2Y030,209,actif,aucun,http://www.societequebecoisedebryologie.org/images/cartes/Riccardia_latifrons.jpg,1584
2014-11-29 00:00:00,2014-11-29 00:00:00,181,NBHEP2Y040,210,actif,aucun,http://www.societequebecoisedebryologie.org/images/cartes/Riccardia_multifida.jpg,1585
2014-11-29 00:00:00,2014-11-29 00:00:00,182,NBHEP2Y050,211,actif,aucun,http://www.societequebecoisedebryologie.org/images/cartes/Riccardia_palmata.jpg,1586
2014-11-29 00:00:00,2014-11-29 00:00:00,886,NBHEP2Z030,1925,actif,aucun,,30007
2014-11-29 00:00:00,2014-11-29 00:00:00,183,NBHEP2Z040,212,actif,aucun,http://www.societequebecoisedebryologie.org/images/cartes/Riccia_bifurca.jpg,1587
2014-11-29 00:00:00,2014-11-29 00:00:00,184,NBHEP2Z080,213,actif,aucun,http://www.societequebecoisedebryologie.org/images/cartes/Riccia_cavernosa.jpg,15048
2014-11-29 00:00:00,2014-11-29 00:00:00,185,NBHEP2Z0D0,214,actif,aucun,http://www.societequebecoisedebryologie.org/images/cartes/Riccia_fluitans.jpg,1588
2014-11-29 00:00:00,2014-11-29 00:00:00,186,NBHEP2Z0E0,215,actif,aucun,http://www.societequebecoisedebryologie.org/images/cartes/Riccia_frostii.jpg,1589
2025-06-19 00:00:00,2025-06-19 00:00:00,1113,,3113,actif,,,
2014-11-29 00:00:00,2014-11-29 00:00:00,187,NBHEP2Z0N0,216,actif,aucun,http://www.societequebecoisedebryologie.org/images/cartes/Riccia_huebeneriana_sullivantii.jpg,1590
2014-11-29 00:00:00,2014-11-29 00:00:00,188,NBHEP2Z0U0,217,actif,aucun,http://www.societequebecoisedebryologie.org/images/cartes/Riccia_rhenana.jpg,15049
2014-11-29 00:00:00,2014-11-29 00:00:00,189,NBHEP2Z0M0,218,actif,aucun,http://www.societequebecoisedebryologie.org/images/cartes/Riccia_sorocarpa.jpg,15050
2014-11-29 00:00:00,2014-11-29 00:00:00,190,NBHEP30010,219,actif,aucun,http://www.societequebecoisedebryologie.org/images/cartes/Ricciocarpos_natans.jpg,1591
2014-11-29 00:00:00,2014-11-29 00:00:00,534,NBMUS3V0H0,3233,actif,aucun,http://www.societequebecoisedebryologie.org/images/cartes/Hypnum_revolutum.jpg,1958
2014-11-29 00:00:00,2014-11-29 00:00:00,310,NBMUS1A0G0,358,actif,aucun,http://www.societequebecoisedebryologie.org/images/cartes/Bryum_capillare.jpg,1710
2014-11-29 00:00:00,2014-11-29 00:00:00,329,NBMUS1A290,380,actif,aucun,http://www.societequebecoisedebryologie.org/images/cartes/Bryum_rubens.jpg,15072
2014-11-29 00:00:00,2014-11-29 00:00:00,712,NBMUS6N010,837,actif,aucun,http://www.societequebecoisedebryologie.org/images/cartes/Saelania_glaucescens.jpg,2115
2014-11-29 00:00:00,2014-11-29 00:00:00,713,NBMUS89020,838,actif,aucun,http://www.societequebecoisedebryologie.org/images/cartes/Sanionia_orthothecioides.jpg,15077
2014-11-29 00:00:00,2014-11-29 00:00:00,714,NBMUS89010,840,actif,aucun,http://www.societequebecoisedebryologie.org/images/cartes/Sanionia_uncinata.jpg,2252
2014-11-29 00:00:00,2014-11-29 00:00:00,715,NBMUS88010,1818,actif,aucun,http://www.societequebecoisedebryologie.org/images/cartes/Sarmentypnum_exannulatum.jpg,2246
2014-11-29 00:00:00,2014-11-29 00:00:00,717,NBMUS88070,1823,actif,aucun,http://www.societequebecoisedebryologie.org/images/cartes/Sarmentypnum_tundrae.jpg,2250
2014-11-29 00:00:00,2014-11-29 00:00:00,191,NBHEP32010,220,actif,aucun,http://www.societequebecoisedebryologie.org/images/cartes/Sauteria_alpina.jpg,1592
2014-11-29 00:00:00,2014-11-29 00:00:00,192,NBHEP33030,221,actif,aucun,http://www.societequebecoisedebryologie.org/images/cartes/Scapania_apiculata.jpg,1593
2014-11-29 00:00:00,2014-11-29 00:00:00,196,NBHEP33090,225,actif,aucun,http://www.societequebecoisedebryologie.org/images/cartes/Scapania_crassiretis.jpg,1595
2014-11-29 00:00:00,2014-11-29 00:00:00,197,NBHEP330A0,226,actif,aucun,http://www.societequebecoisedebryologie.org/images/cartes/Scapania_curta.jpg,1596
2014-11-29 00:00:00,2014-11-29 00:00:00,198,NBHEP330B0,227,actif,aucun,http://www.societequebecoisedebryologie.org/images/cartes/Scapania_cuspiduligera.jpg,1597
2014-11-29 00:00:00,2014-11-29 00:00:00,199,NBHEP330D0,228,actif,aucun,http://www.societequebecoisedebryologie.org/images/cartes/Scapania_glaucocephala.jpg,1599
2014-11-29 00:00:00,2014-11-29 00:00:00,200,NBHEP330E0,229,actif,aucun,http://www.societequebecoisedebryologie.org/images/cartes/Scapania_gymnostomophila.jpg,1600
2025-06-19 00:00:00,2025-06-19 00:00:00,1114,,3114,actif,,,
2014-11-29 00:00:00,2014-11-29 00:00:00,202,NBHEP330H0,231,actif,aucun,http://www.societequebecoisedebryologie.org/images/cartes/Scapania_irrigua_irrigua.jpg,1602
2014-11-29 00:00:00,2014-11-29 00:00:00,203,NBHEP330H2,232,actif,aucun,http://www.societequebecoisedebryologie.org/images/cartes/Scapania_irrigua_rufescens.jpg,1603
2014-11-29 00:00:00,2014-11-29 00:00:00,204,NBHEP33180,233,actif,aucun,http://www.societequebecoisedebryologie.org/images/cartes/Scapania_kaurinii.jpg,15067
2014-11-29 00:00:00,2014-11-29 00:00:00,205,NBHEP330K0,234,actif,aucun,http://www.societequebecoisedebryologie.org/images/cartes/Scapania_ligulifolia.jpg,1604
2014-11-29 00:00:00,2014-11-29 00:00:00,206,NBHEP330N0,235,actif,aucun,http://www.societequebecoisedebryologie.org/images/cartes/Scapania_mucronata.jpg,1605
2014-11-29 00:00:00,2014-11-29 00:00:00,207,NBHEP330P0,236,actif,aucun,http://www.societequebecoisedebryologie.org/images/cartes/Scapania_nemorea.jpg,1606
2014-11-29 00:00:00,2014-11-29 00:00:00,208,NBHEP330Q0,238,actif,aucun,http://www.societequebecoisedebryologie.org/images/cartes/Scapania_obcordata.jpg,1607
2025-06-19 00:00:00,2025-06-19 00:00:00,1115,,3115,actif,,,
2014-11-29 00:00:00,2014-11-29 00:00:00,209,NBHEP330S0,239,actif,aucun,http://www.societequebecoisedebryologie.org/images/cartes/Scapania_paludicola_paludicola.jpg,1608
2014-11-29 00:00:00,2014-11-29 00:00:00,211,NBHEP330T0,241,actif,aucun,http://www.societequebecoisedebryologie.org/images/cartes/Scapania_paludosa.jpg,1610
2014-11-29 00:00:00,2014-11-29 00:00:00,212,NBHEP330N1,242,actif,aucun,http://www.societequebecoisedebryologie.org/images/cartes/Scapania_praetervisa.jpg,15068
2014-11-29 00:00:00,2014-11-29 00:00:00,895,,1931,actif,aucun,,30013
2014-11-29 00:00:00,2014-11-29 00:00:00,214,NBHEP33100,244,actif,aucun,http://www.societequebecoisedebryologie.org/images/cartes/Scapania_serrulata.jpg,17132
2014-11-29 00:00:00,2014-11-29 00:00:00,215,NBHEP33120,3235,actif,aucun,http://www.societequebecoisedebryologie.org/images/cartes/Scapania_spitzbergensis.jpg,1613
2014-11-29 00:00:00,2014-11-29 00:00:00,216,NBHEP33130,246,actif,aucun,http://www.societequebecoisedebryologie.org/images/cartes/Scapania_subalpina.jpg,1614
2014-11-29 00:00:00,2014-11-29 00:00:00,217,NBHEP33150,247,actif,aucun,http://www.societequebecoisedebryologie.org/images/cartes/Scapania_uliginosa.jpg,1615
2014-11-29 00:00:00,2014-11-29 00:00:00,218,NBHEP33160,248,actif,aucun,http://www.societequebecoisedebryologie.org/images/cartes/Scapania_umbrosa.jpg,1616
2014-11-29 00:00:00,2014-11-29 00:00:00,219,NBHEP33170,249,actif,aucun,http://www.societequebecoisedebryologie.org/images/cartes/Scapania_undulata.jpg,1617
2014-11-29 00:00:00,2014-11-29 00:00:00,718,NBMUS95010,851,actif,aucun,http://www.societequebecoisedebryologie.org/images/cartes/Schistidium_agassizii.jpg,2261
2014-11-29 00:00:00,2014-11-29 00:00:00,719,NBMUS95030,852,actif,aucun,http://www.societequebecoisedebryologie.org/images/cartes/Schistidium_apocarpum.jpg,2264
2014-11-29 00:00:00,2014-11-29 00:00:00,720,NBMUS95120,853,actif,aucun,http://www.societequebecoisedebryologie.org/images/cartes/Schistidium_atrichum.jpg,17133
2014-11-29 00:00:00,2014-11-29 00:00:00,721,NBMUS95130,854,actif,aucun,http://www.societequebecoisedebryologie.org/images/cartes/Schistidium_boreale.jpg,15357
2014-11-29 00:00:00,2014-11-29 00:00:00,722,NBMUS95037,855,actif,aucun,http://www.societequebecoisedebryologie.org/images/cartes/Schistidium_canadense.jpg,16551
2014-11-29 00:00:00,2014-11-29 00:00:00,723,NBMUS95150,857,actif,aucun,http://www.societequebecoisedebryologie.org/images/cartes/Schistidium_crassipilum.jpg,15351
2014-11-29 00:00:00,2014-11-29 00:00:00,902,,3236,actif,aucun,,30269
2014-11-29 00:00:00,2014-11-29 00:00:00,724,NBMUS95210,858,actif,aucun,http://www.societequebecoisedebryologie.org/images/cartes/Schistidium_cryptocarpum.jpg,15356
2014-11-29 00:00:00,2014-11-29 00:00:00,725,NBMUS95160,859,actif,aucun,http://www.societequebecoisedebryologie.org/images/cartes/Schistidium_dupretii.jpg,15358
2014-11-29 00:00:00,2014-11-29 00:00:00,726,NBMUS95300,860,actif,aucun,http://www.societequebecoisedebryologie.org/images/cartes/Schistidium_flexipile.jpg,15352
2014-11-29 00:00:00,2014-11-29 00:00:00,727,NBMUS95170,861,actif,aucun,http://www.societequebecoisedebryologie.org/images/cartes/Schistidium_frigidum.jpg,15359
2014-11-29 00:00:00,2014-11-29 00:00:00,728,NBMUS95310,862,actif,aucun,http://www.societequebecoisedebryologie.org/images/cartes/Schistidium_grandirete.jpg,15353
2014-11-29 00:00:00,2014-11-29 00:00:00,729,NBMUS95100,2177,actif,aucun,http://www.societequebecoisedebryologie.org/images/cartes/Schistidium_holmenianum.jpg,2266
2014-11-29 00:00:00,2014-11-29 00:00:00,730,NBMUS95280,864,actif,aucun,http://www.societequebecoisedebryologie.org/images/cartes/Schistidium_liliputanum.jpg,15362
2014-11-29 00:00:00,2014-11-29 00:00:00,732,NBMUS95320,866,actif,aucun,http://www.societequebecoisedebryologie.org/images/cartes/Schistidium_papillosum.jpg,15360
2014-11-29 00:00:00,2025-12-18 00:00:00,889,NBMUS950A1,5686,inactif,Aucune sous-espèce n'est reconnue. L'espèce Schistidium platyphyllum n'est pas mentionnée par Buck & Goffinet (2024).,,30003
2025-12-18 00:00:00,2025-12-18 00:00:00,1122,NBMUS950A0,3237,actif,Aucune sous-espèce n'est reconnue. L'espèce Schistidium platyphyllum n'est pas mentionnée par Buck & Goffinet (2024).,,2263
2014-11-29 00:00:00,2014-11-29 00:00:00,733,NBMUS95240,867,actif,aucun,http://www.societequebecoisedebryologie.org/images/cartes/Schistidium_pulchrum.jpg,15361
2014-11-29 00:00:00,2014-11-29 00:00:00,734,NBMUS95020,868,actif,aucun,http://www.societequebecoisedebryologie.org/images/cartes/Schistidium_rivulare.jpg,2262
2014-11-29 00:00:00,2014-11-29 00:00:00,735,NBMUS95190,869,actif,aucun,http://www.societequebecoisedebryologie.org/images/cartes/Schistidium_robustum.jpg,15354
2014-11-29 00:00:00,2014-11-29 00:00:00,736,NBMUS95110,870,actif,aucun,http://www.societequebecoisedebryologie.org/images/cartes/Schistidium_trichodon.jpg,2267
2014-11-29 00:00:00,2014-11-29 00:00:00,737,NBMUS95330,871,actif,aucun,http://www.societequebecoisedebryologie.org/images/cartes/Schistidium_venetum.jpg,15355
2014-11-29 00:00:00,2014-11-29 00:00:00,738,NBMUS95290,872,actif,aucun,http://www.societequebecoisedebryologie.org/images/cartes/Schistidium_viride.jpg,16550
2014-11-29 00:00:00,2014-11-29 00:00:00,739,NBMUS6P010,873,actif,aucun,http://www.societequebecoisedebryologie.org/images/cartes/Schistostega_pennata.jpg,2116
2014-11-29 00:00:00,2014-11-29 00:00:00,11,NBHEP04070,15,actif,aucun,http://www.societequebecoisedebryologie.org/images/cartes/Anastrophyllum_sphenoloboides.jpg,17104
2014-11-29 00:00:00,2014-11-29 00:00:00,26,NBHEP0E090,1869,actif,aucun,http://www.societequebecoisedebryologie.org/images/cartes/Barbilophozia_kunzeana.jpg,1426
2014-11-29 00:00:00,2014-11-29 00:00:00,28,NBHEP0E0B0,3238,actif,aucun,http://www.societequebecoisedebryologie.org/images/cartes/Barbilophozia_quadriloba.jpg,1428
2014-11-29 00:00:00,2014-11-29 00:00:00,280,NBMUS0Z0Z0,1489,actif,aucun,http://www.societequebecoisedebryologie.org/images/cartes/Brachythecium_curtum.jpg,17105
2014-11-29 00:00:00,2014-11-29 00:00:00,283,NBMUS0Z1D0,1491,actif,aucun,http://www.societequebecoisedebryologie.org/images/cartes/Brachythecium_glaciale.jpg,1698
2014-11-29 00:00:00,2014-11-29 00:00:00,285,NBMUS0Z0J0,1496,actif,aucun,http://www.societequebecoisedebryologie.org/images/cartes/Brachythecium_latifolium.jpg,1684
2014-11-29 00:00:00,2014-11-29 00:00:00,286,NBMUS0Z0L0,1497,actif,aucun,http://www.societequebecoisedebryologie.org/images/cartes/Brachythecium_plumosum.jpg,1687
2014-11-29 00:00:00,2014-11-29 00:00:00,287,NBMUS0Z0M0,1500,actif,aucun,http://www.societequebecoisedebryologie.org/images/cartes/Brachythecium_populeum.jpg,1688
2014-11-29 00:00:00,2014-11-29 00:00:00,288,NBMUS0Z0N0,1501,actif,aucun,http://www.societequebecoisedebryologie.org/images/cartes/Brachythecium_reflexum.jpg,1689
2014-11-29 00:00:00,2014-11-29 00:00:00,292,NBMUS0Z0T0,1502,actif,aucun,http://www.societequebecoisedebryologie.org/images/cartes/Brachythecium_starkii.jpg,1694
2014-11-29 00:00:00,2014-11-29 00:00:00,741,NBMUS93020,875,actif,aucun,http://www.societequebecoisedebryologie.org/images/cartes/Scorpidium_cossonii.jpg,1861
2014-11-29 00:00:00,2014-11-29 00:00:00,742,NBMUS2J0K0,878,actif,aucun,http://www.societequebecoisedebryologie.org/images/cartes/Scorpidium_revolvens.jpg,1860
2014-11-29 00:00:00,2014-11-29 00:00:00,743,NBMUS6V010,880,actif,aucun,http://www.societequebecoisedebryologie.org/images/cartes/Scorpidium_scorpioides.jpg,2118
2014-11-29 00:00:00,2014-11-29 00:00:00,744,NBMUS6X090,3525,actif,aucun,http://www.societequebecoisedebryologie.org/images/cartes/Seligeria_brevifolia.jpg,6871
2014-11-29 00:00:00,2014-11-29 00:00:00,745,NBMUS6X010,882,actif,aucun,http://www.societequebecoisedebryologie.org/images/cartes/Seligeria_calcarea.jpg,2119
2014-11-29 00:00:00,2014-11-29 00:00:00,748,NBMUS6X030,885,actif,aucun,http://www.societequebecoisedebryologie.org/images/cartes/Seligeria_donniana.jpg,2121
2014-11-29 00:00:00,2014-11-29 00:00:00,749,NBMUS6X100,886,actif,aucun,http://www.societequebecoisedebryologie.org/images/cartes/Seligeria_oelandica.jpg,2126
2014-11-29 00:00:00,2014-11-29 00:00:00,751,NBMUS6X080,888,actif,aucun,http://www.societequebecoisedebryologie.org/images/cartes/Seligeria_tristichoides.jpg,2124
2014-11-29 00:00:00,2014-11-29 00:00:00,619,NBMUS5K010,1943,actif,aucun,http://www.societequebecoisedebryologie.org/images/cartes/Platydictya_confervoides.jpg,17128
2014-11-29 00:00:00,2014-11-29 00:00:00,101,NBHEP1P040,1107,actif,aucun,http://www.societequebecoisedebryologie.org/images/cartes/Jungermannia_crenuliformis.jpg,1498
2014-11-29 00:00:00,2014-11-29 00:00:00,103,NBHEP1P080,1113,actif,aucun,http://www.societequebecoisedebryologie.org/images/cartes/Jungermannia_gracillima.jpg,1500
2014-11-29 00:00:00,2014-11-29 00:00:00,104,NBHEP1P090,1115,actif,aucun,http://www.societequebecoisedebryologie.org/images/cartes/Jungermannia_hyalina.jpg,1501
2014-11-29 00:00:00,2014-11-29 00:00:00,752,NBMUS6Z210,889,actif,aucun,http://www.societequebecoisedebryologie.org/images/cartes/Sphagnum_affine.jpg,6878
2014-11-29 00:00:00,2014-11-29 00:00:00,753,NBMUS6Z010,890,actif,aucun,http://www.societequebecoisedebryologie.org/images/cartes/Sphagnum_angermanicum.jpg,2127
2014-11-29 00:00:00,2014-11-29 00:00:00,755,NBMUS6Z020,892,actif,aucun,http://www.societequebecoisedebryologie.org/images/cartes/Sphagnum_annulatum.jpg,2128
2014-11-29 00:00:00,2014-11-29 00:00:00,756,NBMUS6Z030,893,actif,aucun,http://www.societequebecoisedebryologie.org/images/cartes/Sphagnum_aongstroemii.jpg,2129
2014-11-29 00:00:00,2014-11-29 00:00:00,757,NBMUS6Z390,894,actif,aucun,http://www.societequebecoisedebryologie.org/images/cartes/Sphagnum_arcticum.jpg,15078
2014-11-29 00:00:00,2014-11-29 00:00:00,758,NBMUS6Z1R0,895,actif,aucun,http://www.societequebecoisedebryologie.org/images/cartes/Sphagnum_austinii.jpg,17134
2014-11-29 00:00:00,2014-11-29 00:00:00,759,NBMUS6Z040,896,actif,aucun,http://www.societequebecoisedebryologie.org/images/cartes/Sphagnum_balticum.jpg,2130
2014-11-29 00:00:00,2014-11-29 00:00:00,908,,3240,actif,aucun,,
2014-11-29 00:00:00,2014-11-29 00:00:00,760,NBMUS6Z050,897,actif,aucun,http://www.societequebecoisedebryologie.org/images/cartes/Sphagnum_capillifolium.jpg,2131
2014-11-29 00:00:00,2014-11-29 00:00:00,761,NBMUS6Z060,898,actif,aucun,http://www.societequebecoisedebryologie.org/images/cartes/Sphagnum_centrale.jpg,2132
2014-11-29 00:00:00,2014-11-29 00:00:00,762,NBMUS6Z070,899,actif,aucun,http://www.societequebecoisedebryologie.org/images/cartes/Sphagnum_compactum.jpg,2133
2014-11-29 00:00:00,2014-11-29 00:00:00,763,NBMUS6Z0A2,900,actif,aucun,http://www.societequebecoisedebryologie.org/images/cartes/Sphagnum_concinnum.jpg,15081
2014-11-29 00:00:00,2014-11-29 00:00:00,764,NBMUS6Z1T0,901,actif,aucun,http://www.societequebecoisedebryologie.org/images/cartes/Sphagnum_contortum.jpg,2166
2014-11-29 00:00:00,2014-11-29 00:00:00,765,NBMUS6Z080,902,actif,aucun,http://www.societequebecoisedebryologie.org/images/cartes/Sphagnum_cuspidatum.jpg,2134
2014-11-29 00:00:00,2014-11-29 00:00:00,767,NBMUS6Z0A0,904,actif,aucun,http://www.societequebecoisedebryologie.org/images/cartes/Sphagnum_fimbriatum.jpg,2135
2014-11-29 00:00:00,2014-11-29 00:00:00,768,NBMUS6Z0C0,905,actif,aucun,http://www.societequebecoisedebryologie.org/images/cartes/Sphagnum_flavicomans.jpg,2136
2014-11-29 00:00:00,2014-11-29 00:00:00,769,NBMUS6Z1W0,906,actif,aucun,http://www.societequebecoisedebryologie.org/images/cartes/Sphagnum_flexuosum.jpg,2169
2014-11-29 00:00:00,2014-11-29 00:00:00,770,NBMUS6Z0D0,907,actif,aucun,http://www.societequebecoisedebryologie.org/images/cartes/Sphagnum_fuscum.jpg,2137
2014-11-29 00:00:00,2014-11-29 00:00:00,771,NBMUS6Z0E0,908,actif,aucun,http://www.societequebecoisedebryologie.org/images/cartes/Sphagnum_girgensohnii.jpg,2138
2014-11-29 00:00:00,2014-11-29 00:00:00,899,NBMUS6Z580,1952,actif,aucun,,30026
2014-11-29 00:00:00,2014-11-29 00:00:00,772,NBMUS6Z1Y0,909,actif,aucun,http://www.societequebecoisedebryologie.org/images/cartes/Sphagnum_jensenii.jpg,2171
2014-11-29 00:00:00,2014-11-29 00:00:00,773,NBMUS6Z0J0,3528,actif,aucun,http://www.societequebecoisedebryologie.org/images/cartes/Sphagnum_lenense.jpg,2139
2014-11-29 00:00:00,2014-11-29 00:00:00,774,NBMUS6Z1X0,911,actif,aucun,http://www.societequebecoisedebryologie.org/images/cartes/Sphagnum_lescurii.jpg,17136
2014-11-29 00:00:00,2014-11-29 00:00:00,775,NBMUS6Z0K0,912,actif,aucun,http://www.societequebecoisedebryologie.org/images/cartes/Sphagnum_lindbergii.jpg,2140
2014-11-29 00:00:00,2014-11-29 00:00:00,779,NBMUS6Z450,3531,actif,aucun,http://www.societequebecoisedebryologie.org/images/cartes/Sphagnum_mirum.jpg,16560
2014-11-29 00:00:00,2014-11-29 00:00:00,875,NBMUS6Z0R0,1029,actif,aucun,http://www.societequebecoisedebryologie.org/images/cartes/Sphagnum_molle.jpg,2143
2014-11-29 00:00:00,2014-11-29 00:00:00,780,NBMUS6Z0S0,917,actif,aucun,http://www.societequebecoisedebryologie.org/images/cartes/Sphagnum_obtusum.jpg,2144
2014-11-29 00:00:00,2014-11-29 00:00:00,781,NBMUS6Z470,918,actif,aucun,http://www.societequebecoisedebryologie.org/images/cartes/Sphagnum_olafii.jpg,16562
2014-11-29 00:00:00,2014-11-29 00:00:00,782,NBMUS6Z220,919,actif,aucun,http://www.societequebecoisedebryologie.org/images/cartes/Sphagnum_orientale.jpg,15084
2014-11-29 00:00:00,2014-11-29 00:00:00,785,NBMUS6Z4X1,922,actif,aucun,http://www.societequebecoisedebryologie.org/images/cartes/Sphagnum_perfoliatum.jpg,17081
2014-11-29 00:00:00,2014-11-29 00:00:00,783,NBMUS6Z0T0,920,actif,aucun,http://www.societequebecoisedebryologie.org/images/cartes/Sphagnum_palustre.jpg,2145
2014-11-29 00:00:00,2014-11-29 00:00:00,784,NBMUS6Z0U0,921,actif,aucun,http://www.societequebecoisedebryologie.org/images/cartes/Sphagnum_papillosum.jpg,2146
2014-11-29 00:00:00,2014-11-29 00:00:00,786,NBMUS6Z0X0,923,actif,aucun,http://www.societequebecoisedebryologie.org/images/cartes/Sphagnum_platyphyllum.jpg,2147
2014-11-29 00:00:00,2014-11-29 00:00:00,788,NBMUS6Z100,925,actif,aucun,http://www.societequebecoisedebryologie.org/images/cartes/Sphagnum_pylaesii.jpg,2149
2025-06-19 00:00:00,2025-06-19 00:00:00,1062,,2186,actif,,,
2014-11-29 00:00:00,2014-11-29 00:00:00,790,NBMUS6Z130,927,actif,aucun,http://www.societequebecoisedebryologie.org/images/cartes/Sphagnum_riparium.jpg,2151
2014-11-29 00:00:00,2014-11-29 00:00:00,791,NBMUS6Z1Z0,928,actif,aucun,http://www.societequebecoisedebryologie.org/images/cartes/Sphagnum_rubellum.jpg,2172
2014-11-29 00:00:00,2014-11-29 00:00:00,792,NBMUS6Z2B0,929,actif,aucun,http://www.societequebecoisedebryologie.org/images/cartes/Sphagnum_rubiginosum.jpg,15053
2014-11-29 00:00:00,2014-11-29 00:00:00,793,NBMUS6Z140,930,actif,aucun,http://www.societequebecoisedebryologie.org/images/cartes/Sphagnum_russowii.jpg,2152
2014-11-29 00:00:00,2014-11-29 00:00:00,794,NBMUS6Z160,931,actif,aucun,http://www.societequebecoisedebryologie.org/images/cartes/Sphagnum_squarrosum.jpg,2154
2014-11-29 00:00:00,2014-11-29 00:00:00,795,NBMUS6Z340,932,actif,aucun,http://www.societequebecoisedebryologie.org/images/cartes/Sphagnum_steerei.jpg,6879
2014-11-29 00:00:00,2014-11-29 00:00:00,900,,1953,actif,aucun,,2155
2014-11-29 00:00:00,2014-11-29 00:00:00,796,NBMUS6Z240,933,actif,aucun,http://www.societequebecoisedebryologie.org/images/cartes/Sphagnum_subfulvum.jpg,2174
2014-11-29 00:00:00,2014-11-29 00:00:00,797,NBMUS6Z1A0,934,actif,aucun,http://www.societequebecoisedebryologie.org/images/cartes/Sphagnum_subsecundum.jpg,2157
2014-11-29 00:00:00,2014-11-29 00:00:00,798,NBMUS6Z1B0,3534,actif,aucun,http://www.societequebecoisedebryologie.org/images/cartes/Sphagnum_tenellum.jpg,2159
2014-11-29 00:00:00,2025-12-18 00:00:00,799,NBMUS6Z1C0,936,inactif,"La présence de l'espèce au Québec reste à démontrer. Selon certaines recherches en cours, l'espèce aurait une distribution trop méridionale pour inclure le Québec, où les spécimens ainsi nommés appartiendraient à Sphagnum capillifolium (IDtaxon 760).",http://www.societequebecoisedebryologie.org/images/cartes/Sphagnum_tenerum.jpg,2160
2014-11-29 00:00:00,2014-11-29 00:00:00,800,NBMUS6Z1D0,937,actif,aucun,http://www.societequebecoisedebryologie.org/images/cartes/Sphagnum_teres.jpg,2161
2014-11-29 00:00:00,2014-11-29 00:00:00,801,NBMUS6Z1E0,938,actif,aucun,http://www.societequebecoisedebryologie.org/images/cartes/Sphagnum_torreyanum.jpg,2162
2014-11-29 00:00:00,2014-11-29 00:00:00,802,NBMUS6Z440,939,actif,aucun,http://www.societequebecoisedebryologie.org/images/cartes/Sphagnum_tundrae.jpg,16559
2014-11-29 00:00:00,2014-11-29 00:00:00,803,NBMUS6Z460,940,actif,aucun,http://www.societequebecoisedebryologie.org/images/cartes/Sphagnum_venustum.jpg,16561
2014-11-29 00:00:00,2014-11-29 00:00:00,804,NBMUS6Z1F0,941,actif,aucun,http://www.societequebecoisedebryologie.org/images/cartes/Sphagnum_warnstorfii.jpg,2163
2014-11-29 00:00:00,2014-11-29 00:00:00,805,NBMUS6Z1G0,942,actif,aucun,http://www.societequebecoisedebryologie.org/images/cartes/Sphagnum_wulfianum.jpg,2164
2014-11-29 00:00:00,2014-11-29 00:00:00,10,NBHEP04060,1047,actif,aucun,http://www.societequebecoisedebryologie.org/images/cartes/Anastrophyllum_saxicola.jpg,1411
2014-11-29 00:00:00,2014-11-29 00:00:00,806,NBMUS71010,943,actif,aucun,http://www.societequebecoisedebryologie.org/images/cartes/Splachnum_ampullaceum.jpg,2177
2014-11-29 00:00:00,2014-11-29 00:00:00,807,NBMUS71020,944,actif,aucun,http://www.societequebecoisedebryologie.org/images/cartes/Splachnum_luteum.jpg,2178
2014-11-29 00:00:00,2014-11-29 00:00:00,808,NBMUS71030,945,actif,aucun,http://www.societequebecoisedebryologie.org/images/cartes/Splachnum_pensylvanicum.jpg,2179
2014-11-29 00:00:00,2014-11-29 00:00:00,809,NBMUS71040,946,actif,aucun,http://www.societequebecoisedebryologie.org/images/cartes/Splachnum_rubrum.jpg,2180
2014-11-29 00:00:00,2014-11-29 00:00:00,810,NBMUS71050,947,actif,aucun,http://www.societequebecoisedebryologie.org/images/cartes/Splachnum_sphaericum.jpg,2181
2014-11-29 00:00:00,2014-11-29 00:00:00,811,NBMUS71060,948,actif,aucun,http://www.societequebecoisedebryologie.org/images/cartes/Splachnum_vasculosum.jpg,2182
2014-11-29 00:00:00,2014-11-29 00:00:00,812,NBMUS72010,3030,actif,aucun,http://www.societequebecoisedebryologie.org/images/cartes/Stegonia_latifolia_latifolia.jpg,6880
2014-11-29 00:00:00,2014-11-29 00:00:00,295,NBMUS3V0F0,3243,actif,aucun,http://www.societequebecoisedebryologie.org/images/cartes/Breidleria_pratensis.jpg,1957
2025-06-19 00:00:00,2025-06-19 00:00:00,1032,,3025,actif,,,
2025-06-19 00:00:00,2025-06-19 00:00:00,1033,,3026,actif,,,
2025-06-19 00:00:00,2025-06-19 00:00:00,1037,,3044,actif,,,
2014-11-29 00:00:00,2014-11-29 00:00:00,271,NBMUS0Q060,3043,actif,aucun,http://www.societequebecoisedebryologie.org/images/cartes/Barbula_convoluta.jpg,1668
2025-06-19 00:00:00,2025-06-19 00:00:00,1038,,3051,actif,,,
2025-06-19 00:00:00,2025-06-19 00:00:00,1039,,3050,actif,,,
2014-11-29 00:00:00,2014-11-29 00:00:00,815,NBMUS7L0H0,953,actif,aucun,http://www.societequebecoisedebryologie.org/images/cartes/Syntrichia_norvegica.jpg,2218
2025-06-19 00:00:00,2025-06-19 00:00:00,1040,,3052,actif,,,
2014-11-29 00:00:00,2014-11-29 00:00:00,816,NBMUSA2030,955,actif,aucun,http://www.societequebecoisedebryologie.org/images/cartes/Syntrichia_ruralis.jpg,2219
2014-11-29 00:00:00,2014-11-29 00:00:00,97,NBHEP1M010,1854,actif,aucun,http://www.societequebecoisedebryologie.org/images/cartes/Jamesoniella_autumnalis.jpg,1494
2014-11-29 00:00:00,2014-11-29 00:00:00,817,NBMUS77020,957,actif,aucun,http://www.societequebecoisedebryologie.org/images/cartes/Taxiphyllum_deplanatum.jpg,2183
2014-11-29 00:00:00,2014-11-29 00:00:00,818,NBMUS79010,958,actif,aucun,http://www.societequebecoisedebryologie.org/images/cartes/Tayloria_acuminata.jpg,2184
2014-11-29 00:00:00,2014-11-29 00:00:00,819,NBMUS79040,959,actif,aucun,http://www.societequebecoisedebryologie.org/images/cartes/Tayloria_lingulata.jpg,2185
2014-11-29 00:00:00,2014-11-29 00:00:00,820,NBMUS79050,960,actif,aucun,http://www.societequebecoisedebryologie.org/images/cartes/Tayloria_serrata.jpg,2186
2014-11-29 00:00:00,2014-11-29 00:00:00,821,NBMUS79060,961,actif,aucun,http://www.societequebecoisedebryologie.org/images/cartes/Tayloria_splachnoides.jpg,2188
2014-11-29 00:00:00,2014-11-29 00:00:00,225,NBHEP0S030,260,actif,aucun,http://www.societequebecoisedebryologie.org/images/cartes/Tetralophozia_setiformis.jpg,1462
2014-11-29 00:00:00,2014-11-29 00:00:00,822,NBMUS7B010,962,actif,aucun,http://www.societequebecoisedebryologie.org/images/cartes/Tetraphis_geniculata.jpg,2190
2025-06-19 00:00:00,2025-06-19 00:00:00,1035,,3037,actif,,,
2014-11-29 00:00:00,2014-11-29 00:00:00,823,NBMUS7B020,963,actif,aucun,http://www.societequebecoisedebryologie.org/images/cartes/Tetraphis_pellucida.jpg,2191
2025-06-19 00:00:00,2025-06-19 00:00:00,1036,,3038,actif,,,
2014-11-29 00:00:00,2014-11-29 00:00:00,828,NBMUS7A010,969,actif,aucun,http://www.societequebecoisedebryologie.org/images/cartes/Tetrodontium_brownianum.jpg,2189
2014-11-29 00:00:00,2014-11-29 00:00:00,829,NBMUS7A030,970,actif,aucun,http://www.societequebecoisedebryologie.org/images/cartes/Tetrodontium_ovatum.jpg,17045
2014-11-29 00:00:00,2014-11-29 00:00:00,830,NBMUS7A020,971,actif,aucun,http://www.societequebecoisedebryologie.org/images/cartes/Tetrodontium_repandum.jpg,17046
2014-11-29 00:00:00,2014-11-29 00:00:00,832,NBMUS7E010,973,actif,aucun,http://www.societequebecoisedebryologie.org/images/cartes/Thelia_asprella.jpg,2198
2014-11-29 00:00:00,2014-11-29 00:00:00,833,NBMUS7E020,974,actif,aucun,http://www.societequebecoisedebryologie.org/images/cartes/Thelia_hirtella.jpg,2199
2014-11-29 00:00:00,2014-11-29 00:00:00,834,NBMUS7F0A0,975,actif,aucun,http://www.societequebecoisedebryologie.org/images/cartes/Thuidium_assimile.jpg,2202
2014-11-29 00:00:00,2014-11-29 00:00:00,835,NBMUS7F030,977,actif,aucun,http://www.societequebecoisedebryologie.org/images/cartes/Thuidium_delicatulum.jpg,2200
2014-11-29 00:00:00,2014-11-29 00:00:00,836,NBMUS7F070,978,actif,aucun,http://www.societequebecoisedebryologie.org/images/cartes/Thuidium_recognitum.jpg,2201
2014-11-29 00:00:00,2014-11-29 00:00:00,843,NBMUS7J020,986,actif,aucun,http://www.societequebecoisedebryologie.org/images/cartes/Tomentypnum_falcifolium.jpg,2210
2014-11-29 00:00:00,2014-11-29 00:00:00,844,NBMUS7J010,987,actif,aucun,http://www.societequebecoisedebryologie.org/images/cartes/Tomentypnum_nitens.jpg,2209
2014-11-29 00:00:00,2014-11-29 00:00:00,845,NBMUS7K010,988,actif,aucun,http://www.societequebecoisedebryologie.org/images/cartes/Tortella_arctica.jpg,2211
2014-11-29 00:00:00,2014-11-29 00:00:00,846,NBMUS7K030,989,actif,aucun,http://www.societequebecoisedebryologie.org/images/cartes/Tortella_fragilis.jpg,2212
2014-11-29 00:00:00,2014-11-29 00:00:00,847,NBMUS7K040,990,actif,aucun,http://www.societequebecoisedebryologie.org/images/cartes/Tortella_humilis.jpg,2213
2014-11-29 00:00:00,2014-11-29 00:00:00,848,NBMUS7K050,991,actif,aucun,http://www.societequebecoisedebryologie.org/images/cartes/Tortella_inclinata.jpg,2214
2014-11-29 00:00:00,2014-11-29 00:00:00,849,NBMUS7K060,2226,actif,aucun,http://www.societequebecoisedebryologie.org/images/cartes/Tortella_tortuosa.jpg,2215
2014-11-29 00:00:00,2014-11-29 00:00:00,596,NBMUS5B010,1286,actif,aucun,http://www.societequebecoisedebryologie.org/images/cartes/Phascum_cuspidatum.jpg,2021
2014-11-29 00:00:00,2014-11-29 00:00:00,850,NBMUS7L130,993,actif,aucun,http://www.societequebecoisedebryologie.org/images/cartes/Tortula_cernua.jpg,1783
2014-11-29 00:00:00,2014-11-29 00:00:00,851,NBMUS25070,995,actif,aucun,http://www.societequebecoisedebryologie.org/images/cartes/Tortula_hoppeana.jpg,1785
2014-11-29 00:00:00,2014-11-29 00:00:00,852,NBMUS25090,997,actif,aucun,http://www.societequebecoisedebryologie.org/images/cartes/Tortula_leucostoma.jpg,1787
2014-11-29 00:00:00,2014-11-29 00:00:00,853,NBMUS7L0F0,999,actif,aucun,http://www.societequebecoisedebryologie.org/images/cartes/Tortula_mucronifolia.jpg,2217
2014-11-29 00:00:00,2014-11-29 00:00:00,854,NBMUS5V060,1000,actif,aucun,http://www.societequebecoisedebryologie.org/images/cartes/Tortula_nevadensis.jpg,6865
2014-11-29 00:00:00,2014-11-29 00:00:00,856,NBMUS250E0,1003,actif,aucun,http://www.societequebecoisedebryologie.org/images/cartes/Tortula_systylia.jpg,1790
2014-11-29 00:00:00,2014-11-29 00:00:00,857,NBMUS5V090,1005,actif,aucun,http://www.societequebecoisedebryologie.org/images/cartes/Tortula_truncata.jpg,2080
2014-11-29 00:00:00,2014-11-29 00:00:00,858,NBMUS7M010,1007,actif,aucun,http://www.societequebecoisedebryologie.org/images/cartes/Trematodon_ambiguus.jpg,2220
2014-11-29 00:00:00,2014-11-29 00:00:00,226,NBHEP3B010,261,actif,aucun,http://www.societequebecoisedebryologie.org/images/cartes/Trichocolea_tomentella.jpg,1618
2014-11-29 00:00:00,2014-11-29 00:00:00,859,NBMUS7N020,1008,actif,aucun,http://www.societequebecoisedebryologie.org/images/cartes/Trichodon_cylindricus.jpg,2221
2014-11-29 00:00:00,2014-11-29 00:00:00,233,NBHEP3C053,268,actif,aucun,http://www.societequebecoisedebryologie.org/images/cartes/Tritomaria_quinquedentata_turgida.jpg,1624
2025-06-19 00:00:00,2025-06-19 00:00:00,1116,,3116,actif,,,
2014-11-29 00:00:00,2014-11-29 00:00:00,232,NBHEP3C050,267,actif,aucun,http://www.societequebecoisedebryologie.org/images/cartes/Tritomaria_quinquedentata_quinquedentata.jpg,1623
2014-11-29 00:00:00,2014-11-29 00:00:00,227,NBHEP3C010,262,actif,aucun,http://www.societequebecoisedebryologie.org/images/cartes/Tritomaria_exsecta.jpg,1619
2014-11-29 00:00:00,2014-11-29 00:00:00,228,NBHEP3C020,263,actif,aucun,http://www.societequebecoisedebryologie.org/images/cartes/Tritomaria_exsectiformis.jpg,1620
2014-11-29 00:00:00,2014-11-29 00:00:00,868,NBMUS88020,1017,actif,aucun,http://www.societequebecoisedebryologie.org/images/cartes/Warnstorfia_fluitans.jpg,2248
2014-11-29 00:00:00,2014-11-29 00:00:00,869,NBMUS88080,1019,actif,aucun,http://www.societequebecoisedebryologie.org/images/cartes/Warnstorfia_pseudostraminea.jpg,2251
2014-11-29 00:00:00,2014-11-29 00:00:00,870,NBMUS7X020,1021,actif,aucun,http://www.societequebecoisedebryologie.org/images/cartes/Weissia_controversa.jpg,2230
2014-11-29 00:00:00,2014-11-29 00:00:00,871,NBMUS0K020,1022,actif,aucun,http://www.societequebecoisedebryologie.org/images/cartes/Weissia_muhlenbergiana.jpg,1655
2014-11-29 00:00:00,2014-11-29 00:00:00,872,NBMUS0K030,1024,actif,aucun,http://www.societequebecoisedebryologie.org/images/cartes/Weissia_phascopsis.jpg,1656
2014-11-29 00:00:00,2014-11-29 00:00:00,873,NBMUS7Z052,1026,actif,aucun,http://www.societequebecoisedebryologie.org/images/cartes/Zygodon_rupestris.jpg,2232
2014-11-29 00:00:00,2014-11-29 00:00:00,874,NBMUS7Z050,1028,actif,aucun,http://www.societequebecoisedebryologie.org/images/cartes/Zygodon_viridissimus.jpg,2231
2014-11-29 00:00:00,2014-11-29 00:00:00,236,NBMUS01010,3036,actif,aucun,http://www.societequebecoisedebryologie.org/images/cartes/Acaulon_muticum_muticum.jpg,1626
2014-11-29 00:00:00,2014-11-29 00:00:00,243,NBMUS08010,3454,actif,aucun,http://www.societequebecoisedebryologie.org/images/cartes/Anacamptodon_splachnoides.jpg,1635
2014-11-29 00:00:00,2014-11-29 00:00:00,248,NBMUS0A070,3247,actif,aucun,http://www.societequebecoisedebryologie.org/images/cartes/Andreaea_obovata.jpg,1642
2014-11-29 00:00:00,2014-11-29 00:00:00,12,NBHEP05030,3248,actif,aucun,http://www.societequebecoisedebryologie.org/images/cartes/Aneura_maxima.jpg,17050
2014-11-29 00:00:00,2014-11-29 00:00:00,251,NBMUS80010,3455,actif,aucun,http://www.societequebecoisedebryologie.org/images/cartes/Anomobryum_julaceum.jpg,2233
2014-11-29 00:00:00,2014-11-29 00:00:00,493,NBMUS3A010,1632,actif,aucun,http://www.societequebecoisedebryologie.org/images/cartes/Haplohymenium_triste.jpg,1920
2025-06-19 00:00:00,2025-06-19 00:00:00,1057,,2119,actif,,,
2025-06-19 00:00:00,2025-06-19 00:00:00,1055,,2120,actif,,,
2025-06-19 00:00:00,2025-06-19 00:00:00,1056,,2121,actif,,,
2014-11-29 00:00:00,2014-11-29 00:00:00,532,NBMUS3V0E0,3249,actif,aucun,http://www.societequebecoisedebryologie.org/images/cartes/Hypnum_plicatulum.jpg,1956
2014-11-29 00:00:00,2014-11-29 00:00:00,540,NBMUS41030,3250,actif,aucun,http://www.societequebecoisedebryologie.org/images/cartes/Kiaeria_glacialis.jpg,1968
2014-11-29 00:00:00,2014-11-29 00:00:00,541,NBMUS41040,1282,actif,aucun,http://www.societequebecoisedebryologie.org/images/cartes/Kiaeria_starkei.jpg,1969
2014-11-29 00:00:00,2014-11-29 00:00:00,746,NBMUS6X020,3251,actif,aucun,http://www.societequebecoisedebryologie.org/images/cartes/Seligeria_campylopoda.jpg,2120
2014-11-29 00:00:00,2014-11-29 00:00:00,747,NBMUS6X0A0,3252,actif,aucun,http://www.societequebecoisedebryologie.org/images/cartes/Seligeria_diversifolia.jpg,2125
2014-11-29 00:00:00,2014-11-29 00:00:00,750,NBMUS6X060,3253,actif,aucun,http://www.societequebecoisedebryologie.org/images/cartes/Seligeria_recurvata.jpg,2123
2014-11-29 00:00:00,2014-11-29 00:00:00,290,NBMUS0Z0Q0,3254,actif,aucun,http://www.societequebecoisedebryologie.org/images/cartes/Brachythecium_rotaeanum.jpg,17107
2014-11-29 00:00:00,2014-11-29 00:00:00,316,NBMUS1A310,3464,actif,aucun,http://www.societequebecoisedebryologie.org/images/cartes/Bryum_elegans.jpg,17109
2014-11-29 00:00:00,2014-11-29 00:00:00,317,NBMUS1A390,367,actif,aucun,http://www.societequebecoisedebryologie.org/images/cartes/Bryum_gemmiferum.jpg,15070
2014-11-29 00:00:00,2014-11-29 00:00:00,321,NBMUS1A1X0,3255,actif,aucun,http://www.societequebecoisedebryologie.org/images/cartes/Bryum_laevifilum.jpg,17110
2014-11-29 00:00:00,2014-11-29 00:00:00,906,,3256,actif,aucun,,
2014-11-29 00:00:00,2014-11-29 00:00:00,338,NBMUS1A1E0,390,actif,aucun,http://www.societequebecoisedebryologie.org/images/cartes/Bryum_wrightii.jpg,1730
2014-11-29 00:00:00,2014-11-29 00:00:00,535,NBMUS3V0K0,3257,actif,aucun,http://www.societequebecoisedebryologie.org/images/cartes/Hypnum_vaucheri.jpg,1959
2014-11-29 00:00:00,2014-11-29 00:00:00,388,NBMUS280E0,3258,actif,aucun,http://www.societequebecoisedebryologie.org/images/cartes/Dicranella_varia.jpg,1806
2014-11-29 00:00:00,2014-11-29 00:00:00,529,NBMUS3V0B0,3259,actif,aucun,http://www.societequebecoisedebryologie.org/images/cartes/Hypnum_imponens.jpg,1952
2014-11-29 00:00:00,2014-11-29 00:00:00,522,NBMUS3V010,3261,actif,aucun,http://www.societequebecoisedebryologie.org/images/cartes/Hypnum_bambergeri.jpg,1945
2014-11-29 00:00:00,2014-11-29 00:00:00,349,NBMUS1J050,3262,actif,aucun,http://www.societequebecoisedebryologie.org/images/cartes/Campylophyllum_hispidulum.jpg,1755
2014-11-29 00:00:00,2014-11-29 00:00:00,350,NBMUSA4010,3263,actif,aucun,http://www.societequebecoisedebryologie.org/images/cartes/Campylophyllum_sommerfeltii.jpg,16552
2014-11-29 00:00:00,2014-11-29 00:00:00,512,NBMUS3S0F0,1967,actif,aucun,http://www.societequebecoisedebryologie.org/images/cartes/Hygrohypnum_montanum.jpg,1941
2014-11-29 00:00:00,2014-11-29 00:00:00,894,,1919,actif,aucun,,1459
2014-11-29 00:00:00,2014-11-29 00:00:00,55,NBHEP0Q0H5,3098,actif,aucun,http://www.societequebecoisedebryologie.org/images/cartes/Cephaloziella_rubella_sullivantii.jpg,17113
2014-11-29 00:00:00,2014-11-29 00:00:00,62,NBHEP0U021,3402,actif,aucun,http://www.societequebecoisedebryologie.org/images/cartes/Chiloscyphus_pallescens_fragilis.jpg,1464
2014-11-29 00:00:00,2014-11-29 00:00:00,63,NBHEP0U031,70,actif,aucun,http://www.societequebecoisedebryologie.org/images/cartes/Chiloscyphus_polyanthos_sensu_lato.jpg,1466
2014-11-29 00:00:00,2014-11-29 00:00:00,362,NBMUS1U010,420,actif,aucun,http://www.societequebecoisedebryologie.org/images/cartes/Conardia_compacta.jpg,1771
2014-11-29 00:00:00,2014-11-29 00:00:00,375,NBMUS26010,435,actif,aucun,http://www.societequebecoisedebryologie.org/images/cartes/Dichelyma_capillaceum.jpg,1791
2014-11-29 00:00:00,2014-11-29 00:00:00,381,NBMUS28020,3264,actif,aucun,http://www.societequebecoisedebryologie.org/images/cartes/Dicranella_crispa.jpg,1798
2014-11-29 00:00:00,2014-11-29 00:00:00,387,NBMUS280D0,3265,actif,aucun,http://www.societequebecoisedebryologie.org/images/cartes/Dicranella_subulata.jpg,1805
2014-11-29 00:00:00,2014-11-29 00:00:00,383,NBMUS28080,3268,actif,aucun,http://www.societequebecoisedebryologie.org/images/cartes/Dicranella_palustris.jpg,1801
2014-11-29 00:00:00,2014-11-29 00:00:00,665,NBMUS1F0A0,3081,actif,aucun,http://www.societequebecoisedebryologie.org/images/cartes/Pseudocalliergon_trifarium.jpg,1750
2014-11-29 00:00:00,2014-11-29 00:00:00,434,NBMUS2K010,3484,actif,aucun,http://www.societequebecoisedebryologie.org/images/cartes/Drummondia_prorepens.jpg,1862
2014-11-29 00:00:00,2014-11-29 00:00:00,480,NBMUS321E0,3271,actif,aucun,http://www.societequebecoisedebryologie.org/images/cartes/Grimmia_muehlenbeckii.jpg,6843
2014-11-29 00:00:00,2014-11-29 00:00:00,486,NBMUS32170,3272,actif,aucun,http://www.societequebecoisedebryologie.org/images/cartes/Grimmia_torquata.jpg,1912
2014-11-29 00:00:00,2014-11-29 00:00:00,487,NBMUS32180,3273,actif,aucun,http://www.societequebecoisedebryologie.org/images/cartes/Grimmia_trichophylla.jpg,1913
2014-11-29 00:00:00,2014-11-29 00:00:00,436,NBMUS2M012,504,actif,aucun,http://www.societequebecoisedebryologie.org/images/cartes/Encalypta_affinis_macounii.jpg,1864
2014-11-29 00:00:00,2014-11-29 00:00:00,76,NBHEP06010,3403,actif,aucun,http://www.societequebecoisedebryologie.org/images/cartes/Eremonotus_myriocarpus.jpg,16625
2014-11-29 00:00:00,2014-11-29 00:00:00,887,NBMUS2W0F0,3274,actif,aucun,,30008
2014-11-29 00:00:00,2014-11-29 00:00:00,426,NBMUS2G0B0,491,actif,aucun,http://www.societequebecoisedebryologie.org/images/cartes/Ditrichum_gracile.jpg,1852
2014-11-29 00:00:00,2014-11-29 00:00:00,903,,3275,actif,aucun,,30270
2014-11-29 00:00:00,2014-11-29 00:00:00,78,NBHEP190A0,3404,actif,aucun,http://www.societequebecoisedebryologie.org/images/cartes/Fossombronia_wondraczekii.jpg,1477
2025-12-18 00:00:00,2025-12-18 00:00:00,1119,NBHEP1A0U0,3276,actif,Aucune variété n'est reconnue; Frullania inflata var. communis est Frullania inflata selon la nomenclature mise à jour.,,
2014-11-29 00:00:00,2025-06-19 00:00:00,82,NBHEP1A0D1,95,inactif,Aucune variété n'est reconnue; Frullania inflata var. communis est Frullania inflata selon la nomenclature mise à jour.,http://www.societequebecoisedebryologie.org/images/cartes/Frullania_inflata_communis.jpg,15349
2025-06-19 00:00:00,2025-06-19 00:00:00,1044,,3065,actif,,,
2025-06-19 00:00:00,2025-06-19 00:00:00,1045,,3066,actif,,,
2014-11-29 00:00:00,2014-11-29 00:00:00,43,NBHEP0P030,1860,actif,aucun,http://www.societequebecoisedebryologie.org/images/cartes/Cephalozia_catenulata.jpg,1443
2025-06-19 00:00:00,2025-06-19 00:00:00,1046,,3067,actif,,,
2014-11-29 00:00:00,2014-11-29 00:00:00,44,NBHEP0P040,3068,actif,aucun,http://www.societequebecoisedebryologie.org/images/cartes/Cephalozia_connivens.jpg,1444
2025-06-19 00:00:00,2025-06-19 00:00:00,1047,,1861,actif,,,
2014-11-29 00:00:00,2014-11-29 00:00:00,416,NBMUS2C0B0,3277,actif,aucun,http://www.societequebecoisedebryologie.org/images/cartes/Didymodon_fallax.jpg,1839
2014-11-29 00:00:00,2014-11-29 00:00:00,417,NBMUS2C0B2,3278,actif,aucun,http://www.societequebecoisedebryologie.org/images/cartes/Didymodon_ferrugineus.jpg,1840
2014-11-29 00:00:00,2014-11-29 00:00:00,420,NBMUS2C070,3279,actif,aucun,http://www.societequebecoisedebryologie.org/images/cartes/Didymodon_tophaceus.jpg,1838
2014-11-29 00:00:00,2014-11-29 00:00:00,476,NBMUS320H0,3485,actif,aucun,http://www.societequebecoisedebryologie.org/images/cartes/Grimmia_funalis.jpg,1903
2014-11-29 00:00:00,2014-11-29 00:00:00,488,NBMUS32190,3487,actif,aucun,http://www.societequebecoisedebryologie.org/images/cartes/Grimmia_unicolor.jpg,1914
2014-11-29 00:00:00,2014-11-29 00:00:00,142,NBHEP22050,1154,actif,aucun,http://www.societequebecoisedebryologie.org/images/cartes/Marsupella_brevissima.jpg,1545
2014-11-29 00:00:00,2014-11-29 00:00:00,92,NBHEP1E050,107,actif,aucun,http://www.societequebecoisedebryologie.org/images/cartes/Gymnomitrion_obtusum.jpg,15058
2014-11-29 00:00:00,2014-11-29 00:00:00,16,NBHEP220B0,1905,actif,aucun,http://www.societequebecoisedebryologie.org/images/cartes/Apomarsupella_revoluta.jpg,1548
2014-11-29 00:00:00,2014-11-29 00:00:00,496,NBMUS3C012,3096,actif,aucun,http://www.societequebecoisedebryologie.org/images/cartes/Helodium_blandowii_helodioides.jpg,15258
2014-11-29 00:00:00,2014-11-29 00:00:00,501,NBMUS3F010,3281,actif,aucun,http://www.societequebecoisedebryologie.org/images/cartes/Heterocladium_dimorphum.jpg,1926
2014-11-29 00:00:00,2014-11-29 00:00:00,514,NBMUS3S0B0,3284,actif,aucun,http://www.societequebecoisedebryologie.org/images/cartes/Hygrohypnum_polare.jpg,1938
2014-11-29 00:00:00,2014-11-29 00:00:00,490,NBMUS35030,3047,actif,aucun,http://www.societequebecoisedebryologie.org/images/cartes/Gymnostomum_boreale.jpg,15051
2014-11-29 00:00:00,2014-11-29 00:00:00,521,NBMUS3V110,600,actif,aucun,http://www.societequebecoisedebryologie.org/images/cartes/Hypnum_andoi.jpg,17118
2014-11-29 00:00:00,2014-11-29 00:00:00,526,NBMUS3V053,3285,actif,aucun,http://www.societequebecoisedebryologie.org/images/cartes/Hypnum_cupressiforme_resupinatum.jpg,17119
2014-11-29 00:00:00,2014-11-29 00:00:00,537,NBMUS3X020,3286,actif,aucun,http://www.societequebecoisedebryologie.org/images/cartes/Isopterygiopsis_pulchella.jpg,1963
2014-11-29 00:00:00,2014-11-29 00:00:00,102,NBHEP1P061,3288,actif,aucun,http://www.societequebecoisedebryologie.org/images/cartes/Jungermannia_exsertifolia_cordifolia.jpg,15086
2014-11-29 00:00:00,2014-11-29 00:00:00,909,,3290,actif,aucun,,
2014-11-29 00:00:00,2014-11-29 00:00:00,668,NBMUS5Z050,1781,actif,aucun,http://www.societequebecoisedebryologie.org/images/cartes/Pseudoleskea_patens.jpg,2081
2014-11-29 00:00:00,2014-11-29 00:00:00,669,NBMUS5Z081,3070,actif,aucun,http://www.societequebecoisedebryologie.org/images/cartes/Pseudoleskea_radicosa_compacta.jpg,2083
2014-11-29 00:00:00,2014-11-29 00:00:00,670,NBMUS5Z080,3071,actif,aucun,http://www.societequebecoisedebryologie.org/images/cartes/Pseudoleskea_radicosa_radicosa.jpg,2082
2014-11-29 00:00:00,2014-11-29 00:00:00,124,NBHEP1Y0A0,3073,actif,aucun,http://www.societequebecoisedebryologie.org/images/cartes/Lophozia_excisa.jpg,1522
2014-11-29 00:00:00,2014-11-29 00:00:00,910,,3291,actif,aucun,,1529
2014-11-29 00:00:00,2014-11-29 00:00:00,126,NBHEP1Y0M0,1911,actif,aucun,http://www.societequebecoisedebryologie.org/images/cartes/Lophozia_longidens.jpg,1531
2014-11-29 00:00:00,2014-11-29 00:00:00,880,NBHEP1Z011,1849,actif,aucun,http://www.societequebecoisedebryologie.org/images/cartes/Lunularia_ cruciata.jpg,17124
2014-11-29 00:00:00,2014-11-29 00:00:00,18,NBHEP0C040,1906,actif,aucun,http://www.societequebecoisedebryologie.org/images/cartes/Asterella_gracilis.jpg,1416
2014-11-29 00:00:00,2014-11-29 00:00:00,137,NBHEP21010,3405,actif,aucun,http://www.societequebecoisedebryologie.org/images/cartes/Marchantia_polymorpha_montivagans.jpg,15063
2014-11-29 00:00:00,2014-11-29 00:00:00,139,NBHEP21050,3406,actif,aucun,http://www.societequebecoisedebryologie.org/images/cartes/Marchantia_polymorpha_ruderalis.jpg,1543
2014-11-29 00:00:00,2014-11-29 00:00:00,173,NBHEP2S010,1940,actif,aucun,http://www.societequebecoisedebryologie.org/images/cartes/Preissia_quadrata_quadrata.jpg,1577
2014-11-29 00:00:00,2014-11-29 00:00:00,143,NBHEP22070,169,actif,aucun,http://www.societequebecoisedebryologie.org/images/cartes/Marsupella_condensata.jpg,1546
2014-11-29 00:00:00,2014-11-29 00:00:00,113,NBHEP1Y050,3293,actif,aucun,http://www.societequebecoisedebryologie.org/images/cartes/Leiocolea_bantriensis.jpg,1519
2014-11-29 00:00:00,2014-11-29 00:00:00,115,NBHEP1Y0F2,1892,actif,aucun,http://www.societequebecoisedebryologie.org/images/cartes/Leiocolea_heterocolpos_harpanthoides.jpg,17123
2014-11-29 00:00:00,2014-11-29 00:00:00,116,NBHEP1Y0F0,1891,actif,aucun,http://www.societequebecoisedebryologie.org/images/cartes/Leiocolea_heterocolpos_heterocolpos.jpg,1527
2014-11-29 00:00:00,2014-11-29 00:00:00,17,NBHEP0A010,3294,actif,aucun,http://www.societequebecoisedebryologie.org/images/cartes/Arnellia_fennica.jpg,17094
2014-11-29 00:00:00,2014-11-29 00:00:00,562,NBMUS4S0G0,649,actif,aucun,http://www.societequebecoisedebryologie.org/images/cartes/Mnium_marginatum.jpg,1988
2014-11-29 00:00:00,2014-11-29 00:00:00,151,NBHEP28010,178,actif,aucun,http://www.societequebecoisedebryologie.org/images/cartes/Moerckia_blyttii?.jpg,17125
2014-11-29 00:00:00,2014-11-29 00:00:00,158,NBHEP2D010,3407,actif,aucun,http://www.societequebecoisedebryologie.org/images/cartes/Odontoschisma_denudatum.jpg,1564
2014-11-29 00:00:00,2014-11-29 00:00:00,6,NBHEP0E050,1871,actif,aucun,http://www.societequebecoisedebryologie.org/images/cartes/Anastrophyllum_cavifolium.jpg,1423
2014-11-29 00:00:00,2014-11-29 00:00:00,593,NBMUS5A020,3503,actif,aucun,http://www.societequebecoisedebryologie.org/images/cartes/Paraleucobryum_longifolium.jpg,2020
2014-11-29 00:00:00,2014-11-29 00:00:00,601,NBMUS5D020,3301,actif,aucun,http://www.societequebecoisedebryologie.org/images/cartes/Physcomitrella_patens.jpg,2029
2014-11-29 00:00:00,2014-11-29 00:00:00,258,NBMUS0F010,3302,actif,aucun,http://www.societequebecoisedebryologie.org/images/cartes/Aphanorrhegma_serratum.jpg,1650
2014-11-29 00:00:00,2014-11-29 00:00:00,607,NBMUS81091,704,actif,aucun,http://www.societequebecoisedebryologie.org/images/cartes/Plagiomnium_curvatulum.jpg,2240
2014-11-29 00:00:00,2014-11-29 00:00:00,506,NBMUS3S010,3304,actif,aucun,http://www.societequebecoisedebryologie.org/images/cartes/Hygrohypnum_alpestre.jpg,1932
2014-11-29 00:00:00,2014-11-29 00:00:00,508,NBMUS3S040,3305,actif,aucun,http://www.societequebecoisedebryologie.org/images/cartes/Hygrohypnum_cochleariifolium.jpg,1934
2014-11-29 00:00:00,2014-11-29 00:00:00,509,NBMUS3S0H0,3306,actif,aucun,http://www.societequebecoisedebryologie.org/images/cartes/Hygrohypnum_duriusculum.jpg,1942
2014-11-29 00:00:00,2014-11-29 00:00:00,515,NBMUS3S0C0,3307,actif,aucun,http://www.societequebecoisedebryologie.org/images/cartes/Hygrohypnum_smithii.jpg,1939
2014-11-29 00:00:00,2014-11-29 00:00:00,637,NBMUS5S0B2,3009,actif,aucun,http://www.societequebecoisedebryologie.org/images/cartes/Pohlia_elongata_greenii.jpg,2057
2014-11-29 00:00:00,2014-11-29 00:00:00,648,NBMUS9S012,2131,actif,aucun,http://www.societequebecoisedebryologie.org/images/cartes/Polytrichastrum_alpinum_fragile.jpg,2289
2014-11-29 00:00:00,2014-11-29 00:00:00,649,NBMUS9S013,2135,actif,aucun,http://www.societequebecoisedebryologie.org/images/cartes/Polytrichastrum_alpinum_septentrionale.jpg,15075
2014-11-29 00:00:00,2014-11-29 00:00:00,650,NBMUS5T020,2150,actif,aucun,http://www.societequebecoisedebryologie.org/images/cartes/Polytrichastrum_formosum_densifolium.jpg,2070
2014-11-29 00:00:00,2014-11-29 00:00:00,622,NBMUS5K040,3309,actif,aucun,http://www.societequebecoisedebryologie.org/images/cartes/Platydictya_subtilis.jpg,2043
2014-11-29 00:00:00,2014-11-29 00:00:00,510,NBMUS3S050,2222,actif,aucun,http://www.societequebecoisedebryologie.org/images/cartes/Hygrohypnum_eugyrium.jpg,1935
2014-11-29 00:00:00,2014-11-29 00:00:00,528,NBMUS3V080,2223,actif,aucun,http://www.societequebecoisedebryologie.org/images/cartes/Hypnum_fauriei.jpg,17120
2014-11-29 00:00:00,2014-11-29 00:00:00,516,NBMUS3S0D0,3310,actif,aucun,http://www.societequebecoisedebryologie.org/images/cartes/Hygrohypnum_subeugyrium.jpg,1940
2014-11-29 00:00:00,2014-11-29 00:00:00,675,NBMUS82010,3028,actif,aucun,http://www.societequebecoisedebryologie.org/images/cartes/Pseudotaxiphyllum_distichaceum.jpg,2241
2014-11-29 00:00:00,2014-11-29 00:00:00,386,NBMUS280L0,3314,actif,aucun,http://www.societequebecoisedebryologie.org/images/cartes/Dicranella_staphylina.jpg,15073
2014-11-29 00:00:00,2014-11-29 00:00:00,706,NBMUS6G010,3519,actif,aucun,http://www.societequebecoisedebryologie.org/images/cartes/Rhynchostegium_aquaticum.jpg,17130
2014-11-29 00:00:00,2014-11-29 00:00:00,707,NBMUS9V010,3520,actif,aucun,http://www.societequebecoisedebryologie.org/images/cartes/Rhynchostegium_serrulatum.jpg,2292
2014-11-29 00:00:00,2014-11-29 00:00:00,711,NBMUS6L010,3521,actif,aucun,http://www.societequebecoisedebryologie.org/images/cartes/Rhytidium_rugosum.jpg,2114
2014-11-29 00:00:00,2014-11-29 00:00:00,907,,3315,actif,aucun,,30271
2014-11-29 00:00:00,2014-11-29 00:00:00,384,NBMUS28090,3319,actif,aucun,http://www.societequebecoisedebryologie.org/images/cartes/Dicranella_rufescens.jpg,1802
2014-11-29 00:00:00,2014-11-29 00:00:00,195,NBHEP33070,224,actif,aucun,http://www.societequebecoisedebryologie.org/images/cartes/Scapania_carinthiaca.jpg,1594
2014-11-29 00:00:00,2014-11-29 00:00:00,201,NBHEP330F0,3408,actif,aucun,http://www.societequebecoisedebryologie.org/images/cartes/Scapania_hyperborea.jpg,1601
2014-11-29 00:00:00,2014-11-29 00:00:00,210,NBHEP330S3,240,actif,aucun,http://www.societequebecoisedebryologie.org/images/cartes/Scapania_paludicola_viridigemma.jpg,1609
2014-11-29 00:00:00,2014-11-29 00:00:00,731,NBMUS95070,3523,actif,aucun,http://www.societequebecoisedebryologie.org/images/cartes/Schistidium_maritimum.jpg,2265
2014-11-29 00:00:00,2014-11-29 00:00:00,485,NBMUS32160,3322,actif,aucun,http://www.societequebecoisedebryologie.org/images/cartes/Grimmia_teretinervis.jpg,1911
2014-11-29 00:00:00,2014-11-29 00:00:00,740,NBMUS6R010,874,actif,aucun,http://www.societequebecoisedebryologie.org/images/cartes/Schwetschkeopsis_fabronia.jpg,2117
2014-11-29 00:00:00,2014-11-29 00:00:00,100,NBHEP1P030,1909,actif,aucun,http://www.societequebecoisedebryologie.org/images/cartes/Jungermannia_confertissima.jpg,1497
2014-11-29 00:00:00,2014-11-29 00:00:00,106,NBHEP1P0C0,1119,actif,aucun,http://www.societequebecoisedebryologie.org/images/cartes/Jungermannia_obovata.jpg,1504
2014-11-29 00:00:00,2014-11-29 00:00:00,109,NBHEP1P0H0,1127,actif,aucun,http://www.societequebecoisedebryologie.org/images/cartes/Jungermannia_sphaerocarpa.jpg,1507
2014-11-29 00:00:00,2014-11-29 00:00:00,754,NBMUS6Z1V0,2181,actif,aucun,http://www.societequebecoisedebryologie.org/images/cartes/Sphagnum_angustifolium.jpg,2168
2014-11-29 00:00:00,2014-11-29 00:00:00,787,NBMUS6Z0Z0,3532,actif,aucun,http://www.societequebecoisedebryologie.org/images/cartes/Sphagnum_pulchrum.jpg,2148
2014-11-29 00:00:00,2014-11-29 00:00:00,789,NBMUS6Z110,3533,actif,aucun,http://www.societequebecoisedebryologie.org/images/cartes/Sphagnum_quinquefarium.jpg,2150
2014-11-29 00:00:00,2014-11-29 00:00:00,9,NBHEP04050,1046,actif,aucun,http://www.societequebecoisedebryologie.org/images/cartes/Anastrophyllum_minutum.jpg,1410
2025-06-19 00:00:00,2025-06-19 00:00:00,1034,,3031,actif,,,
2014-11-29 00:00:00,2014-11-29 00:00:00,813,NBMUS72020,3032,actif,aucun,http://www.societequebecoisedebryologie.org/images/cartes/Stegonia_latifolia_pilifera.jpg,17137
2014-11-29 00:00:00,2014-11-29 00:00:00,523,NBMUS3V030,3324,actif,aucun,http://www.societequebecoisedebryologie.org/images/cartes/Hypnum_callichroum.jpg,1946
2014-11-29 00:00:00,2014-11-29 00:00:00,831,NBMUS7D010,3325,actif,aucun,http://www.societequebecoisedebryologie.org/images/cartes/Thamnobryum_alleghaniense.jpg,2197
2014-11-29 00:00:00,2014-11-29 00:00:00,860,NBMUS7Q060,3326,actif,aucun,http://www.societequebecoisedebryologie.org/images/cartes/Trichostomum_arcticum.jpg,2222
2014-11-29 00:00:00,2014-11-29 00:00:00,890,NBMUS25080,1898,actif,aucun,,30004
2014-11-29 00:00:00,2014-11-29 00:00:00,855,NBMUS250C0,3540,actif,aucun,http://www.societequebecoisedebryologie.org/images/cartes/Tortula_porteri.jpg,1789
2014-11-29 00:00:00,2014-11-29 00:00:00,224,NBHEP1Y0L0,1945,actif,aucun,http://www.societequebecoisedebryologie.org/images/cartes/Schistochilopsis_laxa.jpg,1530
2014-11-29 00:00:00,2014-11-29 00:00:00,234,NBHEP3C060,3409,actif,aucun,http://www.societequebecoisedebryologie.org/images/cartes/Tritomaria_scitula.jpg,1625
2014-11-29 00:00:00,2014-11-29 00:00:00,824,NBMUS7C010,3327,actif,aucun,http://www.societequebecoisedebryologie.org/images/cartes/Tetraplodon_angustatus.jpg,2192
2014-11-29 00:00:00,2014-11-29 00:00:00,825,NBMUS7C020,3328,actif,aucun,http://www.societequebecoisedebryologie.org/images/cartes/Tetraplodon_mnioides.jpg,2193
2014-11-29 00:00:00,2014-11-29 00:00:00,826,NBMUS7C050,3329,actif,aucun,http://www.societequebecoisedebryologie.org/images/cartes/Tetraplodon_pallidus.jpg,2196
2014-11-29 00:00:00,2014-11-29 00:00:00,827,NBMUS7C040,3330,actif,aucun,http://www.societequebecoisedebryologie.org/images/cartes/Tetraplodon_urceolatus.jpg,2195
2014-11-29 00:00:00,2014-11-29 00:00:00,552,NBMUS86020,3331,actif,aucun,http://www.societequebecoisedebryologie.org/images/cartes/Loeskypnum_badium.jpg,2245
2014-11-29 00:00:00,2014-11-29 00:00:00,716,NBMUS85010,3564,actif,aucun,http://www.societequebecoisedebryologie.org/images/cartes/Sarmentypnum_sarmentosum.jpg,2243
2014-11-29 00:00:00,2014-11-29 00:00:00,814,NBMUS1F080,3022,actif,aucun,http://www.societequebecoisedebryologie.org/images/cartes/Straminergon_stramineum.jpg,1749
2014-11-29 00:00:00,2014-11-29 00:00:00,553,NBMUS86010,3333,actif,aucun,http://www.societequebecoisedebryologie.org/images/cartes/Loeskypnum_wickesiae.jpg,2244
2025-12-18 00:00:00,2025-12-18 00:00:00,1117,,3004,actif,Aucune variété n'est reconnue; le taxon Bryum longisetum inclut B. longisetum var. longisetum et B. longisetum var. labradorense.,http://www.societequebecoisedebryologie.org/images/cartes/Bryum_longisetum_longisetum.jpg,1715
